subject,base,duration_s,pre_com_x_mean_m,pre_com_y_mean_m,pre_com_z_mean_m,pre_com_ml_range_cm,pre_com_ap_range_cm,pre_com_z_range_cm,pre_com_ml_rms_cm,pre_com_ap_rms_cm,pre_com_path_length_cm,post_com_x_mean_m,post_com_y_mean_m,post_com_z_mean_m,post_com_ml_range_cm,post_com_ap_range_cm,post_com_z_range_cm,post_com_ml_rms_cm,post_com_ap_rms_cm,post_com_path_length_cm,pre_hip_right_flx_mean_deg,pre_hip_right_flx_rom_deg,pre_hip_right_abd_mean_deg,pre_hip_right_abd_rom_deg,pre_hip_right_rot_mean_deg,pre_hip_right_rot_rom_deg,pre_hip_left_flx_mean_deg,pre_hip_left_flx_rom_deg,pre_hip_left_abd_mean_deg,pre_hip_left_abd_rom_deg,pre_hip_left_rot_mean_deg,pre_hip_left_rot_rom_deg,pre_knee_right_flx_mean_deg,pre_knee_right_flx_rom_deg,pre_knee_right_abd_mean_deg,pre_knee_right_abd_rom_deg,pre_knee_right_rot_mean_deg,pre_knee_right_rot_rom_deg,pre_knee_left_flx_mean_deg,pre_knee_left_flx_rom_deg,pre_knee_left_abd_mean_deg,pre_knee_left_abd_rom_deg,pre_knee_left_rot_mean_deg,pre_knee_left_rot_rom_deg,pre_ankle_right_flx_mean_deg,pre_ankle_right_flx_rom_deg,pre_ankle_right_abd_mean_deg,pre_ankle_right_abd_rom_deg,pre_ankle_right_rot_mean_deg,pre_ankle_right_rot_rom_deg,pre_ankle_left_flx_mean_deg,pre_ankle_left_flx_rom_deg,pre_ankle_left_abd_mean_deg,pre_ankle_left_abd_rom_deg,pre_ankle_left_rot_mean_deg,pre_ankle_left_rot_rom_deg,pre_shoulder_right_flx_mean_deg,pre_shoulder_right_flx_rom_deg,pre_shoulder_right_abd_mean_deg,pre_shoulder_right_abd_rom_deg,pre_shoulder_right_rot_mean_deg,pre_shoulder_right_rot_rom_deg,pre_shoulder_left_flx_mean_deg,pre_shoulder_left_flx_rom_deg,pre_shoulder_left_abd_mean_deg,pre_shoulder_left_abd_rom_deg,pre_shoulder_left_rot_mean_deg,pre_shoulder_left_rot_rom_deg,pre_elbow_right_flx_mean_deg,pre_elbow_right_flx_rom_deg,pre_elbow_right_abd_mean_deg,pre_elbow_right_abd_rom_deg,pre_elbow_right_rot_mean_deg,pre_elbow_right_rot_rom_deg,pre_elbow_left_flx_mean_deg,pre_elbow_left_flx_rom_deg,pre_elbow_left_abd_mean_deg,pre_elbow_left_abd_rom_deg,pre_elbow_left_rot_mean_deg,pre_elbow_left_rot_rom_deg,pre_pelvis_world_flx_mean_deg,pre_pelvis_world_flx_rom_deg,pre_pelvis_world_abd_mean_deg,pre_pelvis_world_abd_rom_deg,pre_pelvis_world_rot_mean_deg,pre_pelvis_world_rot_rom_deg,pre_trunk_flx_mean_deg,pre_trunk_flx_rom_deg,pre_trunk_abd_mean_deg,pre_trunk_abd_rom_deg,pre_trunk_rot_mean_deg,pre_trunk_rot_rom_deg,post_hip_right_flx_mean_deg,post_hip_right_flx_rom_deg,post_hip_right_abd_mean_deg,post_hip_right_abd_rom_deg,post_hip_right_rot_mean_deg,post_hip_right_rot_rom_deg,post_hip_left_flx_mean_deg,post_hip_left_flx_rom_deg,post_hip_left_abd_mean_deg,post_hip_left_abd_rom_deg,post_hip_left_rot_mean_deg,post_hip_left_rot_rom_deg,post_knee_right_flx_mean_deg,post_knee_right_flx_rom_deg,post_knee_right_abd_mean_deg,post_knee_right_abd_rom_deg,post_knee_right_rot_mean_deg,post_knee_right_rot_rom_deg,post_knee_left_flx_mean_deg,post_knee_left_flx_rom_deg,post_knee_left_abd_mean_deg,post_knee_left_abd_rom_deg,post_knee_left_rot_mean_deg,post_knee_left_rot_rom_deg,post_ankle_right_flx_mean_deg,post_ankle_right_flx_rom_deg,post_ankle_right_abd_mean_deg,post_ankle_right_abd_rom_deg,post_ankle_right_rot_mean_deg,post_ankle_right_rot_rom_deg,post_ankle_left_flx_mean_deg,post_ankle_left_flx_rom_deg,post_ankle_left_abd_mean_deg,post_ankle_left_abd_rom_deg,post_ankle_left_rot_mean_deg,post_ankle_left_rot_rom_deg,post_shoulder_right_flx_mean_deg,post_shoulder_right_flx_rom_deg,post_shoulder_right_abd_mean_deg,post_shoulder_right_abd_rom_deg,post_shoulder_right_rot_mean_deg,post_shoulder_right_rot_rom_deg,post_shoulder_left_flx_mean_deg,post_shoulder_left_flx_rom_deg,post_shoulder_left_abd_mean_deg,post_shoulder_left_abd_rom_deg,post_shoulder_left_rot_mean_deg,post_shoulder_left_rot_rom_deg,post_elbow_right_flx_mean_deg,post_elbow_right_flx_rom_deg,post_elbow_right_abd_mean_deg,post_elbow_right_abd_rom_deg,post_elbow_right_rot_mean_deg,post_elbow_right_rot_rom_deg,post_elbow_left_flx_mean_deg,post_elbow_left_flx_rom_deg,post_elbow_left_abd_mean_deg,post_elbow_left_abd_rom_deg,post_elbow_left_rot_mean_deg,post_elbow_left_rot_rom_deg,post_pelvis_world_flx_mean_deg,post_pelvis_world_flx_rom_deg,post_pelvis_world_abd_mean_deg,post_pelvis_world_abd_rom_deg,post_pelvis_world_rot_mean_deg,post_pelvis_world_rot_rom_deg,post_trunk_flx_mean_deg,post_trunk_flx_rom_deg,post_trunk_abd_mean_deg,post_trunk_abd_rom_deg,post_trunk_rot_mean_deg,post_trunk_rot_rom_deg,v3d_com_offset_norm_mm,bos_width_ml_cm,bos_depth_ap_cm,bos_area_cm2,bos_centroid_x,bos_centroid_y,strike_peak_speed_mps,strike_peak_time_s,strike_onset_time_s,strike_return_time_s
ID003,KIB,8.994444444444444,0.40835506170320296,0.5719980332241978,0.6142585937179313,0.3084565830572694,0.19614288085589848,0.27477920126580013,0.08945635037322011,0.05081782593950658,1.7990692707474962,0.4067480593662312,0.5821321326209405,0.6077008950111059,0.7336594797563334,0.28466352566027364,0.755491762677285,0.2322072912875794,0.07669940699959707,2.9264394638851963,12.812960453481816,3.121632904153353,65.35842168120499,1.3014810444547096,-52.1175473232792,2.829440513653142,16.27628469932093,2.3116945945684004,53.59300229423782,1.5593504590982732,53.017032239287786,1.8755308305538576,50.95761783156022,6.680144466967656,-76.37387794567371,1.7622889967815838,52.967911741252635,6.205947323218791,-59.94944847094557,3.7644790915249913,-65.93760322579378,2.774563739664605,-68.07744762666928,3.218213981844819,-6.6171973207912655,1.9951328060599707,13.205806026589133,1.341578074771378,12.698026812689791,1.5891301484505096,13.002465504717378,3.1779492259020006,21.547057780409055,1.2516730667224145,-12.628047028740198,1.7867151415079117,-24.418396518731104,1.5802551375174054,-22.387685257541918,1.516798740276122,31.756112276463107,2.406411157098271,57.763438542031864,1.721732706483614,51.24965528945146,1.297005061433738,32.427595403821826,3.456593468390205,11.199813126224626,359.9999749808733,64.08646853442185,1.2080597992826625,-84.52407112563967,11.218852150140219,-5.389614334503734e-05,0.010157596375813057,25.551005282382008,1.0909657296142918,-114.08798835373129,8.138557427896501,-103.81879356217503,0.9167783959012468,-9.507099464865256,0.7628695066341447,-0.16822245361170413,0.48616424779057005,-16.608600664857285,0.8420898173777548,12.156167364414852,0.915934918372806,2.7776001866698783,0.6166619952764506,-7.968719529498577,4.133868436745364,58.47631942599746,2.3585539585725854,-55.85964086881309,3.5391833912552797,-10.983551764479259,4.83714043059661,69.21869920440717,2.4403291788847925,54.93326487827834,4.739476467261532,62.35742027372855,6.721092996114081,-69.92241160868502,2.801203631014576,70.60716542129123,6.432094155068748,-68.70643089424159,10.072019636185924,-76.82445114047462,2.0431059385881127,-70.42134889483417,9.770678163830057,-13.3986552504613,2.8291887708711236,16.38293147380685,1.6064696559110003,11.468348531515534,2.697832498578483,6.6939712368948765,2.7829588045732834,17.47273680395975,1.7600866244589397,-14.05197111940484,1.7253516599629577,-59.598595753739595,3.6426358320100873,63.25644904899967,1.6684265186784628,-33.09084210844394,5.5234090731898124,36.01891031121318,1.9801097695328054,-26.680103542992555,3.2898215653467147,-42.98540976777791,2.4906113383698725,-1.0999564087959554e-05,0.012968904780812229,15.744212572145969,2.6899777180610656,148.48996840620893,9.396728225690463,19.066227457971944,359.9999736580964,69.12314288773915,1.2609702967089191,80.95636575901166,16.692752110812183,-76.92218448273556,1.6524611269683163,-11.35344756893534,1.2025525890374555,1.1005361331009145,0.7092688825986536,17.0483937107928,2.064086249633452,12.828838860046506,1.4227468334950697,-1.8705980543223082,0.9607538302689095,19.05054531492971,10.62664888888889,98.02190888888887,1041.0124264580309,0.3637834611111111,0.5808060185185184,6.947764989716506,4.1066666666666665,3.977777777777778,4.194444444444445
ID003,KOK,8.994444444444444,0.40601617359618897,0.5264411244747114,0.7164764181793438,0.47252400834681296,0.3573378555310036,0.20660617693306849,0.1429280637158432,0.10997254194320596,1.871811861509821,0.4025766331005216,0.5300381540306179,0.7159112749649494,0.625537907372945,0.4139299152365816,0.287961576372775,0.16646825142977775,0.11264312917998727,2.992995537157631,6.294965612380645,1.5909776490687446,34.9720982014484,1.6258309842179473,1.1011243000900173,1.3602075014522463,19.256475562029685,3.2723701779357675,66.86111369781005,1.547012730215806,8.514433180032494,3.4896207196461413,-42.17280150717163,3.481345860413917,-58.80471076601343,1.6015360868878203,-37.34480595555995,3.070470523313864,-3.38272293177286,5.4014907829541405,-66.64754183430493,1.184846070358148,-13.398061999217514,5.1577644743356705,1.7244786914784236,2.0942334390785877,35.074246945644376,1.0436345706762282,9.544814203732262,1.555567326440568,0.5147850142186062,2.2682641603182523,-14.407057119824618,1.0373681180913579,-3.5709785563960934,1.5780358721279353,-20.528963873979368,0.9749303150354749,-22.182382276518627,1.193701237677626,25.31702788675735,1.3476682133320956,50.29656878972043,1.449361166263182,41.01655045250512,1.2007881532040101,35.61540061793632,2.4141511242894667,12.599489026506001,359.99996099418087,64.49329220614803,0.9044208518017143,-95.06967161843713,10.154587464519498,0.00019092365821660754,0.007819900742745859,34.844970879226814,1.2519041757903282,-100.11483144882675,4.806913033352544,-24.935031697941508,1.0090384165426982,-10.68719417922189,1.2209978066819658,4.359072423298212,0.8194941061172859,-9.554275784291283,0.848911760622137,16.748398993463308,1.3005198622491652,-1.2737492975959401,0.8243463527813372,-10.344216740179721,1.878893685352517,29.86608445366261,1.1032763021585013,7.291758112803268,1.6813879690225881,-7.460581987506193,4.029669936627764,71.0742302420072,1.0349731505622373,11.916296535936013,4.036146241023424,-40.32872532628892,4.273573563612028,-60.31879009197411,1.8805082954044792,-29.256432615946927,3.991013430758277,2.958096641900377,5.968086072425773,-66.02060732969503,1.0595741015198628,-2.5703620906190534,5.666956797982493,-11.998935744793531,2.6186531813545484,37.177787159084104,1.3069415477616573,9.997619294415312,1.9603944169396896,-3.6599320311197907,2.760133373156352,-20.635455750978746,1.936504999245289,-6.358309801467433,1.6039579269279596,-50.72354008222942,3.5559204794415438,65.63515369737699,1.9918813983622699,-26.253149713684195,5.813723592181625,33.80279490593171,1.6538312288985182,-31.22853810207307,2.096076424003164,-39.40320939756594,2.2671033598335,-0.00021523413761258018,0.012353151749299969,14.552760875143216,2.1891995506823005,147.30044815693844,9.546600053868962,12.53277155909686,359.9999906109532,69.06120386804979,1.4696844720840745,77.64038960639286,13.357799584763011,4.812302131608471,1.5469298833943512,-8.259611714968319,0.8578275416321324,1.3407815577689193,0.6498934074855766,19.778459621608427,1.3494360583742349,12.037067560537551,1.0936247550408242,-3.047215264064162,1.0427730960977204,19.015363646180067,23.46166611111111,50.08026222222222,1175.2563317672361,0.35513282777777777,0.6012456527777778,6.680515797829952,4.1,3.9733333333333336,4.213333333333333
ID003,ZEN,8.994444444444444,0.40802337169716923,0.6646082870158485,0.7131118081560928,0.43071373525504947,0.35090054026834405,0.15861789856758124,0.134923128262103,0.0973787362235832,1.871363254726041,0.38746627332373573,0.6729939868913029,0.7031214549666573,0.5210141623932285,0.4384829910766541,0.1928813467974999,0.1421991716160161,0.12140066773155778,3.0515040665370257,-0.6380870503724866,1.397806621496834,-1.5770277341755454,1.064675997301761,-23.993262810205966,0.8917692309313943,17.221694403354086,2.512936629521094,54.986153588542535,0.9059096639195048,23.756106958558068,2.222636510722783,-8.26830893957781,2.094821553653513,-16.507917647406277,1.091728467087312,-1.516788857789362,1.0725238642051855,-7.032956181859336,3.9598796934404996,-58.49160804835384,1.1528149341087883,-17.981933699307397,3.2138459093139433,2.873322391112507,2.730133626290257,26.428715932591693,1.1458633851673419,20.483129893682637,1.519574343432963,4.542691131144269,2.0471253081845107,11.099312943947044,1.211389773278059,-6.395520494818941,1.6004132933338564,-22.35989637881903,1.0111076488289377,-24.48071025699532,1.0669753787910978,25.878314446355365,1.2969579803935738,59.19909238745072,1.2732244992240411,38.63662254207096,0.9488456801844493,45.17716018587531,3.054833771502558,-0.4000417286561043,359.99996611138346,62.38024535361169,0.9501035080209164,-97.45622185997658,10.923899946868925,9.187142797658229e-05,0.008812645244796314,29.98118610899502,1.17987126589682,-103.25771718720083,6.0931217050790965,-32.932285680017,0.9093214217481425,-11.564725736984068,0.6754635414450544,-2.078998660332381,0.7461431442757972,-8.25170581243066,0.9207819936040702,16.449642475964204,0.9521329748433616,4.436940409420634,0.7774156874047808,-10.481062727914969,1.595335205300095,-12.485487979272522,1.3257457246440147,-17.291017866143925,1.1956994059538169,0.1955302904849914,3.2942357775461324,65.95866754753645,1.1581436829487175,12.068727083267643,3.2866891692288007,-14.616383584365824,2.9634094179401074,-13.504258083750841,1.5520927610155675,-1.081254587963758,1.0588711439381844,-5.723847389519257,4.6061835076663495,-61.32075081792016,1.4308138713367995,-11.039918497422338,4.313386553988474,-15.452867414197957,3.0235115917406716,26.343878382092374,1.1804380352211303,20.90626184728543,1.960900804749297,-3.081124292088915,2.2662145963469533,7.681767720553542,1.2766865432258059,-6.314416990580341,1.436554364938115,-50.756506968964935,3.106764399329967,65.0541378123819,1.4134556488924446,-26.627127545685436,4.644269298343039,32.685971255417904,1.6747587025956334,-31.248296793684943,2.1273749888484197,-35.91599415754883,2.0542990984032725,-0.00044088171441073837,0.014998522265209197,13.841157224330379,1.973599866412875,148.4263147773467,9.01495508932174,3.1997396450511957,359.99999848955986,67.01658618350372,1.111783285264795,80.21172480291816,14.105918721543764,-0.0783338757945576,1.0628265794587235,-14.657976907344807,0.8701563611173497,2.1706216478811333,0.8421523963603038,26.924628730438844,1.4213518777499794,16.75404802949007,1.2153023375032102,-7.177185592208611,1.2662047639515153,9.378815232543806,52.322694999999996,77.6016388888889,4060.799975149909,0.4202731981481481,0.5986709675925926,7.445956689097118,4.1211111111111105,4.0,4.232222222222222
ID004,KIB,8.994444444444444,0.48474809798441987,0.5768889379513349,0.755025027266724,0.598455014378908,0.20764286107149088,0.2179023700117022,0.16833536727665982,0.04980893262443532,2.283997854648368,0.4813586019814233,0.5771476127558837,0.7808218141377571,0.6533019351213154,0.41042042742275964,0.34931372465682786,0.19684386718508057,0.10972378875317532,3.7544946565177413,-8.754494989038522,2.0662087759622616,53.28818493622738,1.0445652998777348,-25.36663140486951,1.8065166652917952,15.520337354333222,2.464321695415712,45.26790350469699,1.2869964436120482,33.204644715188316,1.7924949322930133,11.780993539130117,5.4285828609081035,-70.72861784777868,1.22070303387344,18.491340546362157,5.109665441931168,-18.80379518205504,3.9820089884248433,-62.04869264770755,1.4835482365942951,-30.57984780388403,3.6674531634678496,-3.3127065640554934,1.9064664228642947,14.95628413591516,1.2800937777142618,5.974291961891313,1.5230113437211314,8.882377583798604,2.361742497042655,17.700019736757344,0.9286600453505311,-9.19233969688567,1.409287441101498,-33.259005903267884,1.2392565435021645,-25.491051443652776,1.6152287899909339,41.08217701968285,1.6914600666713668,42.54007242155683,2.782475121900332,68.9244919762683,1.2335562828274078,3.243309019044093,3.7463355937514846,-18.99918953720408,359.9999304543415,71.26637669740742,1.0714709796831356,-100.83628300973952,9.901396507173981,-0.00029564032050125976,0.012787005641125126,17.589071200844128,1.7259274068439354,-118.56631982068647,6.455055624904668,-98.12342056685132,0.8504374923585033,-5.516558434234608,0.7161457137758983,1.284624792911195,0.4570523430058603,-11.01580783735233,0.9482090523283467,3.3126107480091065,0.7820671040312159,-3.9074583877658733,0.6973568663661373,-20.97931051956136,2.2823265569719124,41.42475713167264,1.7797974613801117,-22.247609168589925,1.7264030442156844,3.15197465057567,2.3205340845674485,48.30523326906412,1.3828404811309654,28.63265668902069,1.8127982575962391,5.91939681699329,4.892213310250012,-62.65818539011966,1.7896621798550938,17.07962888405294,4.761819507965775,-4.143882546506591,4.252903775761442,-56.13318972620276,1.6379556744439285,-9.52114752336827,4.084999913828095,-11.048586013759536,2.499319767924056,16.861902012319852,1.9366008186142392,6.411197093532104,2.1322415215769928,3.956670650691378,2.4968112008472745,10.232967981628866,1.9090294714359963,-10.476543869049257,1.9028431473523342,-56.17712205375591,6.463575099949788,69.914897473889,1.871686537332971,-25.743864934232846,10.95143863003742,28.741952030521503,2.8031738482805366,-26.304863237501205,4.5296646580034965,-31.483627202311965,4.621434950740358,7.74264840734978e-05,0.01242227277799621,15.136124709379155,2.170853943869093,137.71564305841363,8.657369183200217,25.73263694726439,359.9999867556873,66.3777865604903,2.3580612958161398,87.2790725198108,12.37044025448721,-79.09896033320004,1.5192395670147534,-5.750912894772751,1.0127697423895126,-0.6639845807425464,0.7183796964077377,17.47639597018513,2.1199766118971084,2.7922272368285626,0.9698871427772107,0.5043954578762022,0.977325930301468,20.88528718674058,11.626340555555558,82.40526166666666,961.1999918123936,0.47489660462962957,0.6085191194444445,6.285460836793816,4.0344444444444445,3.8466666666666667,4.1177777777777775
ID004,KOK,8.994444444444444,0.4858727418129078,0.47369535476884883,0.7918282865726092,0.5775871697159185,0.8660480244874658,0.21130859811124836,0.1665827550923951,0.26407154801651456,2.7682465169143056,0.4595046263297805,0.5459088144428988,0.7932603175516437,0.6067179607506645,0.6885137767377159,0.3085910430912464,0.159641345279903,0.18731980644646712,4.220150504315526,-14.440397761679884,1.5888293935997595,31.757571722772468,1.2958345932615365,-18.6714850217163,1.5407344938260135,13.139796738134839,1.72794263087723,39.99142907890282,1.261440281428952,25.62012012504649,1.3382324425038568,-4.997671915526854,3.6992716850429197,-56.138096875005274,1.340837569141108,10.827532329192406,3.5285768093111036,9.712526202159834,2.72003417716411,-25.83888903754552,2.2380204689089696,-1.6675371926688194,1.3688204974400926,-1.247367205923473,2.3546720785036506,21.220853311322863,1.5236837362774083,4.352423526226106,2.2923361191331666,8.79033297703044,2.4503654811390128,-13.80175161663163,2.006750637626734,-9.624498388632452,1.4333056348688786,-34.561259033951224,1.9588223020433901,-27.299199078100212,2.347525519598701,42.68250526566598,2.773655300970489,62.668401586029425,1.6803626790723798,36.02036986144683,1.5836833301170543,43.553975016291055,2.820409408258746,20.998611157770775,359.9999428696509,69.14307015130547,1.273623735367778,-77.65584021658724,14.459234734520901,-6.993388155018449e-05,0.014744315206459104,27.305353529958985,2.302235302642484,-108.44309012492836,7.176709401937066,-48.71888494004453,1.1227940050710914,-6.683525423738651,0.8082162334718017,-0.11148313759051398,0.7142319839621365,0.18323669965202766,0.9091798274570634,5.894783246901012,1.0062182415502385,1.3509142255981963,0.9712330890142085,-20.14631126661571,1.6407529908419,7.464926258355189,2.0141162126780707,-14.364314350802298,1.28054472180743,-1.7011667808622408,2.2348576330427488,50.10811577464604,1.2959800060251752,17.688343512131116,2.438296480374243,-12.68187441369837,3.287089110481046,-41.39670556281359,2.477986538537843,6.267548356777829,2.6681867409418123,7.13204036361071,2.8990807835476042,-31.768384215105062,1.375817666418839,0.5184729863000241,1.758438169085526,-16.578716069831724,3.2525203952211825,21.465378185328923,1.8630806947235918,8.224666492258645,2.3394921319267814,-3.16677936380126,2.6299651643798874,-12.162002744605243,2.1582100387182495,-7.909269977097639,2.1589959003702788,-4.264008606693525,11.62894301444852,79.29015210193852,1.766225901552184,33.15681914600193,11.698895589376958,25.565144943887486,2.034358764544236,-28.957596991859056,2.3887885683938506,-27.92903306811987,3.506174926111631,3.4838755212997805e-05,0.00948754958718161,13.978632818638882,2.1682074805333116,132.97869845164638,7.949993422277467,16.399729959630076,359.9999964234409,63.842996158211065,1.6295051458212542,76.61069319133455,10.761667607900634,-12.81485957487402,2.059665301210297,-6.705634763822417,1.3534969523592584,-2.1649958041997204,1.02961854486703,24.55995106684839,1.9159195810318779,5.734606698462649,1.473231019100559,0.39095944786356707,1.242588621921809,17.2462938395745,44.598522222222215,80.11444333333333,3569.2525230528663,0.44264657037037036,0.569103975,6.702223035509751,4.158888888888889,3.9511111111111115,4.2444444444444445
ID004,ZEN,8.994444444444444,0.4064791193220607,0.5966602359767916,0.8033818981868416,0.26362695028243066,0.6287007957039048,0.2334918673242803,0.07803904587996217,0.18197399367102224,2.493220945764944,0.39212730547493624,0.5513166340437812,0.7946041770657017,0.6402499488345959,0.7479195786030957,0.3208053107785003,0.17695359955410955,0.21670709636590774,4.478345409629773,-3.656241006369174,1.337676815342299,9.233349907308593,1.430306557499949,-20.53125130608374,1.1213315845216392,8.905213698828124,1.8276616220753799,44.11006742619145,1.3567553088200257,24.505087538079362,1.5429591216021337,-7.232381969057931,2.407602407672562,-24.736169856540435,1.5386177470541145,-1.4203431857205193,1.324296776361988,0.0012269525935673542,3.270541534955638,-45.7639711372099,1.7944069705648018,-8.044379902983653,2.720042150112697,-5.991039994274938,2.078224433874532,16.385641956171078,1.2010146509190753,17.008151700666524,1.536698984201411,10.04859816702484,2.4570829618759094,5.0512849556877,1.697800922629344,-8.269956356263128,1.544959230587055,-34.16383451099797,1.3760170264073885,-27.504587311197525,1.9326481095653834,40.82420385648771,2.04116407476898,60.43354568007921,1.8843299133372,51.34990037028549,1.6420047678552863,28.943335504259483,3.301849430715459,-11.399226883557853,359.99994050171136,70.26710686739867,1.0075704455709427,-80.26372860895374,12.058190514733553,8.491334185630928e-05,0.012592212921316287,22.416723258334766,1.646252785218089,-107.38108574751587,8.624321404602156,-33.746149092239705,1.1886946832665743,-8.956711518271886,1.043910868869919,-2.1163499942785764,0.5875393473874744,0.46564303383917405,1.0111466622652945,9.75006712235639,1.0503392964358662,-0.17660008736092753,0.6865855413983779,-6.961155084334744,2.1354080137964395,-6.1657113608823995,2.516120338807832,-13.674522360417672,1.2083734264731028,-8.981062320184211,2.608567215166256,53.42466266159157,1.6290913849354027,17.117976044332988,2.3604499131714864,-10.837062206392396,2.8095323833254886,-11.979738791007604,1.8103335344596583,-2.336646892508627,0.9679818814730851,2.4942042527327555,3.3861959246291504,-47.96936507826475,2.129652953759643,0.15392986063194986,2.6738705760587593,-5.9932234815276235,2.98172756577193,23.448889632329788,1.3296239336511568,16.312000518404048,1.543289976723127,-8.093254909433599,2.452388139411112,5.956646469863789,1.4643335728667046,-9.678507196620028,1.5520660858467614,-54.40703613657725,5.866336717997309,70.46493425903219,3.4233007480318065,-19.75369922290503,7.251373839515146,28.05258863911887,1.5567064267284756,-29.43464824254017,2.099623461764147,-30.57557297006622,2.6248558820230827,-8.479434559625868e-05,0.010178080305981288,14.015441099000478,1.6276726219086108,132.73195261723055,7.048327034987887,24.799338589239028,359.99999177765756,64.24679769359531,1.5531382632760753,76.3183617887125,12.090431684629976,2.802250345405765,2.1246938434915865,-13.504208541268639,1.265336883275436,0.10742731585733385,1.1098864216861064,21.786796732593565,2.1284326087540357,10.00378615327907,2.707516462373805,-3.1306466142970653,2.1429996123874036,14.527207837525301,58.99044055555555,73.46707222222223,4334.010852631402,0.4102384157407407,0.5524338592592593,6.37297723300224,4.142222222222221,3.9477777777777776,4.223333333333334
ID005,KIB,8.994444444444444,0.4740585736724413,0.5630309768105641,0.7343635915516113,0.6706031770664389,0.32956648513213116,0.34308864609424505,0.2066873513404995,0.07184764512652268,2.2509573328963635,0.4721886753178829,0.5773235027321254,0.7358361932148456,0.6823426847578051,0.3046475297391438,0.3395095412874727,0.19583246343723562,0.0747361353372873,3.40993399194993,-4.665382386791213,1.9698136657032326,44.39778955575973,1.8477533777250685,-38.40924606169027,1.7316410701247578,11.977881168210569,2.1455219611941723,43.95978602033936,1.7081675454775351,38.31455236272085,2.042883968978381,18.558607028408876,3.5534863892480457,-50.05384955804034,1.9808717532012252,22.040808342995536,3.2782097867619284,-18.19582640397059,3.848766921680634,-50.97185354610967,1.7595608197375328,-26.708446635689114,3.2018138275646657,-1.766353318485896,2.6282984800926608,14.525790654584876,1.689291525084156,13.807364074968348,1.651323255988992,4.313847180950374,2.3507072265455897,13.859278598731091,1.520043556995994,-11.796787140657763,1.6397361168711466,-33.36835337383546,1.6146915528634935,-26.341299795537044,1.6138010555996871,43.045783477593815,2.351224428499229,58.98039708511023,8.627385745625364,81.76655130433969,1.7046783576312605,13.424619735011253,8.070743819623374,-13.00026859022439,288.0998196652455,87.38090789761773,1.0089369731625966,-63.98707180382978,8.157630626517937,8.687747169226472e-05,0.026607768648839618,10.631760095601127,2.545910783721034,-123.68652085024075,9.246882035165873,-92.15114642586457,1.118950896566932,-10.955809801689298,1.054271229281865,1.190764281906356,0.7165394388580699,-9.697983198029785,0.9547862860251393,6.977263947116723,1.2073891927965026,-0.3668326661739708,1.0457666690582346,-13.378794220979177,1.7668808282938433,40.39467531243624,2.235647490604316,-37.1495057180138,1.5196081235679444,0.32578205515328296,2.185440766520512,49.32389137638277,1.606636907102984,39.47180266548959,1.9151687184725616,17.207442838334398,3.929239487454396,-46.44569648886583,1.943766365314137,23.95924475017058,3.2584274717646777,-17.662435489534886,3.8089897465648948,-53.38242269144176,1.5016413868213108,-22.613950338758137,3.3208816903305114,-4.6749468853777225,2.609543037715798,15.003382801139196,1.9805710756610804,13.466123814127567,2.030690849508153,2.97090252888456,2.34070730746597,12.511824431616315,2.1289806721564397,-12.709230123292823,2.236826396507582,-102.88066898439256,9.807717252188391,75.91414271996862,1.9849483626888116,-50.64941545439857,14.97229177619189,29.786463494280703,2.39506376468117,-25.901340993668306,2.1023669291084053,-41.00879225402953,3.0598607380223712,-0.00045213624588251726,0.013236102381155532,3.9554853679267543,3.2283695529401557,120.7703213127434,8.552300396256559,28.664434041442167,359.9999898436192,80.39836416013974,1.5227452883686055,97.10027667065984,13.828402781321888,-81.84042582542686,1.1393446324001644,-11.718371507974638,1.1352093960857341,0.20955817666545412,0.6329988539187964,12.561152560344654,1.2814816862007192,4.101255798018002,1.4806662000200679,1.4880487998910252,0.9771586001789793,18.549555185033118,11.66059888888889,103.75509722222223,1206.1650817017055,0.4276891203703704,0.5728326499999999,5.4008735103754955,3.9411111111111112,3.8,4.022222222222222
ID005,KOK,8.994444444444444,0.47315999617641663,0.5423484626148817,0.7623648274522948,0.9441551453863205,0.42197679033142865,0.3631873875748881,0.26269398994313314,0.11499559987643355,2.6967224215523995,0.4730261806103252,0.5756995946254346,0.760538151151228,1.3683398049064333,0.9995800256650945,0.43478331180943464,0.4184609811980069,0.27043999297409266,4.468217693481162,-15.07914270241264,2.432166120565689,28.423544406520058,2.5269878130878425,-29.781256869178897,2.1220101568917675,19.77000988242533,3.580121644671935,54.55631855797909,2.0547682408265486,24.484705935722385,3.1003534504965473,4.141969289270237,4.014644158654569,-46.51048668363923,2.6309279681946975,19.459447189695087,3.506299002551267,7.51926433904614,3.730510081799558,-41.79340393084128,1.8800030665937826,0.2988017735063226,3.562666981714796,-3.508947500231978,2.958541866849764,19.320658710005894,1.7421669573822,9.221151571221661,2.073316988399033,10.367883508276494,4.663540493227268,-9.350850253279836,2.9357305553790103,-8.190920817828914,2.310604640660056,-33.21376636916218,3.0584844029127467,-31.982657015207298,3.394272154910582,45.81681547099005,5.443159195072347,76.88850937435339,2.016851115399578,30.169258977313888,2.634552021392806,51.175806808691526,6.555117774049329,-15.394849876346061,359.9997492203485,84.74880390922809,1.7573866397628393,-83.08522094276069,12.19968541060814,5.4086317916511954e-05,0.01451726115168869,16.827756280242234,2.7211401251719836,-105.8666687834072,8.879641010732001,-64.24555472470595,2.0878358997485575,-10.990362948424565,1.0750576979100916,-0.5429121650443701,0.8549824532757191,2.16814796547446,1.388337391552651,6.527376366363635,1.66656815247043,2.0086499671029503,1.1100845930742858,-26.298605713100546,2.278531055976655,11.917886673936158,3.7916796001737665,-28.41520239005506,2.179480327476244,10.453741236664996,3.595551721550424,58.36591690283986,2.0082380561794366,18.32158051993703,3.974921325428224,0.24176092223652654,4.333512912353875,-41.61906928336175,2.6814037061364777,17.263358521016677,4.224888017512164,7.2632159203844555,3.666084636753663,-44.40130245236437,2.867663418985887,1.079257968026921,3.0391120377250576,-17.992569177617774,5.078439164272299,19.381324930856895,2.1439670232691204,10.358359897361193,2.7164265985920424,0.7890136703340298,3.0228361887149457,-8.08109917078366,3.0802331595741044,-7.041949784169098,2.194705470381752,62.19846717941849,8.484952057972977,74.8458046236428,2.3900702514125127,119.26337814383528,10.439861403168774,28.563662436718182,2.587890544342885,-25.71359825806264,2.645746814936847,-40.286402196090016,3.589249485561929,0.00027926857282362387,0.01130759720716062,11.632884051213773,4.484409066289747,116.70268753683006,8.55178470980393,29.331035940771027,359.9999267222536,80.5916979623531,1.553116983152492,98.30950972810562,15.695222915047534,-39.594938285227194,3.5489930207650815,-7.841531198049938,1.4934232436351929,-0.23239967635923936,1.006282454063043,25.192366341610477,2.1545620616252337,6.344337364120914,1.6181539656125494,1.8588930122305718,1.6799085734896626,15.12507597629774,25.740252777777776,100.39821722222221,2593.056767103489,0.4362322138888889,0.5831685685185185,5.4035918667873855,4.091111111111111,3.94,4.2
ID005,ZEN,8.994444444444444,0.43526456116364587,0.6681963681007261,0.7355589906474664,0.799933673719655,0.6105527245932274,0.2575862240540716,0.23716688009159376,0.17833018636071313,2.5360262921026324,0.4198165792781527,0.675268278839423,0.7420018545708487,0.8386706451254167,0.847958942295759,0.45540889245285987,0.2705992842764962,0.20619107988997518,3.863022973696535,-12.491058717941556,1.9429296238080316,-15.795442554790151,1.3603459596220404,-23.89475455131383,1.2797586852391092,13.15750233273258,3.348030761445513,59.30643012455204,1.5603701616920305,15.435509153776058,3.1333352988520646,-12.762420144612431,2.2050849990140944,-3.8270629787321995,1.1551747858889256,-3.3042904181233594,0.7142763500552127,-3.695224585576534,5.4370515270512785,-66.50639928366351,1.3815942588391195,-7.917667531494288,5.078850066544893,-5.687037859610807,2.6772148683007435,17.367495648879974,1.4022635733887447,18.428853929693858,1.7148785987337551,2.0371614707107044,2.3476202766881817,12.70302818269057,1.4306476188427668,-7.106961201785831,1.569996172632077,-29.8620877287748,1.3573011369949106,-25.347255337185096,2.0014462311971712,39.76321654792399,3.18049419348651,60.69249845894272,4.579438775604366,64.8434193154782,1.77013559229009,22.946655366781954,6.071529168166164,-16.59233673927683,216.23117951705322,87.1844319007399,1.669246072594305,-13.47028273218867,45.5049705297425,-8.302292854395423e-05,0.01475418994490707,13.178314305470817,1.5770452140033027,-106.70263403327567,10.712025221314533,-28.76586395500779,1.4817600908966042,-9.518346356272797,1.2831952514151728,0.810666489340556,0.7747794717364067,2.533016180751884,1.0732175665217993,13.959179612290914,1.4629428073520512,-1.5275328403761077,1.4063248656577634,-15.685754935897183,1.666139202839566,-17.997467912554715,1.6924194198349216,-20.523851759462268,1.392503089617211,3.679197816700634,4.913410847006472,63.59649260255011,1.6062119556008085,7.219439844026593,4.503516252529823,-15.615752337656891,2.8348846884362517,-4.038593277250874,1.5999709257910355,-3.434230185204148,0.8652646904111009,2.9694871101130667,5.4442376159569505,-63.2042836885743,2.1995370944550556,0.33622933974219604,5.281831747144199,-15.044827101944236,3.4241047397965696,15.348838015698538,1.6064262768373134,16.109470314458786,2.414884282363161,-0.15281677803695937,2.527658535215746,9.089141531241197,2.502441044569978,-7.059801445558762,2.2018489196447426,-70.59445097883508,12.936732329450887,82.7415295145194,2.1824407035636226,-21.53495581969391,14.842823674881373,22.400694885201183,2.4783872777106373,-30.655866034527605,1.9454497829741313,-30.02738784748076,3.3289996153775143,-0.00010185969887954839,0.008613762325265291,3.29048605748916,2.973463905021677,121.37686296149954,6.828577669229196,42.13087915385033,359.9999916857542,75.92027735992639,1.977600476349474,80.96396672624977,10.579923036379114,-12.611056369448916,1.490412956464543,-12.010751289902007,1.026485144868451,4.413949796723098,0.9142279933759088,26.966634555029778,1.9410946367979087,8.963921683744598,1.4134072922790166,-7.297143458702773,2.1173593177300036,10.756432658263755,42.97892,90.26175,3876.2332404339527,0.43191066111111115,0.5754432611111111,5.159150533800671,3.8733333333333335,3.7344444444444442,3.974444444444445
ID006,KIB,8.994444444444444,0.5159917529111527,0.5337499539044591,0.6202488470243097,0.43048640392950316,0.2856254561300253,0.4097560478188944,0.13317599669441454,0.07909760829456912,2.239244169494799,0.5224861644281895,0.5421832157999367,0.6185071154326762,0.6847552664757472,0.34015484859815315,0.4253640681365045,0.19502641012594907,0.08548719482054457,3.309128834576648,-6.768443539357849,3.88944487491304,67.23243578500335,1.816635518860832,-43.04616161536275,3.5187077592470457,18.82428717028697,3.4568202732313096,62.23773705012494,2.192944841916541,48.851733249128316,3.464909249637232,50.91335378865968,5.1339297741153995,-67.85173044701938,1.9305019343976197,53.53196690722389,4.933863763265466,-51.88472181296587,3.940926578712232,-54.61963740730872,2.79944133569325,-58.04701808611496,3.236276702633623,-7.2323304168645395,2.5736746271792663,12.21139763117105,1.5344419190252139,9.598772816713113,1.5219090216663917,7.958997724673537,2.816985136320601,10.051770433642806,1.6275252242707778,-10.423364079615574,1.8033063943262273,-29.410327877161144,2.843952270635431,-31.75835419447708,2.4463764904481793,26.15102261444245,5.1840686669668425,88.16134002229846,5.568064238220873,69.93810200801079,1.574224386615009,50.85381495868207,6.836395493025712,-3.9996279323211468,359.99995136864317,54.66193405187911,1.3757166899938809,-73.97616376644136,18.054310043612777,6.543836949742916e-05,0.0161815362326516,11.029452362308032,2.1846677924287077,-117.25974194267306,7.765843955827603,-100.85198029940979,1.219092843569777,-8.141547201199502,1.0975643345001047,0.19456038704214154,0.6939041390161824,-10.176478081603982,1.4290880349836264,6.005671996511753,1.2359801898013427,-1.6837772914815574,1.2218184095061013,-12.833818573432529,4.282432837414296,60.29979900341017,2.5433374787601126,-49.782037275911875,4.160391304124798,9.137196196847519,4.92587797067536,67.19821262203615,2.3920087864322683,44.53176252457469,5.380283460677442,50.28356647566225,5.901369254804051,-62.84368823217621,3.0186815308577506,58.02400493902744,4.686699876879882,-52.76129357316131,4.007304602431061,-60.392600399074695,2.5245792636913564,-54.505351225258906,3.809372549814306,-9.305386332241094,3.2274710385677006,14.978104897847937,2.4943201272819824,9.166548915720748,1.9385963310143235,5.0310593682156535,2.5633658981065652,10.074354412741082,2.5104751854188363,-12.039652392044506,2.26489643689339,-95.54390359631357,6.886196461311977,74.80151636404358,1.8111131916601608,-55.54176886239344,9.018417721349419,31.203093833520846,2.14718586535585,-31.402267886295526,1.8257949836703695,-27.501336728408525,2.7873532083071284,-0.0003474798657993397,0.01255971393547176,11.13779466014476,2.422714337497075,133.86090952877964,9.388102378795995,31.865760397971496,359.9999963405142,55.700391924512836,1.3368377787607586,77.02312932413192,16.459128910722782,-87.89447725481702,1.5914311879495586,-8.205055921364783,1.3787061943139107,0.6752637619407212,1.01848980396917,11.489495867771499,1.51122975323721,4.559710544589537,1.617213084329732,-1.5878604610337768,1.306037294215524,11.881817848244243,16.599471111111114,100.06109388888889,1660.5036266883985,0.5168569842592593,0.554324787037037,5.0986002144031755,3.982222222222222,3.8244444444444445,4.047777777777777
ID006,KOK,8.994444444444444,0.5372648994150699,0.4325301809543764,0.7182242768082447,0.48520272510603313,0.6301065118307725,0.3450259780928566,0.13621113868521229,0.18767331199384588,2.517975487200144,0.5332887313979674,0.4367375308556184,0.7233770904324287,0.586824977689735,0.5481154925544218,0.373781734104508,0.17689947951226945,0.1418629573489804,3.358715024385725,-7.6240581603610496,2.099088399801345,37.44237573534749,1.5579577482511255,5.843101467078965,1.484843949549799,2.870687159308083,2.778827146965388,58.9380737729238,1.4126451642297284,18.198371990033415,2.5081374507802727,-34.174394194374734,3.867479409968129,-54.46960595687209,1.4976792771378526,-25.192093731637907,3.97700982235677,2.1458965759965785,3.7369951129244514,-43.32687298222502,2.0889121913802584,-6.142608660889799,3.432588605768193,-6.297512066042273,2.0973610179379576,28.46066532815498,1.2279227729831974,4.2681371973983415,1.6484352591968308,-0.00909020911904257,3.2924412413456237,-24.879215910027945,2.020333664109986,-8.596938005716664,2.2059179529284427,-32.21470622880086,2.63584537432654,-33.1367763615571,2.5738907899665313,34.604683265289815,3.9797577033201224,79.56665749277226,5.644508717516018,67.4618274750891,1.8416166366771847,52.775395387921854,9.039217752236294,-19.798805308133243,359.9999437641787,54.64704683436637,1.5989325846340094,-76.71852781897942,16.21866789167101,-7.736965932128303e-05,0.02328037886089157,12.372320325951517,1.8816084235253299,-101.91618373224176,12.531356296668713,-20.12886494814462,1.3280531756554623,-8.677858665945706,1.0200730652965824,4.5616406238906695,0.7937849716256749,-3.8851242410741045,1.263549825772186,9.988681500315465,1.3567535711800953,-6.553291397262045,0.9890314998772693,-16.200083606904094,2.080622388786702,29.2556669572067,2.0434300695017313,9.08370283999598,1.2753450662837824,-9.403585877279687,3.3672711440094263,58.82464091260895,1.4412466174145564,21.72818643025525,3.120748087380014,-30.997402952673667,4.551440570623181,-51.86437152689683,1.655861952275926,-19.23143118353901,4.179210520360515,4.557841786679826,3.660086167129326,-43.13095110648426,2.189277797468054,-0.9464002885993577,2.6852480855359766,-10.476016973717766,2.561473569780737,29.20115788990155,1.2751612100696135,4.1143539848509905,1.6944628228430818,-4.546813631546001,3.3696955429146245,-33.98086191257954,1.4874389244206476,-9.910690083523235,1.9611219442722845,-52.3893087461008,12.883364159103014,82.05408261194226,2.797855853036998,-11.918230402241853,13.519939455953423,30.83148873687394,2.632293836368075,-33.125204731121656,3.1018413469998207,-24.322863051848977,3.798254168548167,0.00013834277516050123,0.013676979882052038,10.650413071278265,1.852511691463714,132.38812483066678,9.550615530372184,8.133191874560485,359.99998862631776,53.28393708643595,1.4606425185626832,78.38825924682946,19.514656647033426,-8.460828117781034,1.9268610357803595,-4.933404620403682,1.1286213612583555,0.5815851227395596,0.8288516742698742,14.94308917438629,1.6563387074775142,6.001166706659456,1.3609197397350359,-1.6064515441149716,1.3370121670858357,17.92688073013612,27.39499,50.49744777777778,1383.7726708476125,0.45995344722222226,0.5798775240740741,4.771287595750904,3.9766666666666666,3.832222222222222,4.125555555555556
ID006,ZEN,8.994444444444444,0.4108449299243624,0.616447789699898,0.6688917780657193,0.3947838034883655,0.37106437327987685,0.2716434129896639,0.11463036474646082,0.09604318123032277,2.142936306972124,0.4078960825270322,0.617186268495666,0.6668292613561129,0.5822336696579378,0.43923835892432095,0.34262264003858345,0.1609354221149736,0.11262317424222572,3.461513878436309,-5.506875655178769,1.7562992382883813,-12.802857044410322,1.5013792300388693,-24.165883199309675,0.9976498858294726,5.660604995079045,3.5692244130594935,63.805599767628635,1.4433469061574697,26.89096200171941,3.531225919778214,-13.245472348467,3.02925284370135,-8.932893425722696,0.8387211874418445,-6.441375287950957,0.8564965024142674,-9.479034989629406,4.766206803251463,-56.540049673582,1.4501760583980001,-18.103297828385582,3.9604543581425466,-4.234563869723132,2.965196569230283,24.110008023115974,1.2546837246429063,24.057066148831534,2.1737320513525384,2.5424320572643055,2.495864907796125,2.0062087267165643,1.6669634070681856,-8.454952339212515,1.6428382707525444,-32.558129636584624,1.9274806548588472,-32.33860278671568,2.038314507511578,30.772383026298883,3.4880492033304327,79.1603765360309,5.802405009982488,69.63573728571615,1.535458551884227,54.565711423236124,8.191807805946016,-12.99954583576744,359.99994871669924,54.66244195522959,1.218131071448164,-78.71614814381871,17.51573805737642,0.0010920387906690325,0.02068799469276526,11.352285850684265,1.9067464250068364,-98.14546335002163,10.312671824161313,-21.797039090872886,1.044588730157463,-11.173788499643276,1.0607904901425798,-0.18235715980161404,0.7531254970094965,0.8423294139897436,1.2822661897194905,13.747515943797017,1.6704490385035098,-1.594964103455632,1.0763248499356768,-9.982628663894449,1.562300519628297,-21.285471922235505,1.3307242636318128,-21.18163409917107,1.156235278560048,-1.6126122681982018,3.7441295908082433,65.78167825743367,1.3536861569236023,20.77287628263781,3.7897342711113824,-13.499192166654947,2.801861897846706,-6.619791585264951,1.1245138571130782,-4.815425348204031,0.8307275353709066,-4.1799781786687245,4.832337590335203,-57.61676876982474,1.9354716267548213,-9.715251818878125,4.023774089544784,-13.438687972485624,2.962258020603538,23.862958736691283,1.3061327477954343,22.244940484251913,1.663939203480846,-0.7498755546817872,2.6208356497689707,-0.5202287136864996,1.8996672157670997,-9.148294205510252,1.8330247189852176,-67.55983504795117,7.616428041364797,76.28282562533278,2.14660116015925,-28.50023425127378,8.356800428393676,31.21265205287485,2.868004499914408,-32.095023700545234,2.46930614012825,-28.310507309008063,3.2035233001787375,-0.00010402631626096469,0.010545510950142023,10.942391299598196,2.5565373705457595,134.7918438970177,7.180115803364155,1.066768411194714,359.9999898965989,55.337847363166176,1.5369898933461272,72.28157581598592,19.228212189284072,-8.089519974181187,1.2733261282532324,-9.958501670748117,1.1490054682009863,1.986091024367724,0.8398194667870162,21.735485481204798,1.4675876952053328,10.857299996052935,1.4248736285434702,-5.0900573311203665,1.2196099714317195,6.937082284809739,57.07660222222222,91.12712611111111,5199.668061314923,0.42775091759259254,0.5599597564814814,4.789417385584062,3.986666666666667,3.8299999999999996,4.1211111111111105
ID007,KIB,8.994444444444444,0.3799229514199929,0.5947637852364365,0.6101409666515377,0.40199741561933067,0.2586742754515603,0.4188808164264035,0.1106155084819564,0.06413520250111236,2.4908226101350905,0.38156795456507087,0.6052006871148333,0.6103262196270002,0.5095124067300183,0.29912707873686717,0.32421864536332556,0.13016594046796612,0.07676502112514885,3.53960661509056,-11.90789930249601,12.950204322899983,79.27007355824898,2.0254646576985267,-45.88480340371746,12.52081004745082,26.342086578195012,4.042199768013585,70.34076895432142,1.9910742336150378,57.25435523116776,4.848932005871208,76.75489211806885,3.3654390906170706,-59.90562737848063,1.2979100029356274,85.94561418066402,2.3201058754837107,-70.1927001666239,3.052718546865144,-59.1803183193358,0.4581408225224621,-85.46710492264233,2.141725902592296,-2.9758913484832523,1.9267061717008964,11.696083116885102,1.9311230234664218,3.707956899394447,1.890466096248786,-1.9416777818202529,5.720797127728426,13.998339139881637,1.2202865808273256,-4.844094002762999,1.7614516285628148,-25.14774685863677,2.3698255365535372,-27.239478297543037,1.6588445219530024,23.252758688079382,3.6449963802501024,59.873016490264966,3.5174800521503826,66.83794644365969,1.3976733805916168,38.699001956256325,4.497240104710211,-36.798034667414,359.99993700704243,52.27594111867644,1.6090034749699371,-80.14528389497343,21.1250036714707,-9.513408123544133e-05,0.006679589541267376,20.12116835865544,1.2967632306350425,-112.42846949827819,5.79416622589591,-103.56824984828798,1.048774339476799,-12.16772420860479,1.15513067690312,-0.8862462829946882,0.9893874920258685,-10.513657204875239,1.022163349757601,13.244905638744559,1.6808206584643635,2.785607401132472,1.0103624759681786,-21.81285253859503,10.644521935793575,65.29516391222982,7.151552293589648,-61.201927423074736,10.620885220884507,20.719227458210803,10.465438709439587,79.6598598578878,2.0791701013729154,39.0798691161727,10.76144328702164,64.84306036166477,8.06121377682334,-58.73071229846462,0.6004946624026204,84.6816111792668,1.8699518198898972,-78.94986925529705,3.036862561666163,-59.759198890996345,0.9536871513843025,-84.61175194125823,2.466760684134178,1.899837188715431,3.755641260505456,13.889372192480767,1.401799335199705,2.76964712749009,2.624007782437899,0.6562474324515849,2.1620474738508855,13.85771869898947,1.9321601601770095,-5.578419374614866,1.6815366823175701,-65.14653119414298,4.691960110879404,71.60480776651569,1.8071202991620254,-58.515451846160545,6.182940890807602,22.432246257433302,1.822624536491452,-29.03670032323916,2.0853434671409934,-25.513956947156395,2.437980619391695,-0.00045364363274571096,0.01794672277208893,15.208718480156,1.1612672936447148,160.6347305557938,11.323842251478032,37.59906834556733,359.9999950416033,51.67803125928236,1.8066385411539456,65.65281702246659,15.387558974193547,-79.76228281906158,1.7007532663895575,-11.304607864448679,1.704938664627159,0.7358645835489952,1.2960689644412944,12.721468849964003,1.1949738369501681,12.19747319747727,1.5637160711434241,-0.12235724079699462,1.1817877421682146,9.056357109003917,11.212758888888889,103.36601777777778,1160.490741990827,0.3723034138888889,0.6068566027777778,5.185972352440238,3.7555555555555555,3.641111111111111,3.891111111111111
ID007,KOK,8.994444444444444,0.44125199104745594,0.44590025720952814,0.7262576946502615,0.4100021127465747,0.5149675903980389,0.4423742873000891,0.11277128366723432,0.14984599392995884,2.217411384773957,0.43748822353409106,0.4512566258898209,0.7263026525153023,0.6975079730186118,0.6314641131447374,0.32960005759254285,0.21391027448325403,0.16883878032418126,3.417418083126988,3.4798957661458596,2.0263283132097376,44.62167360606618,1.1584952646838302,-0.41737896905106203,1.6766960423997812,9.733193621346343,3.6953597662478486,69.97165194026626,1.1119899237083757,24.018265695659345,3.566480880871629,-45.460091616337365,4.57011873836772,-65.18760355440149,1.4999878230827377,-39.86061287953987,4.818698821576788,-16.505677942810077,3.219243547770133,-57.54980731167393,1.2092998887131685,-26.605954224243526,3.1301535477702145,-4.039359385180268,1.9442427067927084,33.38187631984793,1.0410897619889012,8.125365485715694,1.361285001927169,1.6367318389689605,2.045513194547413,-26.541738596056906,1.1615706579353087,-5.578096396852226,1.3306122846032886,-22.62192570209587,2.46675679031181,-28.309423116656422,1.7873093414764256,21.93964708489944,2.4334465757663324,64.45130261979162,2.279383629913778,49.32912080124904,1.5565601857371276,53.93943217680298,5.0683973169846315,-38.199043121369115,359.9999721752257,52.16735503454576,1.2783849436225139,-82.76479676416618,11.219124741715763,0.0008962672543829439,0.02003665891332375,26.669392154085806,1.7894034683671811,-105.68840720144499,7.817961160149579,-36.46051392586701,1.1773433507059778,-12.313547086915746,0.812291019031273,4.701188847736385,0.6322850797787264,-4.688647676581221,0.8880986262206128,14.936734593023766,0.9710713027849451,-2.384918148088521,0.6663818292317425,-12.536355962654328,2.0509100548192682,38.53691545410604,1.7617726438300068,4.2666450533215,1.3945065377963721,-10.306425132388863,7.229187746342698,73.83194516889264,1.3919793962628746,24.42516303676079,6.7967968102778595,-38.190811055111695,4.871934211647096,-65.7202945727603,1.3541573030780625,-27.713130978533776,5.030352641209415,-5.497681784131062,4.047505444245166,-57.278154119827136,1.249249060085988,-11.88588351537911,3.6398441886084356,-14.131298561219404,1.986921188947272,36.35868069469549,1.1448660556016734,8.823307466276209,1.6657681283418555,-3.728434639958697,2.557300645036387,-33.57766835898898,1.5663436466071161,-7.329829154452858,1.55930108096543,1.0721681014807252,12.863775805347029,81.12785916081918,1.6456185623649504,15.420675504239151,14.595933740075475,22.446435045239916,1.3120569324637237,-25.957015032642904,1.920051513135111,-23.163484427253064,4.158289276230299,6.136966045343642e-05,0.013746903351687217,13.506085482482703,1.3625887902552205,155.6544846307525,9.205322214856642,30.665091680600746,359.9999988622468,52.0549309756016,1.5511911891236267,74.02267267209174,19.59480343203519,-12.338295389447932,1.4941510341936932,-10.730332430168726,1.3846402313369706,2.1421130164877917,0.929212005416777,13.512248658845897,1.396411883194554,12.895370012754674,0.9304286715508759,0.41712840266915013,0.9558140216073092,20.22466656458457,25.15679777777778,61.14958833333333,1538.604607075068,0.3840486527777778,0.5753598611111111,5.712196793930105,3.8022222222222224,3.7022222222222227,3.95
ID007,ZEN,8.994444444444444,0.36910824572210404,0.6623648816147781,0.6824296238154771,0.42538606518435884,0.2769478877530651,0.5484558379059079,0.12609626557334458,0.07327774414617445,2.412481640906899,0.3687104857236817,0.6503890156547963,0.6685753076073018,0.49210702542529566,0.35267029779342485,0.21633032667565333,0.1318005761476766,0.0943517851166886,3.3139296738064488,-7.996867447737441,2.0605225248938615,-7.711474545436074,1.6502544303292859,-33.81745797894954,0.9470872439232089,14.47781752704626,3.4735015335622976,64.97800867305742,1.5511023331980724,31.855250940193354,3.6870063689666943,-13.38520869546222,3.1566375259614947,-1.7150050082739177,1.1121929755416635,-2.511719728969386,0.9198726701804649,-38.60348922945172,4.958207488735701,-62.44372290950575,1.7859885174938057,-48.73546610543454,4.6634492889444745,3.263388658482165,3.1556276787654944,16.88654644884072,1.7952459418007425,25.018823948288382,3.095062403614861,4.82595835705692,2.060335745175041,12.834721630324964,1.5308367586455454,-4.309652791407638,1.7416526050385823,-24.675633394861343,2.5979268415964882,-28.47532681637435,1.7634231350141618,21.309672821117182,2.4787905276099584,64.32521883414601,2.2396296138908083,49.49482678912895,1.579332433366676,53.37870376060941,4.710792724471257,-8.79961084447024,359.9999698434716,53.57851617558306,1.2048371079297653,-84.31751950851871,16.29280623542038,0.0006411331876551504,0.01378951283931287,22.082382201955983,2.1206197764535886,-103.78784554379311,6.091668679873831,-38.38664356150952,1.0842246895937038,-12.481226959876542,1.6850947417140076,-0.8078400872937778,0.8415541059712293,-2.428501122716935,1.2395003362424293,18.1927547618237,1.8329883739100246,2.8946015554343623,1.3702118903975302,-14.823635897826472,1.735132774910961,-22.65340451750304,1.533070510710551,-23.676374728378942,1.258469037400333,-3.2044034504759487,5.240048740566961,72.82062543383589,1.5289170006339134,23.091563369038855,5.001727177407841,-16.5141244391621,3.048443256793685,-5.81785560179761,1.0507806424125143,-2.810374932974054,0.832808429490246,-27.821965260655382,4.860894931754444,-66.19139826379539,1.587165495862972,-34.242785537771624,4.6075549154410735,-14.91090817660702,2.8032814708070783,21.802054337077998,1.2137598653686148,21.265927535973518,2.4247773401185677,-4.1436622586579706,2.3038005522226506,7.458746299723918,1.7291585211763851,-4.623120998048347,1.4930007499874383,-43.6573173179675,5.208774775955662,72.60760269092853,1.596416590188045,-35.14943962759109,6.501003135955727,19.722143473045872,1.8415163879094982,-30.29633949905027,1.6115251547043257,-22.03201207171272,3.037178088182992,-0.0006131724856643225,0.012215898873781387,13.992056586753316,1.224259971628634,162.62873011116415,8.351774449537135,-10.266455765253207,359.99999940226496,50.62352729171125,1.5362334392452381,71.7122557341998,15.915056882770084,-6.614909052433911,1.1291372972945548,-12.250295300583485,1.3708743934142222,2.333946837052977,0.8975644606851626,24.802060270600702,1.157303258621989,16.289301575944613,1.5739887344002774,-2.918098622252491,1.283176794396033,8.04123750145072,56.793532222222225,100.47168833333333,5707.435627334379,0.3982455351851852,0.5658202888888889,6.026168201474377,3.778888888888889,3.667777777777778,3.9111111111111114
ID008,KIB,8.994444444444444,0.444020287011387,0.5709430034979831,0.5675962009619097,0.5561660472625773,0.3789936895153456,0.5262451157718906,0.15939418785459766,0.1184739387605871,2.260508248655978,0.44358677709368877,0.5795630315787865,0.5472107734522627,1.036952722133151,0.34610593918880106,0.8629821607972188,0.29565104529674713,0.09403416792326666,3.8198967150560152,-4.026705973241918,7.775115844023894,74.3809572031269,2.1608000218014127,-49.00656233023701,6.876119016441223,17.151713424594462,4.235277727103787,64.5694752831512,2.604222379577166,61.86705725619485,3.8295222140014147,74.63556073836119,5.764902530009266,-70.44834185776186,2.2030698040305565,77.35328404987891,5.267243211160715,-61.809706969940564,3.814473490707333,-56.41979117967516,1.166132333947462,-71.75891883225901,2.106098962064581,-4.2150228175696824,2.466232277906447,12.851719819408876,1.6845101374767215,8.18325319044976,1.4948888641053955,11.164936488018949,2.151118058481803,10.260567350423857,1.2908800659867645,-10.973816727924838,1.4211706141440743,-18.757613202247892,1.8886053193281698,-22.99980595843387,1.9055053889982752,29.64884960023096,3.1655179395623945,44.919167697900136,3.7294027606568947,58.35323371612428,1.6544137404068295,17.76764865992272,3.125752813401428,-2.19946711700711,359.99984910467555,70.4859572307346,2.0581948660580864,-55.02311250146814,16.07096569796076,0.0005727864244613968,0.02755480062219152,39.363198271820245,1.8416938665526785,-102.44196712188894,8.128226553320058,-102.27936631349291,1.3835532858119932,-9.67998272967321,1.5358559075588665,-0.8921567938259682,0.7647218317939263,-10.265332816526287,1.3475816394840354,8.162968459781174,1.6924793077524356,0.09673577252239537,0.9439594764719164,-12.562181932155474,8.733015081984831,70.12937493148021,2.7599513486553433,-58.164735351395734,6.236105968277012,-5.7390447505325275,10.319341091127265,75.86834534245563,2.7718904555036574,65.46504633606723,11.116989262490259,84.61085681987872,7.018468003083521,-63.55877785117566,3.5066167368451318,88.97293261669421,4.773226673458493,-77.4137308565283,7.453423138877537,-64.27414466810657,2.622569851886965,-78.33717983738727,5.782908039747587,-10.58278557783995,3.2122749881751447,15.670785935215832,1.6919620843793992,7.906433663212633,2.310432224099121,6.422199399981963,3.6936322647921562,10.573257350192637,1.8664928164152887,-12.397823392406792,1.967200519638308,-47.577594622030354,7.886512638670183,75.11631491150278,3.467484412767928,-10.005048732757906,7.354684830859531,19.410149389679468,2.124359422526526,-30.94971664946329,2.5510307256580007,-26.182675626799202,3.2546581883448136,-0.0004307950307306809,0.053575300482919405,10.126671425308984,5.025026274725084,139.0045596708175,10.951850110344344,-2.1334354252996595,359.99995100171793,68.42806000052818,2.3280289689211173,87.40676293195553,21.501908201403253,-83.56901247203808,2.0813700275900997,-8.652966532586472,1.2228756369733367,-0.06850435499265457,1.0885822617862544,7.950516181782521,1.5573530943307166,7.4287151852332896,1.528765743529874,-1.4141163275075734,1.2732810610173613,9.687345658350232,10.93495611111111,99.29837055555556,1085.7935512547187,0.41811729444444445,0.595701412962963,5.49809249313213,3.901111111111111,3.771111111111111,3.991111111111111
ID008,KOK,8.994444444444444,0.46873778126721266,0.5666219229139025,0.6734007497788493,0.4740235791715241,0.5998227729438255,0.2877280582786468,0.1439677486313602,0.18680453222783555,2.1795165043868634,0.46213724540924206,0.577546878351811,0.6742617754262861,0.876316823133234,1.1806616693916316,0.4411081135785633,0.23738661081020734,0.37329794595598353,3.608025595788483,-1.761359308902008,1.9387879277904965,37.45018643975679,1.3979498464503508,9.067043177811588,1.635821709099757,1.2659573767319194,3.2229520681044206,66.1776327998692,1.2596417269995386,25.565431788864338,3.4393511403842147,-47.50727262983378,3.5833345599775455,-57.36111540365408,1.7138168343495692,-43.558173854617614,3.2641225048508544,-8.011980938983694,4.760563160505044,-60.64021430523551,1.9386861543074914,-17.81060156877881,4.848379683940753,-2.3784015294153056,2.2284179503452557,33.666590025215996,1.8667328506538425,8.870199257750334,2.0727991119765243,5.139401949483319,2.418992469927886,-17.796491371272452,1.362048416652598,-1.4052401654363802,1.5569419354423286,-15.385351770296651,1.8494008661993835,-22.88285750822399,2.314924757711509,26.52249663830127,4.0483327742568,39.41330297899283,2.556632383798636,49.65542085405438,2.2718075482736237,21.058970493910046,2.7579615311857464,-15.397630378865284,359.9999093952181,68.157439284457,1.6847477378112614,-81.46113848344173,31.585684619157604,0.00016421883505585695,0.028932529098467052,44.91510841096828,2.46857236173271,-92.18457541342548,7.024214250152758,-23.25231489213739,1.1194336833789194,-10.26088860134766,1.1148092153231979,2.0563658602893047,0.859304491828035,-5.754264820971214,0.9934106218182233,14.933698710641504,1.2790043210605124,-2.134236885542624,0.9335116087908293,-17.358128953635504,2.2616922716881005,31.391908065059578,1.8786502729640489,13.812271664239006,1.8313568744296962,-15.65359651996803,5.097271018413659,69.36765565629278,2.526759202175384,23.583912161399084,5.258681978685798,-43.74523601550437,4.615692219999029,-58.40547699092709,2.2680348329589988,-35.342920487510035,4.80096898452837,2.0465259515909273,5.309540842363369,-60.44002388036383,3.8004001063207284,-4.515298774722851,5.077798678740902,-14.816692417729206,3.6010510282600947,33.964189729424675,2.467482087461768,10.21196501989385,3.055408103104685,-1.9718694284817482,3.207900206288979,-23.792130623106207,2.4719683917893738,-1.674774490915923,1.9455097635281249,-26.817996211934588,6.100777958729097,73.08927050838702,2.79939139599949,-5.312051350857156,11.103635675862012,18.69504481502397,2.357257647238203,-31.259878944958338,2.3520602191625493,-24.577082652022153,3.4686358956494394,-0.0025669759656700643,0.07753438124020953,10.862263231559897,4.618221021763553,145.59308986474,16.06863155366991,31.729295993537626,359.9999357965472,76.29111929667769,1.8673880310267463,84.28767067552687,16.83304403960565,2.937255154844811,2.181624180599682,-8.580491230272743,1.6578501731853739,-1.0827728192790755,1.1392725316831762,9.310226422221643,1.3709615685322813,12.37087680153974,1.4826803627965899,-0.6722032265686796,0.9737324250257959,16.66647395946984,24.071246111111105,50.66728388888888,1219.6716793058222,0.4001673416666667,0.6620143537037038,5.660439172722875,4.126666666666667,3.9844444444444447,4.218888888888889
ID008,ZEN,8.994444444444444,0.37230360960186004,0.6678163251283211,0.672791353583312,0.5600778698597186,0.37266864474268635,0.16642288590831056,0.17357672974848168,0.09921277105516504,2.4915173080623956,0.36417524880034585,0.6863800484277152,0.6551705593195529,0.5228653632850788,0.5576971928454344,0.3037950212830065,0.14279425595321765,0.1367988202788541,3.663709367837936,-4.316193530015507,1.491535167875043,-9.338652085915015,1.1256748374916232,-16.207394917149397,0.9147997724279235,4.383789994731745,2.791474496624088,58.24854545839817,1.1495256542379253,26.233635931994492,2.9141473250488232,-12.4413911595886,2.4521419649251515,-12.624806085637374,1.172014198910888,-5.309567863988276,0.9787383113177098,-5.309636523693425,3.7728412205208786,-57.52812352746331,1.025070360806285,-15.069750864523652,3.1683996693396033,3.015693322269777,2.758318240489898,26.83725390119519,1.56494508913622,20.395112785300153,2.4585527651891796,4.770441583201082,2.1882599224819543,7.4302746898387415,1.1016663046418658,-5.537329099198309,1.5410463117493933,-17.976149984146403,1.9509774135876987,-20.67453352643446,3.1702607510486964,27.512617379474825,4.35736418256831,40.93226826171252,2.767961663408509,54.772780216630636,1.694546199781057,16.765952924691,2.796702579031508,-0.8011109087512395,359.9998967437917,67.66686820861543,1.5132655026504807,-82.81220818893297,26.67073720240785,0.00039016833476984025,0.023670462514713744,38.12077570200912,1.902131686815879,-92.07707372917744,6.024510463226124,-23.98513893240709,1.0434961686145008,-11.43460361756164,0.917357240665363,-3.856512502046715,0.9460504710958217,-1.5417475874413715,0.9026695148213235,16.728476626184847,0.8877979766801382,2.8764395796599076,0.8554797609448815,-11.560654963961099,1.9675581754481506,-15.905388690503816,1.87107235188309,-10.439085284943447,1.3185029518734364,-8.275588479873237,4.452290346050963,65.95220505844922,1.6250672886901925,14.585526065650251,4.335174999423619,-17.14382374374172,4.567875867486132,-15.045293663575972,1.991437379705313,-6.703697007662408,1.5900875983621716,1.6457599776004166,5.156340175333218,-62.282492146389586,1.5298103138144512,-5.539365616312823,5.172544144348782,-16.833274769918155,4.467703509730636,26.676895495204878,2.870139109799477,20.204927187687026,4.585345121452183,-2.25034599106887,2.7928674976716072,6.658282147663698,1.4572883999236326,-4.557350759856718,2.035019392751979,-40.68322628290101,5.309038000322152,69.29822285508219,2.0819683138882596,-19.73547614348781,12.189520509429434,16.54205431583349,3.131693089343856,-31.448372295667724,2.6237813186633936,-20.20177612646892,3.88420557045904,-0.0023069549738299164,0.08702459594001967,9.90008294415912,4.4611679926361045,149.237832670746,15.846824706060705,9.198008043574955,359.99997950682837,74.39064990476218,2.1454855390886594,83.52840671982564,14.503959988892385,3.6210105499141436,1.3071185280829651,-13.516244246061987,1.3742597277166564,2.441187044209953,1.098408997629784,18.24168212837359,1.6197772777794768,16.909283720367945,1.3655013467539878,-5.747061817592584,1.6455482179774812,8.40357584263288,44.62757888888889,79.73650555555557,3559.706560834829,0.38208495833333334,0.6011789703703704,5.566640840752607,3.812222222222222,3.6866666666666665,3.9233333333333333
ID009,KIB,8.994444444444444,0.48306667793702446,0.5732026315788878,0.6339996948404367,0.7006796739330023,0.3108949734872546,0.38188064844046243,0.2106110101876852,0.0833207588492211,2.2499343843320063,0.48396435386709974,0.5831631696662053,0.6340568400659092,0.8649335356694043,0.23388554254260008,0.3150142960006974,0.2513547434361596,0.0592734513772019,3.2746909182604163,9.51593257860554,1.2800266781584206,36.282846617897164,1.179142554249583,-39.19028779926787,1.4004494462975459,9.017225895013208,1.7337377491373709,34.90951002121717,1.7462219271260166,34.11850732520499,1.570095414339106,6.1966253280581505,3.6380169851364896,-58.60345812104432,1.2381443330745996,5.766492759201039,3.2708805611344394,-27.064678413735287,3.8536540181591716,-56.191811765946014,2.1735867504542457,-25.930454318384896,3.5571310963616347,-4.132020335292245,1.946405822401322,16.787492911859328,1.3335820088141308,17.997323343736266,1.353191331736761,9.885202363197148,2.6638214508369726,20.597888153630088,1.3730517464318637,-21.226323351045018,1.6906352201720949,-20.29453915170449,5.138404150790028,-44.947794636789965,2.919298426249374,28.22578041570832,7.523558388437834,60.632228236470986,9.47323542479222,77.730153416619,1.7667091182441594,51.939358617376605,9.703095242022693,9.199037350506064,359.9998663457983,70.4663728108586,1.4347291102172108,-74.98215375361106,21.701082088874735,0.0004943391648015453,0.009508758867134209,20.385775361406267,1.5284802519956622,-115.9483236426639,7.909382941325466,-98.08885122140133,1.27293411157751,-2.258606280401184,0.8567361035539923,2.4723374660206696,0.762656725465599,-13.977014139877145,1.507343299143784,0.23586151616481815,1.2008213402875185,-2.742550571109059,1.1018705791727634,-5.70118863969597,1.7024686325129381,28.1209459418778,1.6874557005091533,-36.23008671290259,1.6442772926998728,-6.181907981077623,2.0935557153067013,43.704214372797935,1.538591687330441,36.67112408734687,2.176400133643938,9.424950001851034,4.226701444468256,-54.8630319741264,1.7163955016552053,14.726122014486126,3.7716050795437135,-26.473710760032112,4.640570761533988,-63.323463847279356,1.317519652330759,-19.22305469748219,4.51262597157338,-9.835441418462983,2.7441275380585353,19.49004580606381,1.5789678159054765,17.573412897452535,1.6335521031512434,6.269533899002951,2.3604712244912984,19.15786246659843,1.4762026554607608,-22.017767937517785,1.6528287985584982,-69.1738428008944,16.65446361065953,81.69961787473099,1.2154722668207996,-67.72296157200093,17.553859473106552,34.8557690437532,2.665262474341256,-43.61570178552065,2.1087116539095563,-38.438774599280755,2.959398059936339,-0.0005243244445945295,0.020687198121702832,16.25348593756215,1.5570497986865692,172.85809982521704,10.743254470807688,13.866549437089617,359.9999887178004,60.6929811870598,1.3744702177945456,84.20316662296122,13.752596713350357,-81.57832855585316,1.004771489991083,-2.099920218697216,0.8304085899907809,-2.2858704936231637,0.7026314122023444,13.642354487933428,1.3228505511554052,2.587444418607794,1.0751022708315878,4.631848071142597,0.8888164126092304,10.919307792517879,13.557141111111113,93.71831666666667,1271.230328577437,0.4739144287037037,0.5763072638888889,5.057858040912635,4.134444444444445,3.9355555555555553,4.243333333333333
ID009,KOK,8.994444444444444,0.4584496478190368,0.4461143744948373,0.6623536999945374,0.6607611714191108,0.34038873571336836,0.27649897415914726,0.18760837482556764,0.09069239591051677,2.4900501825230963,0.45748638072185804,0.477162213636048,0.6615237790404449,0.9094615613067336,0.540729853432067,0.3279426732250035,0.27876713118324725,0.14380543621564873,3.670988269419177,3.290323301611925,1.5377045489043892,30.78183267099131,1.3094207146814,-16.267034798894468,1.6205638775985787,9.794552809085387,2.062578743717025,41.76823492698507,1.999439002352632,27.15969477736894,1.6616107562110627,-28.127526349263764,4.285335864083114,-56.366836416675234,1.6097716410588832,-18.305426733325717,4.007770733671228,13.932928208515781,2.4413169663855148,-15.181612507967525,2.232696731053102,1.9632600438101846,1.3935330085277975,-3.6242655468335734,2.4372549681278626,28.01417595007125,1.2176535070929944,12.531642868273135,1.650694058442038,18.724314600236447,2.749067608834544,-29.139254542543558,1.5164557438970903,-7.851132838629684,1.7286938649135692,-13.693401962396248,3.0453393887368314,-42.723991927676344,1.6030538194728579,19.464596932895795,4.333116658396915,75.85279222313322,2.92596119749557,20.389667537402318,2.6442662764562423,79.72798350813845,16.07728888020461,-9.399234514019724,359.99991911558914,68.88445558183231,1.8769881623859248,-87.01870628766196,11.584490248457353,0.0027792850518068056,0.04386068352559175,19.754664289020504,3.908126237488807,-92.98421339621586,15.434247917038087,-59.98566116098675,1.2336862175259413,-12.51292738698532,0.921545434770638,2.145387529378826,0.8229348124716299,-12.060612249051625,1.1492264749237857,14.377304007647348,1.234643957050094,5.72334598953766,1.4790502444953948,-17.183197739529046,2.268052875303682,10.609825943214068,1.759369295353436,-9.170125048023937,1.3779641302688184,-4.538282092018233,3.414575164921742,57.00294425747927,1.8291985144697662,21.2715928137716,3.1948301834861064,-21.451983363964285,4.137441993518522,-50.24516506622925,2.054504441025627,1.2827548702432567,3.659085482813032,12.598674641449684,3.1644556898326006,-20.16530029706728,1.4425219208776852,4.145808795537219,1.523466909591885,-20.20096057444094,3.7071989896842736,28.798115401881525,1.6568990195506934,11.881162347028777,2.8457822111679953,-2.5214809171934673,2.7115918133526766,-29.89929560387059,1.98112369367363,-7.889507640455967,2.2094074648751247,50.27647983890647,14.615691941449274,79.96692917422057,3.293726674320564,70.77774640530765,15.436611883937122,23.145123000596314,2.569188999403143,-47.78665463676635,1.4083021020213438,-25.544111550836696,3.3747729006943445,0.0027580211886408367,0.06630258712410099,16.62875747189547,3.0410619942742176,152.20069595652097,16.17830625883901,7.199768430370623,359.9999810753489,61.17881322117607,1.3760164092246767,89.6175268141834,15.072345289497232,-22.05197170816546,1.8898786570399237,-10.238270857856094,1.351453722376385,-2.631053043481071,1.1656785165527312,23.679078071419852,1.5300375431904392,13.251471163971237,1.3980600335827877,2.6616700391321446,1.6886159388061686,12.731801750294895,25.47082388888889,86.35216722222222,2200.196045041897,0.41635527037037035,0.5631403342592592,5.569870719917636,4.053333333333333,3.841111111111111,4.163333333333333
ID009,ZEN,8.994444444444444,0.41704511511327275,0.6082290002054992,0.6516220048514769,0.5435932648372632,0.5502979526342799,0.3147439027473786,0.17700537839850902,0.15952882483681527,2.5499930297559055,0.4193535958939713,0.6336515164838264,0.6273758188796446,0.6146223994221645,0.717392992225685,0.4938329015384446,0.17913845802104872,0.18182029825600893,3.904709498178262,2.140672537109844,1.6844032967200744,5.735779296867849,2.080409161251761,-32.59187420744126,1.1578608189991093,19.758507293174283,2.6705393946936518,58.13974237010724,1.444865410342669,27.94483430902556,2.792385456965458,-11.43868647661635,4.087691211761424,-13.808793399441914,1.5585223468029963,-3.1475831467065474,2.269645967007417,-5.86959467211864,6.484464740934807,-66.71293911933847,1.5771503347477023,-15.922088669264975,6.225620912610809,15.677756753062619,3.4418634725476274,22.479512322684126,2.126508527247496,25.89341079236474,5.060205087006931,14.790353758359739,2.3688386386599056,10.190682429469248,1.2659514872813373,-7.479698263427923,2.0957792017738517,-17.474404942007205,2.012042642944139,-41.425206604314276,1.5689108475604798,18.637360449113725,2.1257699800838936,75.86897458686744,3.014807216921864,26.259692494767854,2.8657807419835892,90.4376582529007,13.231848899315704,-19.799101004294418,359.99997069726794,68.0507592472555,1.8718314816213932,-77.7563116763617,10.663324893595174,0.0027968769460740284,0.05261103150786778,19.183321680653584,3.2788483759504268,-108.19465205942745,15.788669465955362,-49.46727448016743,1.330798695793095,-11.78978864373258,1.1716367520429678,-2.1997562955842986,0.8881815419067248,-18.02754346262983,1.4612968198070893,13.026918463173502,1.4738180313452554,9.941810000313685,1.476078981681376,-7.52861008153816,1.9252656523949874,-16.805464850110983,1.6892759918955842,-16.726341435548886,1.3676813515762507,4.274539482612016,8.761749210786272,74.12799221116163,1.7537068906162119,2.9498265326344657,8.87880847725397,-19.052429354825136,5.387944278276947,-15.588151914115219,2.7280916488352664,-4.787002547571034,2.343186643736221,8.226458039789321,8.25447819615351,-67.7458259273084,2.8289453324144302,5.936529281389883,8.060094090971257,-21.33523935629254,5.472066984484092,23.15609859640243,2.3548497179488654,21.937791789257695,4.680752770554661,-0.13995812082126144,3.512195800169252,6.550624695893575,2.8713177646184276,-6.173557866363713,2.4616943838813583,-60.60269947970431,13.7538094625416,80.80756858610145,1.8059510569568005,-51.500613104444746,13.898932726789571,22.408494524083157,3.3731639090923773,-43.66055395669805,2.4708115010576845,-30.00761383002554,3.6872689415474023,-0.0008480265999612227,0.02856309758606932,14.27027039397739,2.2012876539421367,163.52376880200666,10.842216544904863,4.666930609981358,359.99999649000983,61.52626527708027,1.5835515363388737,92.49876096697726,13.665841281554316,1.5846699937311866,1.6984885428518743,-16.3308507309844,1.6327503482626675,5.483756218315353,1.4386975500736832,26.266820020300294,1.835307860280738,15.546233178585808,1.4369638465066596,-7.780772540186254,2.066612784235076,5.860211859517873,51.655460000000005,83.05412833333334,4287.8781876019075,0.43989346944444446,0.541308137962963,5.773652349843734,4.147777777777778,3.9322222222222223,4.262222222222222
ID010,KIB,8.994444444444444,0.41815387892802836,0.5835621938287144,0.7575585635072948,0.5561622720686543,0.2947333938231034,0.22465595398720506,0.17178640478669543,0.08455937349601088,2.1789070071777936,0.4198604896410985,0.5889887558509084,0.752392534376237,0.6343762194641933,0.3043423737076223,0.25388824531881404,0.19509622492414316,0.07725814083410167,3.274139315989185,2.245650107650458,1.2448018046607934,37.19829100906517,1.2381792398344813,-30.17345266974748,1.1247428226276284,16.310896218883173,1.421530319218093,28.65556554718903,1.176119091777526,28.85617829272669,1.3299666762348807,4.656811473193847,2.8884189171224515,-44.22724725878568,1.2891266215202806,10.237461856736173,2.557814729219124,-10.578651919403534,2.866059802256591,-37.70534290846157,1.3455120936612928,-19.23612291856595,2.1293204412224243,-0.0683055159118057,1.984746965599466,15.898691142254464,1.365295538677649,13.827253476452686,1.467952497542337,10.427001117062726,2.290778953836207,16.635389259582734,1.2636269362014587,-13.596704872145157,1.5084250110691435,-23.98822807961638,1.67216392613336,-34.194255737864786,1.2550084099467198,29.10498713184228,2.3248815348922376,47.46821997871133,3.552755402834582,62.08817739840238,1.1725855421765103,7.594403233207207,4.164295274940472,-26.999130755224837,359.99994514791945,68.52597832519689,1.1730677984315094,-94.52837994168974,9.912896854069857,-0.0004405112598557419,0.009711640799772742,26.60526326825174,1.4879221780133662,-108.18704799062553,6.209401168642029,-103.17569872040126,0.9319912054250693,-11.692994071402799,0.7495029195873826,1.1777109185940664,0.6898750737771969,-8.757383552067761,0.973942420440604,16.892775210441847,1.0872029432604624,0.191145441953188,0.9324477100126158,-12.759821066879207,1.573624001082678,30.59295917448381,1.6713380080164548,-29.36482745880329,1.5066921013325376,-1.4223635111564619,1.4599613905113626,38.78997551541413,1.3725856757431145,29.854604098419667,1.2848157662972972,5.637401762732645,3.003467123446455,-43.397034929858066,1.6352441822325219,15.393224279935387,2.469844740789605,-9.654899770817082,2.8821824908710143,-44.22814478228562,1.3018513763908743,-13.808593628315407,2.3634617335392916,-8.650801031402427,2.061626119581592,18.00697740822313,1.3360250639369666,13.555279930482854,1.4948922922571655,3.5198186910564444,2.1752751992851627,14.588372935525234,1.4146548667747498,-13.713410263809829,1.3460210577069767,-39.147769166139554,4.19572194994257,69.76963090193354,1.5843370459528159,-9.131227218343273,6.150088776977162,13.917482194458064,2.2239695359912792,-39.7029809469138,2.0799542980452883,-20.040228571144933,2.8673110494789382,-0.00022563200645274976,0.019540035940452838,13.437492408222775,2.364753940328387,134.4489600762169,13.159205174060528,25.199605458562417,359.99999089910534,70.59077884224811,1.2186614642312805,79.82686243358451,8.226044585522814,-80.32349193470957,1.335344630585621,-11.754094911687785,0.8929464052841173,0.7889466914147334,0.7805020865036448,11.369618815430382,1.1203664239327762,14.61651006121499,1.1619514968785378,0.19005891832795624,1.0910365289134178,13.435336127789038,13.713979444444451,91.89986999999999,1261.2485731427444,0.38879146574074075,0.5934269796296296,5.92539576274538,3.856666666666667,3.698888888888889,3.974444444444445
ID010,KOK,8.994444444444444,0.3967582959652243,0.4949356048543607,0.7570528181058918,0.7882624480408662,0.3916614105285654,0.23225038238722906,0.2695941846141342,0.11054451186914908,2.4525580303394214,0.3879430102807328,0.5176784489037873,0.7548602852890482,1.47385986281368,0.56263053312537,0.46002615864536134,0.4684169575317648,0.15632956743413545,4.232590833116386,-1.7422436808305097,1.4812000306662896,37.217017973954846,1.6973201399941231,-30.82541713020634,1.4224370606985801,19.93001394624243,1.4795348104489912,37.02446019058716,1.6804457583464356,26.153031876163176,1.5287137701301226,1.6124301772674783,3.1181808651125458,-49.333511173190146,1.578443114855466,15.186003649843745,2.5523279914719454,3.9233984456556543,2.621237041844954,-27.58925417400436,1.3343739670535364,-8.953147106112482,1.6625990073113677,-3.710507902461347,2.0042182063622294,17.936524521067334,1.1159488760183536,9.30886255541446,1.4826781728149665,16.88107978131982,2.3207144800724278,-6.672897380998686,1.5360361306632737,-11.92634993649153,1.7126742123990522,-24.87376453037478,2.5530141607865913,-38.8894214238086,1.3533958022283954,28.224403409600182,3.558169601793226,62.90185610318649,1.3765568094179657,-2.4896827433315893,1.8861227573287107,60.86767456135052,3.289315907837948,-2.000143908237408,359.99989944558945,69.35066248340709,1.2368186178225955,-85.9488664799012,8.893249550558162,7.218566498441061e-06,0.014316539609107675,43.83634637857046,1.6317577104432843,-99.32125778646655,8.052911515296833,-76.16384239804957,0.9591766407968351,-15.188780420986626,1.3293781799186906,3.6273249400145913,0.7755101535941217,-7.1388737848912625,0.9894433103845784,15.758282839430285,1.4585936696179929,1.3057177378163256,1.079043710117396,-26.955974553634384,3.1788875304584123,19.21329782397784,2.2575555842810537,-27.440247216969805,1.7009669236136198,-1.4583062672889142,2.738457963559276,49.52683992646787,2.2232415385817603,24.97330947269459,2.165176920977774,1.4551973424634776,3.9584154476780204,-40.294981858898915,2.5532041582149754,21.170574045465667,3.7847690324669756,6.202804945300442,2.8988282414278883,-32.21243765492786,1.6829052201798582,-4.249207296811763,2.0090921863843416,-14.514556867490077,2.5533259403403448,20.26152439008891,2.18268770854567,9.310616732728198,2.4584967121772445,-1.3959649839969477,2.4107758987120262,-8.158479213191699,2.412206956584517,-11.114805849605341,2.1673779071689445,35.84816581557571,4.724094804995019,60.8195785930064,1.7446178563166044,78.86309023454984,5.957473505054116,17.84473387253139,3.0733007158446335,-36.0426701981511,2.7123151351984447,-20.7669831246028,3.823902767921909,0.00041988585468000233,0.023244180754328558,19.573907698309945,4.494418093434663,130.07667984105228,10.331152211801466,12.932977967225161,359.99997891079295,71.00064197679035,2.020776715308281,82.19108752400953,17.277329367169393,-39.326465527996945,2.2769537580456514,-11.00983219307518,1.7456371935595913,1.9247568588195993,1.2720923417939427,18.317964571105243,1.8309657995779822,12.466465950811076,1.2912190475397398,-0.1343782864858774,1.1078215431605638,14.553955334949396,28.63759833333334,94.07407277777777,2694.853825870704,0.3599358555555556,0.565804762037037,6.028150440416793,4.0088888888888885,3.841111111111111,4.125555555555556
ID010,ZEN,8.994444444444444,0.3768969030031732,0.6084702909960938,0.7605269414566873,0.5062399430154652,0.46768317378788504,0.2470481695190574,0.1363842902250164,0.130199761502596,2.307033418304184,0.3607095130168488,0.613851654981856,0.737749848427303,0.8515380336311107,0.6233441367813275,0.2792427300976952,0.24281350170027594,0.18608318389394413,3.8037431144335527,-1.4259546145403532,1.783232082060276,5.988625971415061,1.3275718023922023,-25.445265464437206,1.0161614049981331,22.04118694261737,2.434590559003275,39.50629628715821,1.6416647152959698,30.22730612815613,1.7748997659343928,-7.807704789713879,1.8247879001103968,-1.7088605570926063,0.8565783721799931,-1.2492726935772924,0.7291634284998987,-9.862301369684257,3.0013064575393904,-44.88421697263758,1.6991445736654058,-25.25097139848553,2.672362908264396,13.971374435361692,2.0929427735038226,10.67069594776997,1.5268376920206819,22.780441602332594,2.018997522110813,14.907112286884379,2.405226908049771,11.189807127405448,1.2542319361170324,-7.437060201253968,1.5876259023956902,-23.01393013543304,1.9366682102562591,-35.796857887635824,1.2550543040388902,21.798538433677056,2.2144471244113766,62.64702914412241,2.1297152350370396,9.753638343430115,2.6160908731138948,53.38344344208606,2.78137671114992,-3.0000088632857187,359.99995595793405,68.31441107939307,1.1470853150039972,-86.28550293672117,10.182675801214893,-0.0002684274990145491,0.012973622140504366,43.18998329789195,1.9087460469920914,-98.58023896049036,7.406137903677731,-61.97283312763367,1.098272445450307,-10.994693538177245,1.2136292423759703,-1.895149363652337,0.8632699290088072,-9.825383614359708,1.2377903153358953,15.47887526255885,1.2225877895023243,6.584825985692376,1.0705761600023627,-14.085399430903294,1.6937750852550675,-10.848204990882195,1.6420579121530878,-15.65106766192857,1.313497391924511,-10.37367328455578,3.824387795777885,60.22071629385073,1.7375747038238132,22.545276416103782,3.5015912694260707,-14.058299073359027,3.7566526905434174,-3.514410389568974,1.5225944362116546,-4.053369027052825,0.8580636790443968,-8.793591202805796,4.153083113576244,-50.28500241152554,1.542655077770479,-15.515003926695282,3.600827073786424,-12.794012164113306,3.785242159080572,16.732119066090224,1.7446867735937943,19.77926576516876,2.3097530617350985,-4.462485656332458,2.324630440916631,5.845738024290877,2.1134121152119305,-7.704360413619878,1.6127531404610977,-11.597571242112263,4.684077534315734,72.88400329269399,1.5184863909886617,16.39575432234349,8.371078665986527,9.344721854550434,3.514941139782384,-37.816822007835796,2.2492701551285963,-14.28661136671089,3.9661516865826707,-0.0005846208563980947,0.019093946852945545,13.24947755477785,2.0877845746708283,138.3003176300787,11.386560413132296,6.133294147500313,359.9999952768066,71.52908936944054,2.345326433485957,72.93730193110942,9.452542822458634,-8.292940430930226,1.224111129989442,-15.362237785119678,1.4099466824678921,2.1527400351873376,1.007249406141718,20.222991988447294,1.155277459953009,17.759188592430895,1.5623101221368352,-3.475130128318662,1.4575140564348312,11.595220708241243,47.58699444444444,84.91363833333332,4038.9745199057747,0.3833040333333333,0.5602336768518519,6.825800119608789,4.1177777777777775,3.9522222222222227,4.211111111111111
ID011,KIB,8.994444444444444,0.4905213489493231,0.5600862234482353,0.7910474407943975,0.4470155817359722,0.2809666982553538,0.6832771309721553,0.11935201397325113,0.08181376028409147,2.2447111633499373,0.5016484027005748,0.5736288373122964,0.79104789763152,0.9289388997485016,0.7540402089026488,0.45382386246304085,0.24546852445408365,0.21255131864713522,3.9974663984384726,-0.3217615623755955,2.8912731417062054,48.67375891119274,2.130421561893887,-46.59916761125212,2.6142183315988903,9.538841907433905,2.927443075779403,41.607409942966385,3.108267162260752,45.89256389092169,2.0219224882661053,37.39241676607658,4.928913651144632,-60.6966554450666,2.1668063722740953,42.27672047467085,4.758167848768785,-30.867544563125012,4.8096846327396126,-52.42603595885938,2.201854089817013,-41.125708944390134,4.420664625440144,-5.473293115863787,2.7092113360401195,18.074336449169394,1.6277062173502521,12.049175635054954,2.059415542952265,5.68492214905002,2.728260700349227,16.481391874844455,1.7280572896762423,-12.64798993634786,1.7397963545676258,-24.176523010324026,5.240840661355419,-28.300870335374167,3.9279031317889164,28.94718930331042,5.285437276282388,43.78296501200143,9.477947904931069,74.28700759484877,3.5584877070962078,18.199934422068388,10.825494611224801,12.198820288251335,359.999893735365,72.93831862770487,3.6485015649252546,-80.59495842635542,16.961652161540414,-8.781701196700211e-05,0.006198578546696787,17.07630584939608,1.2345711684374656,-124.73841899100691,8.933557789128127,-96.97027161041413,1.8095388531455285,-4.21824506599568,1.1874097417801879,2.1864537930473213,0.6751499278958957,-5.747386298547193,2.6805544251383564,3.8422021357947878,1.0301996442609807,-1.2382546004279584,1.0223636686737991,-15.589280995338324,2.184018726438552,42.54558723663524,2.0747537327262977,-46.966213825585776,1.9195677325786193,-6.145553640197545,1.968951119051733,48.32591491445886,1.5982048630675436,47.50023433964375,2.0894128179948668,38.392199823615655,5.687898421380319,-56.88155911145693,2.566666996183396,47.49684424367549,4.419865693780413,-32.1976127268617,4.164003333467417,-56.99791077359934,1.830961115679969,-38.682830512518656,3.9699967492455484,-8.87267432623722,3.2959875874163784,20.88498592554709,2.093753059677379,11.237613337896052,2.497159317452787,1.5023759265844674,2.5442462024208257,14.979800807944027,1.9401276843224102,-12.96651903679756,2.4672704157089718,-80.04154527023745,5.969060661940967,70.7359634552564,2.2277821458261373,-55.62607694283132,8.731452691573365,25.53709357695479,1.8616795966722854,-26.26597587654802,1.7135205008281111,-27.153320210820635,2.0729165526942217,0.00011774018400181768,0.014301301794807033,13.46267251233825,1.854683426320913,151.01312746942634,9.872594585471864,6.5331996064885685,359.9999837822911,66.56141303162846,1.2348912119458517,87.01069035345921,16.34669976304034,-80.53951051213485,1.1303533250854998,-4.485863128658079,1.2234937877828749,0.785824636940011,0.66052994286476,17.67821543118676,1.0637665907883622,3.9973712047324037,1.3668581442336714,-0.1394468374455955,0.9015734066729907,19.657267915354677,17.03086722222222,116.75705388888889,1988.1486769871233,0.4556753388888889,0.5871986490740742,5.7646793372836544,4.102222222222222,3.968888888888889,4.242222222222223
ID011,KOK,8.994444444444444,0.4634759874932686,0.5154278995186841,0.8083669723040323,0.5720668547966601,0.7290789868472258,0.3913309242341878,0.18030162418824636,0.2236309068838568,2.84972778201585,0.45055748515470384,0.5482824443664269,0.8046638664071095,1.422633712851069,1.1814600695186472,0.49012629784704664,0.4445868106359159,0.33806321010091933,5.008066107103534,-15.29786048865474,2.160001649565855,35.78561682340111,2.4406938996685255,-40.68296766549162,1.5720442317118013,15.673882274342953,2.8043049251910523,54.95381118192857,1.781675903691017,33.076634283778745,2.334777186099383,24.03344983736384,5.572440461603452,-56.80768586371805,2.6819232210991886,38.48344479292142,4.849768784313833,-7.741960181932401,3.313993066425045,-41.699020879185255,2.008461659503476,-16.29922789016335,2.768089186931127,-7.759094389245149,3.2821110288940702,21.954417943789377,1.5255666725942212,9.195791207997107,2.4264459332323156,4.951718910816013,2.7987515119161004,-7.466653972716058,1.781028247662223,-9.714247034258777,2.273585010696837,-19.72160743849016,1.760341288786274,-23.99983576316546,1.6775328108288747,31.03304784685082,3.0017884438521834,71.3609957832085,2.4190512989491624,42.13891768311819,1.8821416742987622,59.96616565759727,6.977072865324878,-4.399579445938134,359.9999270163038,69.90926769517327,1.3884410761567296,-77.2780739267425,15.867056358584865,0.0013241729490336535,0.03671355122210259,18.44058418928108,2.844843945301135,-113.52640537394313,14.39225134628309,-47.190347908643076,1.216615256608226,-7.770517758413726,1.0457463732151964,1.7252587884124382,0.6760994419957264,2.945086443087463,1.400707936089122,5.519781924059471,1.1385223680719458,0.6351341997734362,0.8414676569271954,-25.208062280105924,2.9425648687206776,22.160118529533875,4.241339293709945,-39.40380998145399,2.322940888328624,8.52401431351279,5.557150679513507,62.86945732309565,2.278007987031555,26.70556328933187,3.7686282123706953,18.074425774572962,8.381801304798381,-54.296985929716435,3.501088374486669,33.70911130449137,7.732758620679677,-9.275535130071537,3.276495805550437,-46.44151368586523,2.8600536923862507,-16.56982695140407,3.153845527267655,-17.090700190844025,4.826238861982466,24.890352138213018,2.6403469397210513,10.694594477568407,2.9326179828087384,-2.3874255264366426,3.4043994565504114,-8.108377162811559,2.898834044533305,-8.440377626835787,2.4991003961942306,70.26152765536335,29.04226801934758,81.97001594592588,4.079595129563932,109.7340837654433,29.937574408141074,24.9946597643764,2.6366266834570853,-26.401174862167046,3.6916243691727737,-27.98777053584834,4.188838396266979,0.006110783298575487,0.10541258884345539,13.162766722921457,5.612269886839464,138.02165567410162,16.933734172437806,2.3999774449373086,359.99998850063514,66.05514741290872,1.5617212186347884,78.71431435136165,25.550580056607863,-26.207439342923557,2.6351980528687333,-6.746358720426684,1.5421388037503165,1.615347697071489,1.126847983868445,24.44576402767736,2.416636762086315,6.3550973762047285,1.6764229791106877,-1.2289138425052708,1.794252274734027,17.943792765895335,57.57348888888889,111.73404944444444,6432.989176038026,0.402360887962963,0.5609291935185186,6.090165870072745,3.996666666666667,3.875555555555555,4.176666666666667
ID011,ZEN,8.994444444444444,0.4138491788666612,0.6627201003968162,0.8184153701344534,0.4211692975010761,0.5532481177924775,0.3050821677541249,0.11901045720543299,0.14628080821930695,2.435746287038327,0.3915992074091635,0.6928917890911399,0.8033437148366069,1.0419239326735108,0.7659551509032436,0.5311439864849632,0.30825922067751715,0.19054012531871087,4.433074039106041,-8.177779133974406,1.2603070448135942,11.590144238609163,1.4390589390399284,-38.173317370534825,1.078478838723194,16.405787046041766,2.1497508056207284,55.0063224402618,1.280974041041901,32.40941638672771,2.1376280877963723,-2.5941495058173323,2.990066122747698,-33.16164487196969,1.1791413565984938,5.36521007883275,1.8174150295137423,-15.968400768380254,3.152834509519983,-51.344363816965696,1.575294128652007,-24.659102240741884,2.9457584747009546,2.2048078811841156,2.3425328601929243,20.39535512651135,1.1558984683287015,20.336955581140064,2.080357105196403,3.0060486185247988,2.178721602035124,0.5552790565167003,1.6320299448231665,-8.937002129346604,1.6021088902967897,-22.46311293773392,2.561409222818996,-26.219819132417786,2.2493548034959003,30.11072883700337,2.5391029815703994,64.89451892783362,2.9200199624358234,53.55636217612225,1.299826292644127,43.38661957300468,6.8292896104305125,-15.598926561710433,359.9999656454967,70.81870925293207,1.8354508516387937,-73.30818796844575,11.644987507156632,0.0024900655906802335,0.038560825468458376,19.1303746983045,1.8676453154210833,-105.96336917085242,14.485921785838178,-33.569830285158936,0.8463163749955271,-6.693981722523437,0.9144517265462138,0.0791655460930441,0.6268971191514398,1.6611711717059,1.2810295348353873,8.061902003417028,0.9917942555864009,2.040238357387288,0.74058203635513,-14.315029279392798,1.999294582469357,-18.63367683991128,2.2597178002311744,-25.870916012865717,1.2860451120660508,7.349381483011899,6.081441658306761,67.210329248911,1.8574621147800259,13.97806701484241,5.952461106537628,-17.93057393347573,3.2138919778914614,-10.850782071718596,1.2343739135628653,-3.626920764216152,0.9890101367439055,-13.727332274397686,10.216567925574314,-56.402769092451635,3.2573371496660997,-18.385308315309555,9.322155802603168,-16.48006150726675,3.63343378528527,19.185331415877716,1.871155391158797,19.288514968962957,2.7189070436486404,-4.846225254093019,6.06737709196661,0.6478457893613635,2.2324740631992706,-9.417274381286408,2.6087905044063184,-78.70087558576279,5.867999817946367,69.43468109131,3.086877523358788,-50.29263025658067,12.610008266830029,23.933444496559495,1.6738982979681623,-27.314418187771288,1.9087400914632036,-25.833938735986937,2.1564743681747087,0.0019329593819334208,0.04665094800402112,12.334181071252317,4.124549354515949,144.5600265396243,12.219056488681753,32.265309210735666,359.9999959674616,65.314870803285,1.33533237605442,80.4643152108397,15.26602904149756,-0.300117742490269,1.545327823512664,-11.03643293011119,1.4378859901311525,4.897122706947646,0.8247558260809991,30.02212941053286,2.162248026449679,10.986393932380413,1.2003318966810403,-8.50827292988747,1.714849908669693,13.224643701491496,78.71953722222221,102.05362055555557,8032.324871058151,0.41155484722222224,0.6026119962962964,6.3747462055169395,4.011111111111111,3.883333333333333,4.155555555555556
ID012,KIB,8.994444444444444,0.4821799072649167,0.5532137538204067,0.6688413175525492,0.4664957584225249,0.22435326930268618,0.2554361776698255,0.13824659319318539,0.060933959588269374,2.347425218334989,0.4839656907951885,0.5573008208684744,0.6628687659204548,0.9157162226304871,0.3165783692600188,0.2283859262328103,0.26841136984409714,0.08451055895658255,3.74110028574045,20.86302838032443,1.64221302826155,42.907720571585116,1.278621796622268,-45.18290457318912,1.2971334853611594,0.0479279604536629,1.5619665517101329,29.093139992398374,1.3240038713292877,41.588896266227884,1.361001245517329,28.386883150842618,6.310869721738225,-68.13430942846564,1.5791442476554152,24.351893262110103,6.322468793862482,-28.840971844577762,3.3762846220739875,-54.86155550059302,1.774620207272676,-39.51939802323521,3.409553200596618,-1.769544923387155,2.746998661987801,27.568176031621324,1.1733174889677742,17.018190652958108,1.6340844848428986,8.790945244747508,2.3182612576632193,28.320602947955287,1.1040455829288134,-14.721621175716924,1.238046651077564,-27.58223552798996,1.3768680859960944,-34.035806166749396,1.5195178078496574,27.97499337732833,2.8281324927490075,75.46842799850751,2.4100419310949577,60.08767537693681,1.2685439787955786,39.74735198075717,5.903991567003816,4.000102417651376,359.99991137799736,60.71707553028129,1.6450507740186864,-74.05966836853105,16.85486361468668,0.00022101299281568378,0.013783856544938466,13.042501837665736,1.5047115531120574,-105.81155117746277,7.102841605004196,-104.67757673634874,0.8557096229520823,-5.121069607126451,0.8884907285033392,4.743164259730003,0.5620922033468837,-21.22057657019612,1.0709405928894171,4.41191325391789,0.9066209289693438,-6.679068713697996,0.8504499379369852,0.7580483206413671,1.8517445085937105,33.78631321540964,1.5642509630084795,-41.804146500065784,1.504828121515932,-17.92252347986287,1.8921324062447205,41.67990196345447,1.4837389760961373,46.654236442543535,1.320381459906305,31.59895931452009,4.645197237504548,-63.615776915799856,1.8515910511721458,36.4522086150463,4.073512888553081,-34.87559530712049,4.001717494649807,-61.839421829198,1.911421770336507,-37.518069638327994,3.6612342808848184,-8.191234321079822,2.4189352069576135,31.922886887489028,1.1221670354245759,15.654857471967711,1.9155928863733407,2.3825901480540277,2.3301102787873575,24.530343701516536,1.366647300111437,-15.194054575045826,1.4370680076842384,-37.89459850501929,7.138117282023191,70.63413118475334,2.751050066319931,-12.798215968383996,6.681619289916318,26.829403743600956,1.826078373765587,-35.279917607620945,2.3631406474795256,-37.95271319126988,2.8838626668699034,-0.0015490910897133702,0.020856676626194743,14.129752969462363,3.4934746391888254,143.49212842690375,10.79290104362002,0.6668306567536162,359.99998606617373,66.55730251790615,1.57069253486589,61.73460671925407,19.073436057628943,-83.26692553693701,1.0623898451062843,-4.977146714756075,1.2136855687053514,0.48055421555930095,0.6734838186789723,16.133020206367558,2.182162006071356,3.454157053376936,1.0582034941782348,1.3308569949975486,0.8162791037050938,12.966073404469716,17.143255000000003,102.08621444444444,1743.2802192385357,0.4461613861111111,0.5679325370370372,5.971037431135068,4.046666666666667,3.8555555555555556,4.107777777777779
ID012,KOK,8.994444444444444,0.4997539370847375,0.4666385797663125,0.7122373574328902,0.5993832827044199,0.42550721026778815,0.2187308071970273,0.1860868006305946,0.12128086718821347,2.4969939615452854,0.4991646178087824,0.48617592819064326,0.6964408693330293,0.7099018067358365,0.587865237160019,0.28667079010344043,0.18379523977829046,0.1459573424785057,4.072164361618256,-3.9386036094034003,1.7410362834393986,36.34180275533861,1.7174939612677278,-22.066888117506796,1.3316293088767879,9.329609167173864,2.4436266878752337,57.766140185488645,1.581787369863403,25.905587306629506,2.2930781675143592,-1.6473294973343564,4.46507818644297,-63.448429129195155,1.4006212232555186,11.010367649629215,4.161017019301329,7.300133876937556,3.193739097717081,-35.247436656386995,1.2409704096824874,-1.152505270807136,2.1819779838340514,-6.174572552428667,2.260537380964798,29.448847875976377,1.1964131291699929,7.269075745615621,1.5346863224521985,13.490637207015235,2.873429581848216,-16.817607968250023,1.3552091927451326,-6.91542037980459,1.6286973698237852,-25.093590045417137,1.4638920916732558,-34.32835889305012,1.649027910268066,27.28807394939154,2.268884321749135,76.73810589848215,1.7136847644883546,29.864796770845892,1.7605715658054315,63.67221499093323,5.201637216206043,-10.599381800168056,359.9999337703402,61.92763313494203,1.5234718548665853,-88.27077468937733,15.297080178464764,0.0002832578503942743,0.019844994947138383,22.682530429676667,1.9720587486944232,-112.58895321772431,10.71643919684036,-51.63691569839057,1.1207360498064147,-14.82154309113757,1.2689408221698453,2.00840899467158,0.6084014161288216,-11.19019900025785,0.952471773667698,12.82070185184613,1.3914405646155423,-3.628175989228178,0.7769571385299974,-25.773210629810542,3.1379985177402845,17.64626059457343,2.114702283963824,-17.387071491482477,1.8243237547263944,-13.59434126786933,4.370352765535962,68.48781058344812,2.165059271885306,30.264590880234426,4.08732997934628,2.540631768058533,4.422574743999554,-53.998776938787515,1.9832614393577785,24.026268892956598,3.736450841152087,9.162668784749883,3.0893253582002917,-42.318038567610614,1.7085999726685912,4.080780959993691,2.2592355888230555,-14.015644548163085,2.975175753380128,35.10942431632625,1.4528073221983504,5.959114715968818,2.057884003447607,0.24681361949599906,2.3226145382953183,-17.096240539048818,1.9990440926319077,-6.806191923267681,1.699114766643774,20.82770822806026,9.275238909680727,78.27781783285859,1.2841351752428836,60.175549924904246,10.598869468458632,25.704784202149273,2.5319633908315375,-36.57172484217714,1.8813206228571402,-31.01072075767842,3.1758408202933857,-0.001485562694469199,0.02059581818618361,9.5844656335264,3.5650950290954,129.563486552946,8.885878046025931,0.667580357445815,359.99993454814523,68.15760243320565,1.7022039345554105,74.07118200299522,15.457918485519809,-23.032713120400462,1.7395729996745657,-13.298764441216065,1.5785172167489079,-1.7831904089316264,1.0906247900313042,22.075449297788957,2.45744749951779,10.81256650369791,1.9142287377596356,-0.3421763378180859,1.2118521644529252,17.132654216974796,30.358686111111115,90.75985277777778,2751.875465204275,0.4568808740740741,0.550240612037037,5.853255724370055,4.156666666666666,3.944444444444444,4.253333333333333
ID012,ZEN,8.994444444444444,0.43400362716887664,0.610544748143665,0.6991458030368379,0.4359518429117893,0.37702861310241254,0.21744370053702333,0.1400798611812985,0.11462891321791835,2.514983308050002,0.4125234438962275,0.6183787960112589,0.6907812836724516,1.0306211558728162,0.46424798984468607,0.3323951642801992,0.27199963672725547,0.12548618308253312,4.590700407481172,7.829557459140285,1.2247164162047715,25.62248829666205,1.3323974951827382,-38.00846295194702,1.091240568876725,9.277715327269195,2.1652956854588057,54.00948793792054,1.3835611380872208,27.190822574882283,2.09326646449059,-1.0941592606365667,3.3581368182940023,-48.25185068734259,1.118651649360551,-1.0880366779215815,2.7207020393914365,-22.095694556211633,4.7476568786459,-61.717258420310486,1.6498423797941157,-28.475035198378237,4.4672152255146464,10.468593439221692,2.595469660738228,32.425011430666906,1.2744994274786066,18.828241829176566,2.5526463119129534,4.56794011118469,2.5595999968808867,16.116844405646322,1.1708094659834625,-10.4007484418257,1.4166404875105822,-26.109207431658938,1.4250593552833735,-39.2215607576933,1.6258366354753064,23.275971098202298,2.4279027547617402,75.68817094900817,1.479057270834582,25.715720581618108,1.6874539468924852,59.198502250764555,3.848301849864369,-8.600008377151001,359.99989743232874,60.01689556369873,1.4308463135999703,-86.47421809372698,12.427064872621468,0.00035902020776537363,0.017491382871535493,23.38720026886229,1.2491133754925834,-103.15444463511922,7.806320862631219,-49.48085795247319,1.11608808580322,-12.534149090954791,0.9355449417817958,4.958172063232793,0.6463447288722457,-11.964608554073845,0.8845964402800736,12.954275541629732,1.2977634145632884,-3.1775363664841474,0.8025697886586055,-6.671557676665797,1.8724943947185313,-8.370606986392719,1.5974229013585683,-12.77899807044313,1.1368196056472701,-27.078810305326705,3.657908271816288,67.60769998870344,1.6793841641134435,30.369871370593,3.5874293139008655,-17.774564362906062,3.5831510676042724,-21.3133761713954,1.7433894612567407,-11.41358281957503,2.120040944379868,-11.203201027163217,5.397157611186671,-62.896554587379796,1.5734148713713054,-8.355790550105372,5.147751494622122,-14.865753086464062,3.532563039078346,28.249912089278915,1.6766758218257423,20.141422052023046,2.9044923487554315,-6.4600876540848216,2.6034229496674106,8.752803777134888,1.5912844720071473,-10.793996575683696,1.57480998091084,-45.85429466974812,5.427467714779327,70.50279735226414,2.1591590654904906,-18.502321503499598,6.7862571680462995,20.944517278564156,2.2404687980993927,-37.63494335905185,2.245882033577222,-28.70805514830105,2.9181776300373032,-0.002375439711819486,0.0314682962969768,10.73098814089401,2.811729274909878,141.02895460338843,10.532240847622854,-16.131746558795868,359.9999838542052,67.36459121147576,1.9787615403267977,80.35907807001294,26.112650730889726,-5.72718215265245,0.9887692810115734,-13.997993958924402,1.2033204766206507,2.3447773278621096,1.0905433658535153,28.43899384670471,2.0072787882256575,12.36573227067581,1.2285692676299014,-5.716932727437267,1.2209115951429987,10.768445239535078,50.40898888888889,83.64350777777778,4217.863759071218,0.4272848101851852,0.5660551935185186,6.330905271636385,4.01,3.7944444444444443,4.074444444444444
ID013,KIB,8.994444444444444,0.40623580734465203,0.51683448987565,0.7185442985248999,0.5560969007357386,0.18217590155291674,0.22033527243600526,0.1672244130822922,0.04591428058658043,2.0154415556606597,0.4111912791802306,0.5145515044446162,0.7214135128368826,0.7776343361872784,0.44294769463540495,0.30470655213796327,0.2269670413852601,0.11044458244045204,3.3448014006367366,10.845753281780336,1.372616662509135,30.506289869372598,1.1301628686767642,-25.125663933982743,1.0462844757695116,3.460740724144672,1.4230993061486905,27.45895766534695,1.123411893632722,21.751681616038802,0.9369109709431591,-3.2559830665869476,3.4990186615344205,-55.50376256638765,1.3226463063303755,0.8481324834797773,2.91775107975291,4.742056637940396,3.734820916077686,-57.38369380073311,1.0722592046733126,-2.032982674868438,3.4263275705431653,0.3483834932987765,2.2389352385921653,23.60052973179637,1.3202440764977752,13.093496265356574,1.2901668253179044,9.420128589424404,1.9260119099638602,26.02410329546994,1.1969329419330414,-15.1563416292201,1.5326827866171153,-15.81977733919067,2.028424301930783,-37.787968008079716,1.4782998369613225,11.855075439928171,3.2033080783240493,29.16568845473198,3.6483167156497713,65.90381677985269,1.293105057372955,10.046516602645227,2.7822109107011705,13.19968798184745,359.9999493651089,59.51646467958992,1.4811528101177842,-75.44940299061518,13.137833435210121,-5.139095680730501e-05,0.010928261536843129,40.004142124679696,1.1825228859414672,-107.54896833828737,5.8954919594506325,-100.62083114299563,0.7959814474853288,-2.2369357469433977,0.7919534018201049,1.3818979078336466,0.5045045994148183,-9.434631771614352,0.9268268549060267,3.0156303835013754,0.8540082558310189,0.5882903392130141,0.78175637458503,-5.381881414781375,1.4042738087923194,23.177687408982866,1.5361755849799288,-22.375472098653123,1.554079139264583,-14.55755393935181,1.8295782327811456,31.63138032487094,1.403376690273491,23.463031382942784,1.533640715321902,-2.1508058624671236,4.022261350429551,-54.75607422727736,1.75467283877162,7.096689396317413,3.4454473474977645,8.898836568632415,4.2217047514197175,-57.30236237635937,1.4195671699481351,7.951353112812579,3.6767760025745844,-6.81649367506297,2.8064362672715104,26.214384647742975,1.561080444911319,12.463971058843603,1.713127102898126,4.601814339031769,2.766975737926944,22.759801710103574,1.3779001720769493,-15.778233287891041,1.6272154036076674,-83.53039516956821,4.03324292603989,70.29725933964643,2.1236637237600062,-54.37866020279188,6.285761641219805,5.544368322794109,1.7992108544430145,-29.601454568549137,1.5983577092477148,-4.553894204105353,2.7117545790301985,-0.0005415542832481879,0.017296077639906003,12.608971419157474,1.2712672634208175,144.88877660726888,10.524790711523593,-2.800030497119816,359.99998519050826,62.48437215774006,1.6817380008692269,78.96200186335523,11.119829087298834,-77.95392256023395,1.5038291889251725,-1.3055174312210327,1.142114944504104,-1.7687897118657407,0.9087964162963755,14.041332104709713,1.5727145462106686,2.271045734506168,1.246267447057462,2.27612656504895,1.2263656114000352,13.395012211393459,12.346286111111109,72.39613833333335,894.2217226317146,0.41327307592592594,0.5223210324074075,5.807903407276273,4.268888888888889,4.105555555555556,4.390000000000001
ID013,KOK,8.994444444444444,0.4378357104403654,0.41744864941655,0.7400018730914619,0.4394643888370209,0.3135137105788466,0.2203888612821414,0.11939799351077178,0.08172008950277868,2.221129723799678,0.41012062121422693,0.5053527846683507,0.745647239560052,1.0734431838708358,0.5578438466251356,0.19942285824077866,0.3560711534910818,0.15418314549463547,3.816421291607765,-1.586149286118508,1.4020331001742197,11.989554579426551,1.2167389307553977,-4.918727290305597,0.9383040377412166,6.456667124586403,1.7665721834613888,36.08950321688895,1.3130139706491313,22.38020417411321,1.4650854253153767,-16.089485442529007,2.6529893204879262,-45.919938631085,1.0853104881320348,-7.2670638406294,2.448591958697528,9.039384889535205,2.4485172190897373,-25.712964819752564,0.8734161769727133,-0.27529680415322205,1.2977675682393646,-3.103227011949181,2.646214956347951,31.862120691012752,1.487494238495637,10.851419271595494,2.8464233728987427,6.472480553607229,2.2707565308509223,-11.375536512727463,1.7981965166231397,-6.02404068875622,1.7819951685635906,-19.09897419535473,1.5864450816851359,-36.37430217725479,2.2472250472211046,14.818951363940997,2.5528387890003414,41.20361907371153,5.302250674896182,50.345038790531206,2.490626896998093,35.21951161170713,5.689340574091602,-6.199914366459758,359.99996679066726,54.78065417058495,1.3263663357160866,-77.32813629008805,12.96396195446954,0.00011135304612128374,0.01972243729439956,45.58897412328142,6.413470007806266,-101.66815425185352,9.678087797672708,-36.3741685737708,1.167288340677041,-1.7898256362103613,0.8925559970369653,-3.0037343735199324,0.706475114211728,0.18622391744021943,0.8248929160014484,6.471422456015586,1.1452600074847687,6.192726055871551,0.9325746960263984,-13.785735199735296,1.460057755479814,1.403135901842548,1.0852665460410038,-6.959379137087751,1.0586103535079407,-9.4284613448573,2.3533150790622406,46.699612748811546,0.9529160052624193,9.76490121841529,2.1304823423540222,-18.13629096587307,2.769807475336491,-34.552999896418584,1.5783461362592788,-4.174834878980393,1.8509596250885916,10.390228353301923,3.0391639691044805,-36.34700489402864,1.170251558645473,5.7874111114085744,2.1246118454487277,-15.116291863087918,2.8852654844296497,28.36737910982496,1.9571291849892105,13.170288280077283,1.9271762398999073,-2.0088942266816794,2.424181184771464,-4.561204089143141,1.5342900564349329,-6.21892480985958,1.438922479180631,-83.90311632797565,7.792735808953284,77.56670827844867,2.1245503671219126,-51.62891856744886,8.955603786230451,2.416237338103966,2.0878355836551803,-31.965586318647222,1.4832835119994356,-0.17962242824832025,3.018373723457853,-0.0004950276011274853,0.019990464088702496,12.651072208598787,1.863081098827244,138.44740631341318,12.11942906750088,16.666189126392986,359.999996915052,61.92143298396434,1.1745774607994435,84.28489561268005,10.581663663202079,-5.4571916838574,1.1609132350978446,-6.646877197119915,0.9064797229635086,-0.31443124189142885,1.0973983034103134,23.749433834059197,1.4384707223026054,6.333936898320776,1.1166629003791677,-1.5628076145595258,1.087232496368504,12.976563883392828,30.292797222222227,68.8598,2085.846296250823,0.4061978333333333,0.5092971601851852,5.950424281459013,4.0744444444444445,3.8899999999999997,4.1866666666666665
ID013,ZEN,8.994444444444444,0.40761547985813984,0.5291538490905343,0.7453842449410759,0.4061466538836678,0.3369301118567236,0.22682094247618245,0.10684969744429598,0.09032685283205952,2.131214558975828,0.3958942495560834,0.5458216879422346,0.7430458126569721,1.0648390380501738,0.5515048540887957,0.19800890816764172,0.34244277110518,0.15308285738568622,3.7286569152055833,-2.5933862324835513,1.178475048908358,-5.06124889722814,1.0477331920315092,-11.861072884012913,0.9391477158448198,9.770646312807743,2.0607278902344532,44.01004943472476,1.1041173215041993,13.051160240498394,1.9899447787747597,-12.522998961817255,2.1680928280910106,-19.50639895245566,1.081890476226976,-5.0156589371318505,0.9573182219518873,6.0613443263443525,2.869026606168263,-45.22972035367709,1.2917179657601565,-2.039674654531775,2.3021867485674914,-4.20204093128134,2.1734226052943213,25.35303189715926,1.0751908490653512,16.960241245201605,1.3680211651792349,5.7626187542855325,2.0176893469788837,5.9016491675175295,1.229838002315579,-5.536909986514418,1.3098179879719414,-21.059121887860126,2.9950839093266284,-37.58355309517383,1.3796613994224542,17.057275333282952,3.695661841476061,27.928193428634735,2.286258579395971,52.669876543280964,1.3568990593138437,23.302966585149854,1.68601992172227,22.3992288376682,359.9999267938938,56.05060121924852,1.0993951132884703,-77.8025881516481,12.699345419104468,-0.00014742981923935843,0.02280419372179668,59.462326661328646,1.655950507916144,-103.51550949665837,7.058644108301332,-31.49384734321008,0.9245738939221162,-6.634909087331306,0.9760203665981401,-1.667255973667715,0.8154008281738973,1.713125782522145,0.8547428145878113,9.426157721250975,1.1234324224856802,3.0058164861503824,0.8120245308825543,-12.027218296125602,1.437878586080744,-8.416254038434875,1.2100478311358636,-8.685093588741168,1.3015304010989892,-8.055986311368247,2.489457453165092,49.63457065452606,1.1325314161083582,6.260255453360604,2.4833747845517706,-15.94132001129789,2.947794827289268,-19.558540850572665,1.4164197402329688,-4.591142774506553,1.4295034511231588,10.01366286056226,2.8361219605242445,-43.92368343210808,1.2329782606315676,6.492997940344952,2.6020424686850587,-12.985738322854962,3.3999135574621655,27.03544996553516,1.6930291832700277,16.983340422254123,1.7916660103684205,-0.07587818408591404,2.5606009113008597,3.1530913791814403,2.109951205848718,-6.356316113804091,1.4837583700495063,-89.9567295930603,7.397604039861173,77.78145324622741,1.7985538303506388,-56.609728192600755,10.300467593173481,1.853081793292431,2.5243294591340133,-31.289491735768166,1.5886230217577775,-1.1443458856725162,3.4428531082356657,-0.0001853891718561455,0.02048686351728759,12.894465712098036,1.6396633525800612,139.10363989346067,11.431160840557913,9.732915402152523,359.9999881885869,60.86827917364343,1.4386877401951252,85.25455866245161,13.379748314284106,-5.953552830246411,1.7319480691653795,-8.913056049547553,0.9966152409954461,1.2715366029310018,1.1608384210158949,24.55667711189906,1.2535995086896334,6.747268121042542,1.1752252752867707,-3.2172899039654568,1.291723554180098,11.30511779154331,29.164967777777782,72.56745166666666,2115.2565935893554,0.40579126944444444,0.4988557787037037,5.683036961671673,4.138888888888888,3.965555555555555,4.248888888888889
ID014,KIB,8.994444444444444,0.44932170733347193,0.5775849799729047,0.5922552142028792,0.30918179223087927,0.2538575182775338,0.3284553442599236,0.0917878226451177,0.05578354270610599,2.2496390633069456,0.44771186104989924,0.5773284149654196,0.5869424993456052,0.5322073250675308,0.3088828965692447,0.30679832324929324,0.16274859017706333,0.07780925014869146,3.281978459448483,8.10832978927261,4.4907384465020925,71.56065714781178,1.9285508981374648,-60.25663305070111,4.091193152950245,11.824447441502132,3.27976449617062,63.40959807397708,2.5814415457079805,65.94428805698286,2.9633537599367346,70.84747255432401,4.46493407774661,-74.30300036350516,2.1352698043219336,75.73850485290714,3.9402298344637643,-64.1850134585629,4.131841793643678,-65.28502931828949,2.631577932581135,-71.0422105950281,3.2995526832513917,-9.605940921319027,2.3542463831661045,8.209561770842573,1.5940589266208423,9.295578346748718,1.734386198769153,12.61044463860152,2.8056924925716626,8.66097775513845,1.2056902351005967,-12.151868409096826,1.823416400926856,-14.104734481709324,1.9855212842572765,-31.241095038798004,1.180164337582753,14.674712313429069,2.6864183791872778,59.49018811027046,2.3029321148890434,57.2536509018286,1.3001112192326503,38.15927796891829,2.8415606931816,-23.199268694811266,359.9999299236051,62.3722733589678,1.1275226081742702,-80.63747988204793,15.81943032672668,-3.5211864982679564e-05,0.006474880006440001,31.18230653610869,1.0468339838353677,-116.94470104108723,5.479415572802324,-101.50331450867264,1.2938875060575952,-5.946152456515354,1.1379564658614083,-0.9243332861606437,0.7409144235107897,-16.861327750112615,1.353813116511357,8.079763138341027,1.5207043859105405,-1.109925133182812,1.1522629296047675,-20.768895562613988,6.1636763001292545,63.86698161764629,3.1783830724713256,-63.18949906583676,4.020588868192459,-18.71242439248193,5.716153910626771,75.66354025554281,2.0434149257707617,63.236623380577406,5.403206737921134,71.02208126928645,4.4517633069594265,-62.94342465602862,2.9983964321723406,80.46422889293007,3.0031423100637027,-60.99763330861814,8.090266511753313,-78.28509438613347,1.959091499969702,-58.12867526056279,7.868496490233933,-14.314012946321885,3.250453787566643,7.830496733333613,2.000702953928603,6.187267443497275,2.957622436249223,5.179751832123416,2.663856039873722,7.154170295590785,2.1604328849139116,-14.115116135182394,2.1613713181897123,-69.43303040829544,3.1630315672599294,55.73762273513139,2.2339897689817123,-67.82953063788528,6.452539342227544,21.60824491777687,2.1319997400884487,-24.862730497622753,1.4418482811956992,-22.195968640922413,3.039119017748137,-0.0015316835067364493,0.028742988255343632,12.03642827148146,1.4430548033517678,173.3173023736686,150.47139030374947,11.866327001186738,359.99999650907307,66.00988361185698,1.2151433721706923,83.03456627153454,15.067815812271528,-71.06408082161444,2.7001156178662113,-6.0758699959649825,1.5160976612547217,-0.08016813627343791,0.8250653346942393,18.381975743709763,1.8542652597344116,7.219096566039163,1.7342048797273146,-1.196278165031692,1.0039192544718332,10.404551675885696,9.272745555555554,109.98970277777778,1019.5277576816294,0.4328438537037037,0.5897046574074074,7.169833557536028,4.013333333333334,3.871111111111111,4.105555555555556
ID014,KOK,8.994444444444444,0.5028647198438587,0.4646446749252857,0.71511848497065,0.3552288455089181,0.4526517545538522,0.21491068067237995,0.10144896032466169,0.12605488688000024,2.214848192576436,0.4962431212370772,0.48351034496957945,0.7133406369379577,0.8536823037086616,0.5007716095966541,0.38001620190582175,0.23315159965404506,0.14239569840849695,3.3671108602937627,-0.6413752426307434,1.6719858738793545,39.53857615130128,1.4181145444248968,2.712479340332263,1.5364789850698748,3.1996989717542976,3.2090837280938773,66.13490364200968,1.521198754153221,25.29190959963334,3.2336811169253266,-43.27567768477318,3.0174285219200216,-61.94113200390386,1.5601793043250325,-38.51332407900981,2.8353254277786575,-5.192278514270248,5.5322699144003975,-64.57744562740307,1.1884611342655618,-12.661976623954827,5.189191012053958,-0.3474046957327067,2.059846284481426,35.31479428252585,1.135036099534517,8.008676562531907,1.7377431012300129,-1.5145162421175231,2.374714343572859,-19.008297969050147,1.2644878055374833,-8.084295170106078,1.7045689035751366,-17.068680014791635,2.115613178557296,-34.56098664373414,1.3308364215275887,18.077190155751083,2.36630821871497,58.043640984100364,1.9863330273774025,46.999922128583705,1.2581729007599194,41.72511451178051,2.383194884268441,-34.199185964912935,359.9999618763319,60.145196041500526,1.0974203366757636,-86.26223143944361,10.823125367771377,-0.00021082044647628123,0.008714607090912508,36.05738828106159,1.380319462349172,-100.81055325763569,4.432326334487394,-29.113167796559033,1.1743648725722031,-10.601494516813982,1.3421641391050856,4.714317077154714,0.6940608496286649,-5.697902521848536,1.061656523347632,16.643031437693367,1.3682061876977039,-3.4917466804664756,0.8575738265400634,-15.162190770548344,1.7439661704982918,33.09344641954756,1.199035735046327,8.90084427031015,1.6332014045114758,-20.555329659250667,4.732700969934785,70.40306403172532,1.2398382162912782,27.928130643863415,4.694289733399257,-42.55863394826905,5.034788223130816,-62.02861200230677,1.646091360579811,-31.612398659492833,4.805519868864422,5.61439114154283,5.146198028381177,-64.47503651658208,1.0839105225372634,4.219522097855075,4.549201815710784,-14.575301495402329,2.8359413043591695,35.56621119343852,1.3994503637594378,9.177511982928413,1.6044440107846263,-5.974647011947331,2.372090823156523,-24.71150733205487,1.6663738336611664,-9.85225623025676,1.8067190033164717,-53.50323187625402,4.215251851956869,71.05758490777019,1.3196287581806927,-43.03858839067237,6.465623664151996,18.497864898780907,2.4313249214338226,-30.55320910936856,1.2830451615306593,-19.94226160605644,2.6615207368993254,-0.00089786964897262,0.017962912621267684,10.504266466870309,1.8774627572667477,164.2081513149891,11.486724686787579,13.732922895948779,359.9999990632781,65.36827746216258,1.2079749652835319,88.06077256452924,12.48607361884874,-2.4898983430182695,1.3507861044756004,-7.8593000061938225,0.9591718360685173,-0.44677262129046447,0.8365313977237816,23.51313229436359,1.3778720417556194,11.146178248858226,1.1165192902021812,-1.461419556998425,0.8776871143788009,15.806135468677814,27.587467222222223,52.512027222222216,1448.4486979355943,0.42724772222222224,0.5709705342592593,6.8450977086087335,4.068888888888888,3.971111111111111,4.204444444444444
ID014,ZEN,8.994444444444444,0.4502678425713261,0.6462282181027404,0.671866122014881,0.39341294060975307,0.22176487718413185,0.245309185226823,0.12131103921941784,0.059327375806882264,2.0691720643388622,0.43084827182480695,0.686683582696565,0.6719907399828632,0.6493410430284552,0.3521544317111758,0.18812715994133367,0.20211279370181395,0.09977085343013378,3.2973421112873877,-1.8234759314336682,1.3578780215160944,19.232411027860067,1.5454184055468274,-39.833475575600026,0.8602679692675267,14.760102487869911,2.7299507616753624,62.1819580003576,1.277872942064782,32.22146410364335,2.5015999943293488,-0.29839143243592553,3.1480472506568704,-50.280893378537066,1.1852470439459666,7.824566258061513,2.7132114787554262,-21.293501195650258,4.368701497119118,-65.6049033403586,1.2068486260164506,-30.545781716005898,4.252208219317382,5.0178107482187215,3.0038098697772773,35.077194160827744,1.6689060543779406,19.992679504770418,3.3187864067682478,5.820061435409023,2.0016547752066614,9.28083011782628,1.3685921768668354,-7.678531594952463,1.8907446544029636,-18.597002489510885,2.9505310824957696,-35.33375749228094,1.500118367151235,19.310863625847468,3.6261973687738958,64.47701350924912,1.1584995736509627,35.51112903088783,1.366057547331924,51.45299968999516,1.7701962020990862,-30.198631537957162,359.99988712333476,61.8676977074029,1.2691034829124077,-90.49351895370444,10.932721747080157,-2.121339712280242e-05,0.008925751044267441,38.039157011850634,1.1696864688619144,-99.87258082850857,4.418622100699366,-46.85025944636497,0.9449485116481029,-9.908134014092122,0.8748311219738778,0.861732454071513,0.6319611103510786,-1.5416728834118856,1.0760222110243995,14.552111973285728,1.2022602955694215,-0.09879848837988583,0.6774559962291065,-9.746116390757681,1.748290903106264,-17.753909081290654,1.232022026058599,-19.843385498372054,1.1764232340916863,-3.5052935228550326,7.094455205105047,74.00714976225298,1.052259967803971,13.311816616219755,6.97460473773044,-15.81083633601184,2.980243731655338,-15.759418338902588,1.5338980033240255,-2.1036735303942313,1.1210376413495757,-1.391973838158852,6.153456346974536,-68.70013070381052,0.969732569550294,-4.27410359588832,6.152846948791202,-17.462121631488902,3.1049317182175575,25.191683043691988,1.1867710266257192,17.518962832824084,1.9720436723526429,-3.759280040652281,2.2513432619346814,6.805489377877211,2.0176177919042764,-8.398529706476728,1.6665310255149968,-60.5075661559531,3.4661678150134634,64.92436211071008,2.030843051779999,-54.63650192457551,6.648267358214831,16.34099716093663,2.1289489056961064,-32.193723386506136,1.5841166478126596,-19.541534611839445,2.5506221088226164,-0.0018651995785868732,0.02237617546052976,10.342442750751175,1.5128700172220086,167.53934145217312,11.984051763260272,16.932909035949358,359.9999923148201,64.39981263881295,1.1119444947106119,86.73973042634593,11.826229762962935,-5.379018423693561,1.183237644704095,-14.191576431565883,1.0469657658922258,4.195930900721476,0.9738882607657334,33.98661156463592,1.5046043710574808,13.784870608819594,1.1947158616160523,-9.586715920656436,1.1475506106152273,6.439077978133831,45.58253333333333,93.90449611111111,4278.779951416678,0.4410005425925926,0.5905325537037037,7.7677048715160115,4.0200000000000005,3.874444444444445,4.114444444444445
