subject,base,trial,filtered,rate_hz,n_frames,duration_s,sex,age_years,height_cm,mass_kg,bmi_kg_m2,practice_years,grade,style,modality,level,weekly_days,weekly_hours,upper_dominant,lower_dominant,dominant_guard,pre_com_x_mean_m,pre_com_y_mean_m,pre_com_z_mean_m,pre_com_ml_range_cm,pre_com_ap_range_cm,pre_com_z_range_cm,pre_com_ml_rms_cm,pre_com_ap_rms_cm,pre_com_path_length_cm,post_com_x_mean_m,post_com_y_mean_m,post_com_z_mean_m,post_com_ml_range_cm,post_com_ap_range_cm,post_com_z_range_cm,post_com_ml_rms_cm,post_com_ap_rms_cm,post_com_path_length_cm,pre_hip_right_flx_mean_deg,pre_hip_right_flx_rom_deg,pre_hip_right_abd_mean_deg,pre_hip_right_abd_rom_deg,pre_hip_right_rot_mean_deg,pre_hip_right_rot_rom_deg,pre_hip_left_flx_mean_deg,pre_hip_left_flx_rom_deg,pre_hip_left_abd_mean_deg,pre_hip_left_abd_rom_deg,pre_hip_left_rot_mean_deg,pre_hip_left_rot_rom_deg,pre_knee_right_flx_mean_deg,pre_knee_right_flx_rom_deg,pre_knee_right_abd_mean_deg,pre_knee_right_abd_rom_deg,pre_knee_right_rot_mean_deg,pre_knee_right_rot_rom_deg,pre_knee_left_flx_mean_deg,pre_knee_left_flx_rom_deg,pre_knee_left_abd_mean_deg,pre_knee_left_abd_rom_deg,pre_knee_left_rot_mean_deg,pre_knee_left_rot_rom_deg,pre_ankle_right_flx_mean_deg,pre_ankle_right_flx_rom_deg,pre_ankle_right_abd_mean_deg,pre_ankle_right_abd_rom_deg,pre_ankle_right_rot_mean_deg,pre_ankle_right_rot_rom_deg,pre_ankle_left_flx_mean_deg,pre_ankle_left_flx_rom_deg,pre_ankle_left_abd_mean_deg,pre_ankle_left_abd_rom_deg,pre_ankle_left_rot_mean_deg,pre_ankle_left_rot_rom_deg,pre_shoulder_right_flx_mean_deg,pre_shoulder_right_flx_rom_deg,pre_shoulder_right_abd_mean_deg,pre_shoulder_right_abd_rom_deg,pre_shoulder_right_rot_mean_deg,pre_shoulder_right_rot_rom_deg,pre_shoulder_left_flx_mean_deg,pre_shoulder_left_flx_rom_deg,pre_shoulder_left_abd_mean_deg,pre_shoulder_left_abd_rom_deg,pre_shoulder_left_rot_mean_deg,pre_shoulder_left_rot_rom_deg,pre_elbow_right_flx_mean_deg,pre_elbow_right_flx_rom_deg,pre_elbow_right_abd_mean_deg,pre_elbow_right_abd_rom_deg,pre_elbow_right_rot_mean_deg,pre_elbow_right_rot_rom_deg,pre_elbow_left_flx_mean_deg,pre_elbow_left_flx_rom_deg,pre_elbow_left_abd_mean_deg,pre_elbow_left_abd_rom_deg,pre_elbow_left_rot_mean_deg,pre_elbow_left_rot_rom_deg,pre_pelvis_world_flx_mean_deg,pre_pelvis_world_flx_rom_deg,pre_pelvis_world_abd_mean_deg,pre_pelvis_world_abd_rom_deg,pre_pelvis_world_rot_mean_deg,pre_pelvis_world_rot_rom_deg,pre_trunk_flx_mean_deg,pre_trunk_flx_rom_deg,pre_trunk_abd_mean_deg,pre_trunk_abd_rom_deg,pre_trunk_rot_mean_deg,pre_trunk_rot_rom_deg,post_hip_right_flx_mean_deg,post_hip_right_flx_rom_deg,post_hip_right_abd_mean_deg,post_hip_right_abd_rom_deg,post_hip_right_rot_mean_deg,post_hip_right_rot_rom_deg,post_hip_left_flx_mean_deg,post_hip_left_flx_rom_deg,post_hip_left_abd_mean_deg,post_hip_left_abd_rom_deg,post_hip_left_rot_mean_deg,post_hip_left_rot_rom_deg,post_knee_right_flx_mean_deg,post_knee_right_flx_rom_deg,post_knee_right_abd_mean_deg,post_knee_right_abd_rom_deg,post_knee_right_rot_mean_deg,post_knee_right_rot_rom_deg,post_knee_left_flx_mean_deg,post_knee_left_flx_rom_deg,post_knee_left_abd_mean_deg,post_knee_left_abd_rom_deg,post_knee_left_rot_mean_deg,post_knee_left_rot_rom_deg,post_ankle_right_flx_mean_deg,post_ankle_right_flx_rom_deg,post_ankle_right_abd_mean_deg,post_ankle_right_abd_rom_deg,post_ankle_right_rot_mean_deg,post_ankle_right_rot_rom_deg,post_ankle_left_flx_mean_deg,post_ankle_left_flx_rom_deg,post_ankle_left_abd_mean_deg,post_ankle_left_abd_rom_deg,post_ankle_left_rot_mean_deg,post_ankle_left_rot_rom_deg,post_shoulder_right_flx_mean_deg,post_shoulder_right_flx_rom_deg,post_shoulder_right_abd_mean_deg,post_shoulder_right_abd_rom_deg,post_shoulder_right_rot_mean_deg,post_shoulder_right_rot_rom_deg,post_shoulder_left_flx_mean_deg,post_shoulder_left_flx_rom_deg,post_shoulder_left_abd_mean_deg,post_shoulder_left_abd_rom_deg,post_shoulder_left_rot_mean_deg,post_shoulder_left_rot_rom_deg,post_elbow_right_flx_mean_deg,post_elbow_right_flx_rom_deg,post_elbow_right_abd_mean_deg,post_elbow_right_abd_rom_deg,post_elbow_right_rot_mean_deg,post_elbow_right_rot_rom_deg,post_elbow_left_flx_mean_deg,post_elbow_left_flx_rom_deg,post_elbow_left_abd_mean_deg,post_elbow_left_abd_rom_deg,post_elbow_left_rot_mean_deg,post_elbow_left_rot_rom_deg,post_pelvis_world_flx_mean_deg,post_pelvis_world_flx_rom_deg,post_pelvis_world_abd_mean_deg,post_pelvis_world_abd_rom_deg,post_pelvis_world_rot_mean_deg,post_pelvis_world_rot_rom_deg,post_trunk_flx_mean_deg,post_trunk_flx_rom_deg,post_trunk_abd_mean_deg,post_trunk_abd_rom_deg,post_trunk_rot_mean_deg,post_trunk_rot_rom_deg,v3d_com_offset_norm_mm,bos_width_ml_cm,bos_depth_ap_cm,bos_area_cm2,bos_centroid_x,bos_centroid_y,strike_hand,strike_peak_speed_mps,strike_peak_time_s,strike_onset_time_s,strike_return_time_s,com_height_norm_by_height,bos_area_norm_by_height_sq_pct,bos_width_norm_by_height_pct,bos_depth_norm_by_height_pct,strike_peak_speed_norm_by_height_sqrt
ID003,ZEN,1,True,180.0,1620,8.994444444444444,M,22,158.5,69.2,27.7,17,3 Dan,Goju-Ryu,Kata,International,1,1,Right,Right,Left,0.4373879963200549,0.7027366050666952,0.711632883240419,0.4481323942912896,0.2789264342954234,0.1096642550546089,0.1269915381104336,0.0715420450918279,1.955642427569259,0.4050387489752727,0.7090272379959572,0.6979210765642861,0.3043154577766715,0.4202428906071587,0.1849141007708499,0.0742385628966849,0.1004598138315284,2.996555359850946,-2.148896973115241,1.5312219508343217,-0.8515435150643839,1.063324902264636,-27.75869491127721,0.609140893503465,19.860372589100013,2.209638622348436,55.22143673224531,0.8174092020996255,24.885153131930185,1.9705732797252011,-6.659763758734647,1.622027319307243,-12.501864791998598,0.8677580960784237,1.318371024702373,0.92900136790274,-8.18581395746467,3.988507419830684,-58.77834664489611,1.092026105836247,-19.330221385159316,3.272156932190107,3.995040859196049,2.4650926264222965,22.768064536222266,1.081436351702887,20.060629674824604,1.3793903583570462,6.808693342863492,2.1622627321809045,11.048581393364143,1.3752557009907207,-7.399501072549179,2.4257797487553736,-21.53823079966073,1.0207577087962392,-22.356315131813645,1.191084456557352,29.707597614470437,1.041721606333443,63.913627773240385,1.0951525124252086,33.223150530144714,0.8205428807739921,49.6290612236547,2.1611048349930613,-23.99937526190687,359.99999114995586,64.10596300270787,0.9528932258773252,-97.57709627930956,8.426254067194634,0.0002900744794313,0.0084420773417483,31.31918635827242,1.3561027341363925,-102.43563764832146,6.393700747432916,-39.00271501724838,0.7643527032378756,-12.568305212490284,0.4773712886496692,-1.6913734668203,0.5516196708740999,-9.981386740913557,0.6903222274721514,16.174341526075928,0.7225374718118402,3.146281548440952,0.4971277491321411,-10.409614996435796,1.7492169433012403,-13.620669856003772,1.7560502708094692,-19.576169548955495,1.3601180601898548,3.511864016294312,3.1322161788329628,67.91717040873661,1.3597471440989324,11.48051149898072,3.4904689411875545,-14.575182867038588,2.7975008634908605,-12.32206014856701,1.423782503978245,-0.0841082660191999,0.9926846561909988,-9.21481124707687,5.222094980118299,-62.98927588792494,1.0841820460898577,-14.804521694708669,4.70644689632784,-15.268270187770987,3.292750567113446,23.16661777617888,1.2481479143431002,18.960591457318905,1.80356611744417,-1.9330264301663231,2.228100703369341,7.786115927230367,1.7166607834758638,-6.343248597572776,1.8135422668526056,-49.53970516433251,3.618758142007991,68.76670896389025,1.1334891425101006,-27.07705117355424,4.368568601149569,34.723349773003484,1.2438368747292543,-30.90454333620622,2.24480651724527,-35.09380309450673,1.9601571136365976,-0.0004172732995999,0.0130525440685399,13.093179442113149,1.9036312939716888,152.60914657907549,6.495736319495904,12.666119482029073,359.9999983170811,64.79615964244755,0.983198580323318,82.63556054381253,12.779791452520968,-3.6101516699679848,1.0826586849877318,-14.6293613864214,1.131997181483202,2.2294461651780977,0.8579355042129728,26.09211782494505,1.3072999482817025,15.714742463004235,1.514758668966186,-8.178894656261662,1.451742838776294,10.01468453666222,51.785519444444446,80.9393527777778,4191.486427094361,0.4404836712962963,0.6285780138888889,r_hand,7.215785925831471,4.55,4.4222222222222225,4.633333333333334,0.4489797370602012,16.68435919192891,32.672252015422366,51.06583771468631,5.7315093737903835
ID003,ZEN,2,True,180.0,1620,8.994444444444444,M,22,158.5,69.2,27.7,17,3 Dan,Goju-Ryu,Kata,International,1,1,Right,Right,Left,0.4022552473706794,0.685812264728394,0.701887281257286,0.3656244795517682,0.402666397036977,0.1857995228032427,0.1133427574164266,0.0991149633789473,1.959730036665015,0.3804621219187333,0.6904153528648169,0.694882131562003,0.3682234996786826,0.4405747494761414,0.270486869452391,0.1157662767752205,0.1313278433833224,3.1511696966224383,-1.269121503779277,1.2843959381546644,-2.907029219012951,1.0817823932504669,-24.07949390802227,0.9660257594759224,15.423645844244415,2.3167686178635947,58.344732922366376,0.9314665942484908,25.024072182844257,2.321339181494018,-9.363176315357446,1.9628549728679356,-17.80408940935096,1.0578447680142382,-2.4154423530277795,0.9722408102442,-10.422771489109811,3.999074988618729,-62.13024307003611,1.1510798548859995,-21.109901950323536,3.190711020551543,0.9293614032741117,2.52517925002245,28.57113892532764,1.1495000913584157,22.55744307099968,1.1373197357052902,3.6322880191741818,2.293664198585434,11.850261461181718,1.0289982056628535,-5.779175424858547,1.468866027571857,-23.378285684528286,1.1104573386906085,-25.340606526808603,1.026792121340982,25.942983175147184,1.535884099805557,57.6784728494002,1.4028441180960345,40.945101683610496,0.869898562766231,43.55532157233405,2.5496224756887784,12.99944271679114,359.9999450123892,62.685997948749325,0.949146471154009,-99.81181457339686,13.023428840517596,-7.81719982087021e-05,0.0088551900880653,29.22237204202757,1.1681404902137018,-104.0791596981802,6.139713162800717,-30.706960511528305,0.8228279283017805,-11.851791083435266,0.7360483964659768,-2.410235595826888,0.908745062340888,-7.701845921744998,0.9685438953678503,17.03989449094401,0.8822706214616112,5.181934915981063,0.9681250850007048,-10.206524890249105,1.5910073826040545,-14.028360855105168,1.3277346959621728,-18.279920414844423,1.4290098387724406,1.0427591899373063,3.5645844130433524,68.34660032281232,1.5392862027443073,12.215641100024497,3.905433282727501,-14.290601573512449,2.8324472673190897,-12.325635117334668,0.9527937949120932,-0.9564849951496236,0.7885594304457123,-8.186495994175447,4.688919883777705,-64.36079018765261,1.7292447793737296,-12.911137084107606,4.550483300769459,-16.571352074443414,2.820773456291855,27.19674279239411,1.0788849311854207,22.506600331977875,2.333935088469591,-3.407823423437724,2.1117172275396516,8.420354564263405,1.1167331532591138,-6.601542773377646,1.3946817839184336,-53.44726995835423,3.9896577028529023,65.05762894214914,1.5130265487170649,-28.97489987001198,5.438893785068018,33.28920679788871,2.0355186438108035,-31.72807486971746,2.341106673263784,-36.43925088002932,1.886204538710679,-0.0001097471031121,0.0110924724096994,14.33242669961954,2.534298836137298,149.08622859610065,5.862843948466889,25.33195589502151,359.9999991517389,67.11076865465462,1.036809892811149,83.26951888699729,11.84303820786269,-0.7036696704704921,1.2806333679291304,-14.9569353974343,1.1160276197701844,1.8289248756937435,1.0150315970018635,27.830066833818524,1.3126944425304323,17.10559035754084,1.2550553737903378,-7.378139156936968,1.4163555364384113,9.362665637625556,52.97530555555555,79.4503138888889,4208.904654748689,0.4186526388888889,0.6115953333333334,l_hand,7.668565002927724,3.861111111111111,3.761111111111111,4.016666666666667,0.4428310922758903,16.753693059931692,33.42290571328426,50.12638100245357,6.091152460670666
ID003,ZEN,3,True,180.0,1620,8.994444444444444,M,22,158.5,69.2,27.7,17,3 Dan,Goju-Ryu,Kata,International,1,1,Right,Right,Left,0.3983051506343393,0.6430434019364779,0.7198988889095528,0.3661491689007146,0.1598243093575257,0.0859719138746162,0.1200176988500719,0.0409431535354737,1.6728662234384335,0.3836682544802593,0.6595307165858705,0.7099267139830578,0.8611000368087707,0.4375471081921045,0.1830495880108862,0.1661250873444806,0.1198021422876204,3.163918802237753,1.1634729531832522,1.305310312640176,-1.2854266378252144,0.937832142716458,-22.469216205421567,1.165957552171271,18.088511745976852,3.0688029304773963,53.32757584186332,0.916538940993334,21.970683612496828,2.7026991383477146,-7.214105384009848,2.5846087183525768,-17.071359056132433,1.1574510890736498,-2.0673180580433255,1.2209399256857572,-5.05913234594981,3.1515231182667445,-57.58157208545215,1.0714459171333033,-16.251764760952636,2.803243135315004,4.899355393692321,2.9799160617759823,28.0207915655626,1.3525584004064974,19.777107446816736,1.749965576013281,4.108550785632289,1.6754187463297918,11.782034034172094,1.1379818239617592,-5.06686410232226,1.4752769051126997,-22.99595452494989,0.8728370658383469,-26.597417679793768,1.3547956534353105,22.91179311560359,1.3778501875091322,59.16915787663385,1.1902449573979863,37.962502679499536,0.9673415691886902,45.21644339217517,4.172033094553825,-11.999647557689435,359.99995771544536,58.92731756296739,0.8038419546822624,-103.0269723718104,10.47899923283036,4.8255100153527945e-05,0.0115774509638011,30.40732589326924,1.1598030037697065,-103.18572194017744,5.722259295931991,-32.46870095835739,1.0222671072931035,-10.864559348213035,0.7897201326409888,-2.3874821096541763,1.0796504419819162,-8.150174050833243,1.0779207405436215,16.137991288032424,1.0593092714975043,4.552075541931897,1.0350849399256772,-10.277093580980642,1.6074973781638953,-11.596989211113955,1.010107608576611,-15.068543446894232,1.219221644468062,-0.8322919465555064,2.919399485929666,64.07826117437375,0.9379480468903054,11.785603677288428,2.728930925198054,-15.271956656393222,3.5150348513198875,-14.295884557046612,1.7695752634530315,-1.6202750753350394,1.2784635073814687,-3.86027580565833,3.856290990648389,-60.524980780824514,1.1881493957572715,-9.82410508616184,3.421228126172119,-16.657645717932677,3.392514217682145,26.903344404696465,1.3321684852748028,21.812133864114156,2.2745923398281036,-4.383493835577017,1.7886154503768124,8.318828671579753,1.123449616910264,-4.626989337522246,1.5132986051679778,-50.95370052436318,3.199896081208877,64.03133062969472,1.343520548967497,-29.46967110883706,3.8761153231547567,31.83253098902553,1.637490479531646,-31.092486586660204,1.7092751809779294,-35.93882816770857,2.449620695119662,-0.0007581632791211,0.0183339642554267,13.960435556836105,2.152464887003717,148.39197419492956,11.299527023966109,-16.665670485597392,359.999998910567,66.66155108944935,1.1896622540997015,78.84700763662649,17.69951604700269,1.514885568800857,0.9739665244809548,-14.658527693068775,0.7429944826691077,2.0561838213582564,1.0341342837808274,27.059684282331595,1.4129466332116394,17.3014724021243,0.8600115318186532,-6.965024318262967,1.413458184073917,9.16454005949681,51.537705555555554,74.73098055555556,3851.46327175017,0.4184092175925926,0.5837185833333334,r_hand,7.516476503799568,4.188888888888889,4.061111111111111,4.288888888888889,0.4541948825927778,15.330885059061867,32.51590255871013,47.148883631265335,5.970348342122999
ID003,ZEN,4,True,180.0,1620,8.994444444444444,M,22,158.5,69.2,27.7,17,3 Dan,Goju-Ryu,Kata,International,1,1,Right,Right,Left,0.4187747958188917,0.6005228253075564,0.7161608748851639,0.5781305185441232,0.5635846094790065,0.1658448176084737,0.1867416070787706,0.1630378742452404,1.883813677733298,0.4035197998213882,0.6136631928516382,0.7075450138705766,0.6745557733425889,0.3507935489747371,0.1427738530429434,0.2391855782001259,0.1040027866476778,2.8498629886625757,1.5388919424201946,1.5054841109497294,-3.0597160361774796,1.1339018958741385,-20.833614249818883,1.0587277562848847,16.020824108510322,2.5853170562567787,54.32980320981368,0.9123337014343704,21.814125753453222,2.2831843708669552,-9.06145806878304,2.0924071326133262,-18.591211726410084,0.595489343872579,-3.262052156964603,1.2375334668980278,-3.8027643651186422,4.6860752521644775,-56.42630616437172,1.1124911381706255,-14.86566457383669,3.512001188931011,4.168320982854549,3.0483884094103697,30.650581448312217,1.029283868914817,20.3676307888843,1.8214935125458496,4.427150912570588,2.0384795467961627,10.452888886522532,1.424876889156231,-6.5291395899280955,1.3737108439882435,-21.494673866389327,0.9497453029397818,-23.556238026583696,0.8207691695006147,25.425721066419595,1.2163993714550188,55.59225114677825,1.3865746497710347,41.96289388243628,1.2172875103541827,41.4367388222522,3.961349581942571,19.99937840760956,359.99997466341756,64.3992108212988,1.009791817372708,-93.3742673416222,12.531958068694877,4.009275955019664e-05,0.0060701043414107,31.198993635098955,1.0272186860490071,-102.56573583745232,6.210179479151165,-28.78728899521864,1.040734365874357,-11.26972123562878,0.8243980420317794,-1.680785939314522,0.7017956911196974,-7.119605183027453,0.9298009282222957,16.928941008913466,1.096323523004152,4.145095419120859,0.8704864086380422,-10.137389931150706,1.401002836277053,-12.148718784611535,1.0523592836681497,-14.877947377647454,1.1543382103245694,-2.6923205604419804,3.997117765526365,64.33744417352867,1.0159683321820123,12.10980196594392,3.677284126065107,-13.490310113941936,2.9306620129981056,-14.678230548555312,1.3322688357128951,-1.2725090469146936,0.9209145336756172,-1.4715496487365003,4.857276525562705,-59.493684546272426,1.631594107754168,-7.372636192165623,5.100782094619002,-15.627611949907196,2.686036313633956,29.291849277116537,1.0709780599562144,21.839476355134867,1.9741104476796456,-1.60942826388503,2.6391594769722633,7.603495783050505,0.9957083488510764,-6.782129586818985,1.2433909879373433,-52.287114742833054,2.654299027857796,62.55386332300952,1.5015087910783365,-27.424319899581644,4.0353359675287805,31.345560197826927,1.7881051355986095,-31.27490704549458,2.165725691385692,-35.84877618756624,1.8480013383841225,-0.0004952943559433,0.0194851710250642,14.052517668855772,1.4795760837477197,146.6012942067031,12.14071470347477,-5.333249700698165,359.99999922963957,68.52698484050215,1.1225626230209258,79.12382042183609,15.748650658257745,2.4969830798204296,1.0962139373127726,-14.643995332163884,0.7400517841797036,2.7796553932543566,0.6026042815306698,26.783819121989495,1.1938530345929834,17.17382784784757,0.931364702983604,-7.232234287768447,1.011131192744692,8.977637049020954,51.19612222222221,75.93953055555555,3887.8094878204,0.428249949074074,0.543820236111111,r_hand,7.313964978960324,3.966666666666667,3.838888888888889,4.0777777777777775,0.4518365141231318,15.475562450896716,32.300392569225366,47.911375744829996,5.809493140091354
ID003,ZEN,5,True,180.0,1620,8.994444444444444,M,22,158.5,69.2,27.7,17,3 Dan,Goju-Ryu,Kata,International,1,1,Right,Right,Left,0.3833936683418806,0.6909263380401188,0.7159791124880421,0.3955321149873514,0.3495009511727875,0.2458089834969645,0.127522039854812,0.1122556448664265,1.8847639082241985,0.364642441423025,0.6923334341582313,0.7053323388533635,0.3968760443594288,0.5432566581331288,0.183182322710429,0.1156803528635684,0.1514107525076397,3.0960134853114165,-2.474781670571362,1.3626207949052784,0.2185767372023012,1.1065386524031062,-24.825294776489898,0.658994193221428,16.71511772893884,2.384155920659266,53.707219236423974,0.951799880821703,25.08650011206584,1.835386583180025,-9.043041171004074,2.2122096251264844,-16.571063253139304,1.780099038397669,-1.1575027456134752,1.0029037502952027,-7.694298751653744,3.974217688321864,-57.54157227701312,1.3370316545177658,-18.352115826264804,3.291117269582049,0.3745333165455051,2.6320917838201865,22.13300318753375,1.116538213454092,19.652838486887863,1.5097025345433472,3.736772595480798,2.06580131703026,10.362798944494736,1.0898362466187308,-7.202922284436619,1.2584329412411082,-22.392337018566916,1.1017408278797127,-24.552973919976885,0.9414354931212294,25.40347726013603,1.3129346368647177,59.64195229120092,1.291306258429941,39.08946393466378,0.8691578778391502,46.04823591896042,2.4300588703345554,0.9999930519150816,359.99996201570923,61.78273743233505,1.0348440710182771,-93.4909587337439,10.15885952510716,0.0001591067989565,0.0091184034889559,27.75805261630692,1.1880914153152915,-104.02233081187272,5.9997558400786914,-33.69576291773231,0.8964250040335955,-11.269251805152969,0.5497798474368576,-2.2251161900460192,0.4889048550623842,-8.305517165634058,0.9373221764144316,15.967044065855184,1.0002239864417,5.1593146216284005,0.5162542543273387,-11.374690240758596,1.6279514861542328,-11.032701189528174,1.4824767642036711,-18.652508542378015,0.8158092760141571,-0.0523592468091748,2.857861044398315,65.11386165823087,0.9377686888280294,12.75207717410065,2.6313285709657865,-15.453866710942924,2.741402094572594,-13.899480047250606,2.282043407021572,-1.472895556400234,1.3137335919971245,-5.886104251949137,4.406335158224648,-59.23502268692631,1.5208990277089711,-10.287192429967948,3.7879923520539514,-13.139457140935503,2.925483403981957,25.160837660075885,1.1720107853461137,19.412507227881353,1.4183000303249749,-4.071849507378479,2.563480123476698,6.280043656643676,1.4308808136327116,-7.218174657610051,1.217858180814214,-47.554744454941705,2.0712110427222683,64.86115720316587,1.575733213189224,-20.189695676442263,5.502432814814071,32.23920851934488,1.6688423793078542,-31.24147213034624,2.1759608813694236,-36.25931245793328,2.1275118061653018,-0.0004239305342771,0.0130284595673155,13.767226754227345,1.7980282312039524,145.4429303099247,9.275953451205028,-0.0004569654990444,359.99999683877263,67.98746669046493,1.2266830760688805,77.1827165253184,12.458597242074733,-0.0897166871555978,0.8806603825830281,-14.401064727635676,0.6197107374845512,1.9588979839212115,0.7010563152751854,26.85745558910955,1.879965330133139,16.474607076933417,1.51532140995727,-6.131635541813004,1.038336067724262,9.374548879913496,54.11882222222222,76.94801666666666,4164.336034335925,0.3955705138888889,0.6256426712962962,r_hand,7.514991033966499,4.038888888888889,3.9166666666666665,4.144444444444445,0.45172183753188777,16.576286098322903,34.144367332632314,48.547644584647735,5.969168431249778
ID003,KOK,1,True,180.0,1620,8.994444444444444,M,22,158.5,69.2,27.7,17,3 Dan,Goju-Ryu,Kata,International,1,1,Right,Right,Left,0.4212275614257488,0.5332303353105483,0.7183623245002955,0.257112762629974,0.247180839681016,0.1563375616172702,0.0768071025523793,0.0591600608367847,1.754956850075079,0.4108057003104505,0.5425482820291766,0.7165945315593907,0.4581293992939383,0.2589860273459532,0.1318213724979533,0.1224469317441621,0.0666075836868041,2.927462727994509,5.538345673681945,1.2474420995368511,34.15416934232029,1.1687092919951567,0.6336323810146987,1.2118770354084,19.207397179805294,2.433089388626552,65.90015821836711,1.212123536064908,8.64385616492322,2.8664770952875003,-42.19947215899546,2.7899915478975785,-57.9614113275704,1.4232989212241949,-36.723493083978546,2.478877386033872,-5.616772627980424,5.174779596942336,-66.37082378296539,0.7063651750606539,-15.396559409435577,4.452550861651787,1.2259720172657531,1.6489260595689976,34.67228372420119,1.002876848657749,9.85331219420394,1.3770603532176064,-0.6568418942601663,1.9036588445566216,-14.862854324651178,1.1680560035515608,-4.251608151997511,1.6287842675730424,-20.530139762402907,0.7669155195582675,-23.56361163029091,1.0278770682430896,25.004656980154547,1.4446969492897566,49.69667722347688,1.5235299579483126,41.53381214683282,0.9972019252521775,35.7909747861833,2.5189229873726475,4.999398635354911,359.99996982686605,64.4588250915269,1.1605746445512182,-91.92197087495836,9.650626218574914,0.000322847420597,0.010026826747303,32.02182951550158,1.066546681211349,-100.82060681883186,4.698979646359717,-24.15291438917109,0.9265422398223216,-10.21478337369783,1.0747884494879951,4.278845894514632,0.7085817076572964,-9.638017561005716,0.7784072628263292,16.618686445137318,1.1150902143138453,-1.0082240639701705,0.7360835166430598,-10.133175376574789,1.9318743829037697,29.67530614381929,1.4010627084063074,6.815491928397127,1.4452264489877509,-6.779981998348559,3.6790692121233537,71.41129563381719,0.8152885815724886,11.772482616685243,3.053077050045987,-41.56368880999779,4.240690353394179,-59.60493009827693,1.529076146041838,-29.970488865449372,3.3014892058421985,-1.1492063910758497,5.963925865403323,-67.16755972619687,0.7752658442839504,-6.257305254381559,5.754357566747089,-12.933371705208875,2.648564369808792,36.935668765463056,1.2565232773788608,10.14732356888593,1.71298658796292,-4.484951116412966,2.549028555961974,-20.61542501572795,2.4234179371782254,-7.577030455090637,1.771017587641663,-56.45282923552687,3.3773627654434577,65.20747337853781,1.7779608713713628,-32.347653501497334,8.198356281633444,34.42034268113736,1.2700980313751489,-31.13531190393711,2.052325009323855,-40.38014365410728,2.136644999512896,-0.0002357741685484,0.0162189795897036,14.364240409321011,2.4109250830566076,148.44896759867837,9.5822535107431,11.33286945171132,359.99999836093446,69.67772894693535,1.4530219860360631,77.7550931874599,12.347183211305378,4.9503347401843385,2.2300167617933524,-8.558579484493011,0.6707166377567368,0.6656647568448912,0.8600788901006929,20.32382964643157,1.4916973173385628,11.999553205313632,0.8195452455548473,-2.6525463438073,1.0952901224764169,18.7453938851654,24.24287222222223,49.499872222222216,1200.0190772996605,0.3725657361111111,0.6077304027777777,r_hand,6.8051007480393455,4.266666666666667,4.133333333333334,4.372222222222222,0.45322544132510756,4.776718157408912,15.295187521906769,31.230203294777425,5.405301533038635
ID003,KOK,2,True,180.0,1620,8.994444444444444,M,22,158.5,69.2,27.7,17,3 Dan,Goju-Ryu,Kata,International,1,1,Right,Right,Left,0.4026058790166502,0.5305098639667334,0.7167038604775207,0.9052707235723824,0.4321649909817537,0.2029406815407308,0.3035246223976887,0.1067024635032671,2.086674568016046,0.4070056450614053,0.5240278018418921,0.7128438188482593,0.4457761216340117,0.4536408852409579,0.4797470707812001,0.1462976307920604,0.0996184895824321,3.063271619152034,8.27430218225672,1.6007114036790142,34.1948840436468,1.6141591134869555,0.4278980064924557,1.5706972777714991,21.516098720508232,4.384660408808873,66.8604949056093,1.8059015519422277,7.634874200215821,4.213502098612406,-41.28388874168247,3.707247586766457,-58.39201182002972,1.5466710154236267,-37.28435596712835,3.428386076935304,-4.373278064194411,4.925842478607952,-66.93815369044722,1.2334095140831778,-14.68091280453064,5.240645530298043,2.701908758077095,2.229454036827576,35.41915061785289,1.0196117015354815,10.16432418300696,1.872445002094663,1.1620697169950658,2.151521733239093,-14.022281898999998,1.0581003759738312,-3.952494964257856,1.6302280198680583,-20.30980051691093,0.8195557358163654,-20.67613160813579,1.549623869804588,25.962174646637425,1.326659544767395,51.24420872893454,1.371051969457291,40.243123511626045,1.1853602341007343,37.82323857847621,2.4963030985924135,30.999333616440037,359.9999728054637,65.46205933419539,0.6959082250458692,-95.86821607081428,11.92542001524275,0.0003962862112931,0.008137165857491,34.824209596521285,1.3465018179591013,-102.102120778973,5.644716757305105,-25.571378011917623,0.8725960563375317,-10.642216626182222,1.3323529306801518,4.118699377817643,0.8994849567917358,-9.9324677854278,0.7313566051075249,16.751475231213607,1.4214510065573762,-1.1656119711435715,1.0000962854635835,-10.538010504791757,1.6098536502074603,30.04096323444099,1.075445292380543,8.33227037995561,1.1676290843407102,-8.106513327761432,4.300636010696724,71.60746116096836,1.1916853333359685,12.455902488797248,4.3373374115555965,-40.09449529625366,3.423374195516537,-61.027783298691574,2.7446993688079857,-30.743413309613494,3.3380305992691817,4.090494011491796,4.53379461824501,-65.91986415828724,1.063097380289136,-0.9620734805476862,4.328911039350993,-11.72216453298627,2.901083577993525,37.80753376361213,2.183900897430874,10.53010094196394,2.384433887699233,-3.6223369482618057,1.9957252236655365,-21.090836882454976,1.5458954626524497,-6.984925215401432,1.217796646122136,-51.71011804100018,3.0259113075222643,65.16747362483936,1.6261033824023483,-26.691337792944974,4.977789724463701,33.68970916294036,1.801784777945997,-32.398603109643496,2.0942614714393386,-40.24171777109509,1.9965205368736108,-0.0002070900516191,0.0132243386200181,14.87667697828004,1.8655660912437249,147.92419366401467,8.026330835781806,17.999127690947684,359.9999984944002,70.37220385596378,1.3321882770780604,77.40483416380987,10.949137381037843,5.5819499888781134,0.836544206508723,-8.10214462667318,0.7941242561203081,1.5379334422970012,0.5675951901941507,19.33888765433804,0.8906744025410127,12.146264374590093,0.7858453979773969,-3.725910949977909,1.243567891976478,19.00442513231379,24.067638888888887,51.06592777777779,1229.0363092816358,0.3568144166666667,0.6001483611111111,l_hand,6.662562531070184,4.166666666666667,4.061111111111111,4.272222222222222,0.45217909178392474,4.892222270225142,15.184630213810024,32.21825096389766,5.2920832176563115
ID003,KOK,3,True,180.0,1620,8.994444444444444,M,22,158.5,69.2,27.7,17,3 Dan,Goju-Ryu,Kata,International,1,1,Right,Right,Left,0.3922612308074041,0.5256282920333977,0.718104579434412,0.5411166026230929,0.4476107838020882,0.2334866044454875,0.1678107341194372,0.1500251743529684,1.9210090590087112,0.3816572813899508,0.5316558429267001,0.7153998024636402,1.208219118496262,0.7021358643239717,0.2749063394326567,0.29286767161285,0.2350842816662061,3.324409927039122,4.133696646566456,2.001337697207498,35.264695750846066,1.5280689066622983,2.867092834797079,1.5447028738137676,18.731534984398778,3.900938017616411,67.16430385742994,1.2934030340170892,8.364995781721452,4.174944827074764,-41.41094207499318,3.2894870135157532,-59.03172368571677,1.645498569120221,-36.26766559999656,2.7923781911941035,-0.4263311875140499,5.8714802120208,-67.07751452349432,1.670400139900195,-10.66419015767048,5.524546845515589,1.1349253289631709,1.8997432671003396,34.150138855986185,1.2145907176375914,9.075577210728282,1.5170048647252037,0.5315828707709592,2.77818751537425,-14.582063597109638,1.0784422177073836,-1.477510190279748,1.763391493268656,-20.598876747968426,1.036900275783239,-21.61984796302444,1.2933360851532782,25.67704706073369,1.3349342977968206,47.68878824173154,1.2352730380217023,40.32749240963278,1.2448180724481404,32.28340318337866,2.3311222206658044,21.999543793793332,359.9999559581646,64.1261004244898,1.095550772287929,-100.55187408269362,9.855472115370446,-2.1525190553121792e-05,0.0070599483345635,35.59678933542271,1.4674365263347298,-99.77539133752764,4.068506685026179,-24.994708819389093,1.4949960678357073,-10.509617361619007,0.93831234430475,4.277951051070262,1.0243649847674567,-9.234971394499556,0.9460841696272286,16.795666667220015,1.1146792993464665,-0.8372739150963036,0.8620457391932455,-11.090369056204787,2.801478377503676,30.59117524622675,0.8722161549547742,7.614282618472373,2.3705168793880267,-8.223966874843095,4.842446097239137,71.55869576295504,1.0664557885548902,12.713360760114226,4.775931761347286,-40.30088074606865,4.6856949521719855,-61.19825733863181,1.3680727697193331,-29.04887620280876,4.297838957388674,5.417844373908975,6.089603958574024,-67.30887557840651,1.3357931081141885,-0.6862023478408384,6.954597099662742,-12.261502233906148,1.6233862960337948,36.89123818426324,1.0496879998207476,9.717011848821995,1.6372013122031763,-4.434913535858113,3.659314343272274,-20.350965003354588,2.1468065750795517,-5.01423056280988,1.428219778435663,-46.87913800507557,3.533863008222625,65.98400305382488,1.7444987097404834,-22.332032278679247,3.6145134971824753,33.13865500160841,1.629633191179174,-31.291893000689615,2.142492835349202,-38.4819225488904,2.7581510694161935,-5.355734583221045e-05,0.0104983893693655,14.48897372333428,1.8302984580791293,146.1640494169838,8.46332828972561,-5.333318255623733,359.99998221210865,69.02697432224583,1.5434037424267617,74.90438605521612,16.762414658895025,3.6413134823569577,1.4977637981079592,-8.010304505397585,1.0074481839702925,1.163850074371987,0.5990102635627629,19.96106996984509,1.8379079064110684,12.132904182656766,2.007609711437235,-3.1628735922869677,0.9551845582079967,18.982333762803545,21.685866666666666,49.23609166666665,1067.727319071111,0.3378737638888888,0.6075544259259259,r_hand,6.539055602496011,4.0,3.8666666666666663,4.122222222222222,0.45306282614158483,4.2501261593651485,13.681934805467927,31.063780231335425,5.193981482637147
ID003,KOK,4,True,180.0,1620,8.994444444444444,M,22,158.5,69.2,27.7,17,3 Dan,Goju-Ryu,Kata,International,1,1,Right,Right,Left,0.3974724938163773,0.522909015486102,0.7117647772725288,0.2824624503089068,0.4145983478158643,0.2557076904195932,0.0753914412500393,0.1409388261481475,1.7383149923631416,0.3942319584395233,0.5375868448935275,0.714916337838327,0.5938622224244627,0.3111589377547519,0.1872657560892721,0.1856018389351053,0.0754376449890024,2.6671769303973143,7.509088423647077,1.756863131890066,34.518934763951115,2.211297062144886,0.5118492331068765,1.141146714316664,17.710877726256534,2.3703154059354716,66.92869243684882,1.7642180021444318,9.627812535920894,2.4283459494730923,-43.063155298718584,3.798524986990088,-59.87670500034621,1.6467164499775535,-38.244014119496896,3.2807526984958173,-5.001984640947883,4.751042155534051,-65.50066343070343,1.217727221099281,-14.720527398618618,4.44945508458698,1.4760307641772672,2.1409367076674917,36.00867918453631,1.0698189283656705,9.698559286613444,1.2906579313740174,1.8968315764042103,2.1009434707205545,-14.420595547557973,0.9907156381411396,-3.911548818896856,1.146098069162692,-20.594568100939163,1.1242258174195996,-21.94153270056004,0.7286701201245016,25.835107209974463,1.14612862894678,49.76048432979368,1.476941789719902,41.11377901622708,1.0409982740296329,33.839368017123654,2.10935058554886,22.998935631755003,359.99992390291857,65.33767860647397,0.8044286044578541,-89.20760031542346,10.630604517823258,0.0002240445141594,0.0075155514634456,35.70723563821677,1.0422311636987516,-99.84245495270892,4.988081322262417,-24.976882049432383,0.8361936192275365,-10.374664032431788,1.3700975198264658,4.472035495092166,0.8379899721279731,-8.854624137712005,0.7689759528739515,16.158492130293837,1.2993272923430317,-1.4547260125906516,0.719352980396059,-8.717561036870094,1.4546453176922816,29.50040383252082,1.0481526112806063,6.123348665229611,2.373372226579926,-6.511719307548939,3.4724782890695254,71.78409781462672,1.0036461740458122,11.89169010831342,3.83528740337875,-39.70757560783675,4.895753302390304,-60.12370255932728,1.7871730360388227,-27.96663407801081,5.5632865757378624,1.4920680222640232,6.469438891117918,-65.35229433300987,0.933859033156594,-4.535902661875866,5.993678178443363,-11.371150468749637,3.736402671076867,37.90405601625095,0.8713568515640375,10.26833065391406,2.008942241362103,-2.2014759501683576,2.9023987890649385,-20.44894998898283,2.0553946274059136,-6.01691253237741,1.6675116578228586,-48.03248278708013,3.844502604391792,67.14666610979296,1.8163003899421568,-20.383590514208095,7.669916475449828,34.13674159610304,1.9220672714730256,-29.90873611985634,2.5156684540598953,-40.262676124428445,1.9610100653080949,-0.0001684014243357,0.0126034305446003,15.358767382783798,2.483513273718009,144.76164070780064,10.350458342284869,16.666223590809118,359.9999785759431,69.52110794403818,1.245565233642978,77.97445777278067,13.596596354563417,3.4335205027574274,1.9790641468346988,-9.409125534123286,0.8500351964402757,1.854871865354716,0.7109195499422787,18.80619538531384,1.340204914811519,12.423661087759603,0.8953758578194915,-2.787229475914061,0.9095620879574784,19.06688751291269,23.55445,51.67146111111111,1217.092847168611,0.3453021157407407,0.5978097777777779,r_hand,6.657330969206889,4.033333333333333,3.905555555555555,4.155555555555556,0.449062950960586,4.844680899077952,14.860851735015773,32.60029092183666,5.28792778037377
ID003,KOK,5,True,180.0,1620,8.994444444444444,M,22,158.5,69.2,27.7,17,3 Dan,Goju-Ryu,Kata,International,1,1,Right,Right,Left,0.4165137029147644,0.5199281155767757,0.7174465492119619,0.3766575025997087,0.2451343153742957,0.1845583466422606,0.0911064182596713,0.0930361848748619,1.8581038380861268,0.4191825803012781,0.5143719984617934,0.7198018841151305,0.4217026750160502,0.3437278615172734,0.3660673430627925,0.0851271840647108,0.0864676459754914,2.9826564812051757,6.019395135751028,1.348533913030293,36.727807106477705,1.6069205468004384,1.0651490450389762,1.3326136059509015,19.116469199179587,3.2728476686915293,67.4519190707951,1.6594175269103744,8.300627217381079,3.7648336277829424,-42.90654926146845,3.821478166899709,-58.761701996404035,1.7454954786935062,-38.20450100719936,3.371958263910223,-1.4952481382275342,6.284309471665564,-67.35055374391433,1.096328301647432,-11.528120225832254,6.121624049625956,2.083556588908833,2.5521071242285336,35.12098234564529,0.9112746571846486,8.93229814410868,1.7206684807913497,-0.359717198817038,2.4070092377007413,-14.147490230804298,0.891526355082874,-4.2617306565484965,1.7216775107672269,-20.61143424167541,1.1270542265999026,-23.110787480581955,1.3689990450626723,24.106153536286637,1.485921645859726,53.092685424665525,1.6400090761687025,41.864545178206896,1.5355622601893657,38.34001852451974,2.6150567292676072,-17.999766544813284,359.9999824774914,63.081797574054086,0.7656420126657011,-97.7986967482959,8.710814455586117,3.296533558652752e-05,0.0063600113109259,36.07479031047172,1.3368046897477086,-98.03358335609228,4.6342807558093,-24.97927521979736,0.9148640994903944,-11.694689502178605,1.3894377891104668,4.6478302979963555,0.6270489092419673,-10.111298042811338,1.019734812675651,17.41767449345177,1.5520514986851062,-1.902910525179003,0.8041532422107378,-11.241967726457188,1.596616698455399,29.522573811305197,1.1195047437702748,7.573396971961617,1.050195205816526,-7.68072842902894,3.8537200740100808,69.00960083766873,1.097789875302027,10.74804670576992,4.1790975787895,-39.97698617128773,4.122355014587136,-59.63927716494296,1.973520156414416,-28.552750623852205,3.45442181555347,4.93928319291294,6.7836670287885905,-64.35444285257468,1.1898551417554444,-0.4103267084493161,5.30324010570828,-11.706489783116728,2.183828991859764,36.35043906583115,1.1732387126137669,9.325329458490634,2.058408055471016,-3.555982604897713,2.6941999538170385,-20.671101864373387,1.511010393910304,-6.198450241657807,1.9352439646174773,-50.543132342464354,3.9979627116275793,64.67015231989,2.9945436383549975,-29.51113448109132,4.608041982178676,33.628526087869375,1.6455728725192458,-31.408146376238783,1.6756343498435309,-37.64958688930848,2.4831901280567052,-0.0004113476977273,0.0092206206228121,13.675145881996944,2.355694847314032,149.20338939721466,11.31062929080943,21.99895531763991,359.9999954113797,66.70800427106582,1.774243121236509,80.1631768526977,13.133666318013397,6.454391943865516,1.1912605037270223,-7.217904424154529,0.9668134338730489,1.4815876499760006,0.5118631436279975,20.462315452113604,1.1866957507690117,11.482954952367663,0.959747562415151,-2.9075159583345727,1.0102608198702323,19.27777793770491,23.75750277777778,48.92795833333333,1162.406106015162,0.3631081064814814,0.5929852962962963,r_hand,6.738529138337334,4.033333333333333,3.9,4.144444444444445,0.45264766511795707,4.626998401875477,14.988960743077465,30.86937434279705,5.3524236055395
ID003,KIB,1,True,180.0,1620,8.994444444444444,M,22,158.5,69.2,27.7,17,3 Dan,Goju-Ryu,Kata,International,1,1,Right,Right,Left,0.4108159116293201,0.566026426245321,0.6170289282700042,0.1717229659420782,0.3227494061878333,0.280278371405529,0.0349964178301514,0.0942954569676079,1.780962866302259,0.4067875205401304,0.5768585251772201,0.6094943856034174,0.1878993641296733,0.9475049067885432,0.8273684206095533,0.0606768242155672,0.3408576844410794,2.7824588141220232,10.414120503429796,2.4858225411055788,66.13224734978164,1.081780241797091,-49.1182832685742,2.484387846109499,17.4817126329029,2.2640544025500695,53.334259519344656,1.3841759699374308,52.9777421903283,2.1899635395612904,51.526821044311866,8.048346999370672,-75.67280374644659,1.9439248683829788,53.65634653930809,7.317629083551985,-59.87956670198361,4.262278457509922,-64.97048186816946,2.7922755517932316,-69.05029114945188,3.560774619167873,-6.881438588486821,2.501170070371745,14.123441441592549,1.0350758807259872,11.405565767540038,1.905780945907072,13.36082105092932,3.037638815049995,23.360288171088673,1.4974409171366574,-12.743505808169312,1.799027559434803,-25.9813156017223,1.8605468880521097,-24.70101037037637,2.138518432983844,31.169119904173066,2.552993690288826,59.842565603985534,1.6819228126906935,50.56829766451255,1.3601066070996026,35.09848383633582,3.778178764142133,4.000073837443092,359.9999866863368,62.53203273316539,0.8510354161727989,-88.1515241057481,8.656956632786589,-0.0003480767709881,0.0079850610102611,24.524926186052788,1.1576996672177169,-116.56222728632814,5.835726581947952,-103.86233940100053,0.7811016173504441,-10.089015704477722,0.5267864985830322,-0.7981933018893808,0.4449133129243782,-18.296928120366253,0.7597658229289266,12.671654002723628,0.820695985652165,4.130461826650434,0.5745188315537231,-9.965410928410629,4.827971543623724,58.745261093774864,2.69102246413005,-54.44138305752649,4.506324747093807,-10.913377323016125,4.188130677195984,68.88797624021585,1.7717599962296475,54.26159277751216,4.232207895007427,61.745719724963834,6.661174708000502,-67.9059533063677,2.919366145151727,70.66849665338214,6.580274908351868,-69.53235306755673,9.901091812183466,-75.92466540049685,1.735127696647922,-71.45555448685582,9.977784828116782,-13.984389122461932,2.5602506471072495,17.391602684979755,1.6495685071246058,9.88756665266471,2.988153482820726,6.971486891118129,2.795989505115579,19.24785166826689,1.5108290512542588,-14.512790522899069,2.023258497246065,-57.32714602488718,5.499081147220039,63.493813697467054,2.0541075860090103,-32.31385817426147,5.081379534998636,36.11975309792541,1.7824143302463469,-27.51536366903662,3.36763941737275,-42.74353179871971,2.6535082365636384,1.0176858273674149e-06,0.0098804850884885,15.416643638103794,2.4370991704543385,148.56655479672534,11.102675200745438,35.998802130173594,359.99996956677376,69.37890536634481,1.1112626332813278,83.53572697412224,11.138020385129836,-75.98664435597965,1.360971754691377,-11.934610414499176,1.7210708090736748,0.8499283101386814,0.7029787327417552,17.460478776570373,1.9834310692712656,13.610250266861348,1.6394592825332133,-0.8391102275649096,0.8179085084011055,18.69288130573921,96.75284444444443,12.017613888888889,1162.7383271850615,0.3654286157407407,0.5714391574074072,r_hand,7.0432313437806195,4.2555555555555555,4.127777777777778,4.344444444444444,0.3892926992239774,4.628320819930785,61.04280406589554,7.582090781633369,5.594449015475917
ID003,KIB,2,True,180.0,1620,8.994444444444444,M,22,158.5,69.2,27.7,17,3 Dan,Goju-Ryu,Kata,International,1,1,Right,Right,Left,0.3945762350222589,0.5700172296087728,0.6232039815033067,0.2369802845127,0.3099679812642197,0.324014969068187,0.0681642565479131,0.0907447615434506,1.9271861875493104,0.3935227364247174,0.5802362011875487,0.6174791322103818,0.546532243842035,0.8892792169643671,1.5790978850052872,0.1498711773768045,0.2677872561698659,3.051932051851278,9.44826727912211,3.5979499089235087,63.88248515794387,1.09775158807183,-49.272224600637976,3.1116498502320127,17.42424186683312,1.9550803585351275,51.287002489936256,1.8563679572887395,51.01101642980486,1.519334046985918,43.062959384318646,7.4701170612957455,-74.34596898169178,1.7951268526525297,45.18407561271062,6.656536347463337,-52.271497050969096,4.740720180905605,-65.87461081248783,2.396653534002965,-61.16317172977544,4.39365906904991,-5.969112118407407,1.6679265639513012,13.29585033513588,1.319469049490836,13.60266879459484,1.3044018024677158,11.752557743418595,3.0629467252449665,22.214137079509083,1.556472444443699,-12.71904386963783,1.7539303746623869,-24.63575155765852,1.9106139053221192,-22.677201409301414,1.8253410337708509,32.02426010977619,2.373166860175047,57.65245266572808,1.518782914138484,50.88089948087223,1.2593915282433985,31.996449988432,3.546998383209644,36.998963564841496,359.9999752188851,67.0377245133677,1.3613739030770802,-87.85223444049721,9.443178025593385,-0.0001714675059952,0.0074383206256832,27.522686252729116,1.215534084989411,-110.04362432007972,8.92872484420343,-103.86886086211544,1.1107480487191737,-9.734110034063711,0.7726007797008485,-0.1643451242000609,0.5250659666501787,-15.77885600710118,0.8747148473910364,12.761845464234153,1.066501064403781,2.1507536167790513,0.5509517547154681,-10.92892395122682,5.714853609662448,56.73480625253996,2.8157187546200504,-52.80789760827981,5.850009365890081,-9.474883777537926,6.0832342196227565,66.43653747387977,3.863838676936737,53.215658740351266,6.3140143224862655,55.19460581877173,11.551379640567632,-67.92255543097853,3.0818701348858895,63.71855072927472,11.45037392052997,-59.24517726879229,16.153240928423145,-75.44629596488741,2.7392846321279336,-61.648171541908475,15.794741528316756,-12.743767543066138,2.977710136886712,16.8511217998838,2.0337799711381823,12.246819823483705,2.7411453580083336,6.135013377453765,3.1372927374182424,18.412349115623012,2.1126290754929684,-14.194988232547807,1.816542550200568,-62.19491562028803,2.9224838642743407,62.33180000009954,2.3886584126423287,-35.71160212143503,5.009910413927365,35.28925955372044,2.586722569326625,-27.078848992146085,2.48248961412472,-41.80889107685768,1.846837368011812,-4.1097004870661915e-05,0.0119056702456543,16.228380464782937,2.6131007539008415,147.74122482750613,8.279586592719625,-6.666398402043094,359.999956987879,67.2745177552106,0.9592939651894312,80.98186349886517,17.535203595673565,-77.42118479645576,1.82441908060504,-11.597823794625397,0.9646803775696604,0.8287373485318492,0.6066307944601198,17.3897104023796,2.0418466760460987,12.81993268851509,1.4346967992171784,-2.328280820103581,1.1660678968128904,18.324498390869874,98.12098888888887,10.455608333333329,1025.9146291015734,0.34673475,0.5765465787037037,r_hand,6.908717112051316,4.116666666666666,3.988888888888889,4.2,0.393188631863285,4.0836892758474,61.905986680686986,6.596598317560459,5.487604163371207
ID003,KIB,3,True,180.0,1620,8.994444444444444,M,22,158.5,69.2,27.7,17,3 Dan,Goju-Ryu,Kata,International,1,1,Right,Right,Left,0.4061744761562592,0.5874029076944731,0.6231731350417113,0.1612268298772368,0.2285747806107685,0.2816759239540278,0.0379702247147198,0.0644640662918345,1.707139699151807,0.4126793735089998,0.5935465898655145,0.6130571438540118,0.224282313602353,0.6441399948502902,0.3619505690199642,0.0552277903856891,0.1884138251471242,2.9449464979375457,11.623782381318948,2.784463042529053,63.224398024559385,1.4294754766677684,-51.43607249972477,2.410181825966191,18.101495379453272,2.090077244130299,52.19183632300426,1.4386491235923486,50.05538322738719,1.7464347797793636,34.13187253174197,7.355910532222179,-74.54680790955955,1.095639127639615,35.799182208268675,6.492988306646993,-53.12309495791597,3.437303295436074,-65.1820584873087,3.4025559707013997,-60.57512844008189,3.061966158230433,-5.5838738722392085,1.8501922353711393,10.76491874883829,1.6965388035433833,13.989525690769458,1.5219858025684392,13.467680854203582,4.21108378617928,20.68828929533701,1.549451368839815,-13.099603959670564,2.026574909391277,-24.666032034049596,1.2156508173632687,-20.775739997250437,0.9886369311007072,32.43087363790574,2.4466166344658618,57.82351356513874,1.830871715297981,50.18587361643414,1.001190522349482,31.749181704825286,3.178054111561547,-5.999629119433731,359.99997387544494,62.74999027189199,1.306436404485666,-86.31651253858631,11.913769016913818,0.0003129194536575,0.0132849566330976,25.846561842638433,1.1425764765968438,-111.79836256798612,10.214363795647415,-103.80761071879284,1.03506348599133,-9.25711710552446,0.9049101425336143,0.428236619831676,0.4658156514743006,-16.6384089534327,0.9667432181113896,12.373035613015857,0.9793518207944044,2.644536352834925,0.6778990579437818,-8.646972341154251,2.915381688029215,56.08723237613707,1.842294372933523,-55.45268779775311,1.745013059467638,-9.565260078048333,4.118101262679697,68.01439253280985,1.6624948876305154,53.4845890003516,3.3837953641234577,53.81156312370594,5.261213813443703,-69.58463555890447,2.388577253695857,62.40599799279273,5.129226340442443,-56.90365950958055,6.533650424307176,-76.31803985429113,1.8198392142012525,-58.13269529333372,6.425891252344812,-13.025037435076271,2.515281631390806,14.791078746775996,1.4725318613561456,12.826759106730393,2.200219062896597,5.580635163217096,3.0288065605044245,16.642975433426706,1.5776954265581296,-15.00406831762865,1.7530285128977408,-61.53789832129095,2.849378964641879,63.172563978057035,1.3599383509978225,-33.28471761728107,5.213785693144903,35.11110229483389,1.8316577203861757,-26.523317763907578,3.1418629904874145,-42.25870122082991,3.055608596512336,-0.0001989684293112,0.0135364716760928,15.242739435592815,2.5349410260653222,148.51025665997565,8.872524561547863,30.665954382078592,359.99999909797697,67.43172029608,1.1607671131614552,80.89611581790224,19.231534872503943,-76.82588032413864,1.5139154094644027,-11.625577722623762,0.95761098556547,1.2700793788617597,0.6936673987786942,17.54201547558182,1.8816176956751889,13.420601039539577,1.154395575591499,-2.348872608687208,0.8022921454238046,18.39691281469012,100.02257777777776,9.807783333333331,980.9997712859256,0.3645853333333333,0.5931678009259258,r_hand,7.050186376634978,4.0,3.8777777777777778,4.094444444444444,0.39316917037331944,3.9049041040747765,63.10572730459164,6.187875920084121,5.5999734083015245
ID003,KIB,4,True,180.0,1620,8.994444444444444,M,22,158.5,69.2,27.7,17,3 Dan,Goju-Ryu,Kata,International,1,1,Right,Right,Left,0.416706871685158,0.5785396535952205,0.5952953332485781,0.2208380526057429,0.3433978712533869,0.2739695469565539,0.0556256587627776,0.0926030508098506,1.8638722075565264,0.4145418053171392,0.5918511425690138,0.5920245338886913,0.2002897373794776,0.5141881411318716,0.5790244471071238,0.0452404787984703,0.1283593660227076,2.890983336860017,18.632555296007453,4.053497530316498,69.08633861907742,1.3052093898452028,-57.53673522667869,4.239905886227206,13.337293987663948,2.5867971436617054,57.76309494086167,1.5660409528122727,58.0934394716347,2.100756212461448,69.87027744560577,5.280325746791547,-80.80718788963267,2.0852401528557465,71.74123711758047,5.403928881712375,-74.63292359474774,3.117072792041313,-66.55548000258398,2.9722298110977334,-81.44299064000379,2.339536780618886,-6.118801475658826,1.8988905374251273,13.178438873394056,1.6020549986643164,11.103924759589711,1.802514126972273,13.909874528282607,3.0343920381431566,20.9069868731723,0.810515734284813,-11.971182149241557,1.866480567959064,-22.479782400194892,1.40789474527093,-22.38073716631926,1.3018998605379188,30.39690040166282,2.193056394616839,54.7495156901898,1.9060069021172763,51.632276487941496,1.0443890919718086,30.42910496501845,2.8210660559821576,2.000240179303371,359.99999214204297,64.61037463472609,1.3768945829824872,-80.60788068021371,12.140748778100772,-0.0002164504507239,0.0092385334988522,25.159434192652306,0.8889175053433327,-117.87990406736654,7.587641276536559,-104.37154302499924,0.6667860855065157,-9.16808240333243,0.6897000777914233,-0.5536362911749452,0.504358432106037,-16.030017828109226,0.9198599755681478,11.10183370459513,0.8471430199633101,3.1563951973116673,0.6556897808191722,-2.0877783100647016,4.7139833326875005,62.24228703654465,1.8020160113358512,-61.74972878466548,2.9725476509633,-14.72895595362938,6.6073118776420365,73.01863470297836,1.5529788919106835,59.54270631323008,6.561694748798473,75.55402963736772,5.47707185745368,-73.55903176367316,3.3208183564186697,83.26994006345316,5.2717229162724095,-87.42662199530072,8.515436868723839,-77.72052904164107,1.9305492317858892,-88.73393106896313,7.941102918808937,-13.682034689901313,3.4040306014511543,15.587180976883127,1.4508199575236649,10.510636321712424,2.0617272546280265,7.297712217717163,2.734213205217957,17.0844073716987,1.490345772603753,-13.321421598797638,1.1021805201544463,-56.96888675098751,3.83921968733339,64.6544418908947,1.2696638279971708,-28.717228641020515,5.527612169950832,35.76177644257615,2.35745683298304,-26.93559323661795,4.972855747629044,-42.58620792427533,2.3078411637365264,3.170456325743681e-05,0.0111828026198478,16.284019556053927,2.7617048952060976,147.90817642555862,8.870662281943112,15.33279217580332,359.99996994800745,69.89767158963635,1.2029917146661973,77.95048652983142,14.73780168955659,-76.92454609647281,1.874093539440807,-11.526409020491856,1.2318169452347243,1.6822533805585391,0.7958527487925295,16.812208742744538,2.3572304856423045,12.615030606947812,1.74880350558319,-1.853489663917404,1.246299540091231,20.277802716043627,97.71389166666664,10.863852777777788,1061.5493334103944,0.3751028055555555,0.5922090694444444,r_hand,6.864904275434093,4.0055555555555555,3.8722222222222222,4.088888888888889,0.37558065189184736,4.225534470082872,61.64914300736065,6.854165790396081,5.452803562806685
ID003,KIB,5,True,180.0,1620,8.994444444444444,M,22,158.5,69.2,27.7,17,3 Dan,Goju-Ryu,Kata,International,1,1,Right,Right,Left,0.4135018140230185,0.5580039489772018,0.6125915905260562,0.1899462713417343,0.3375928759701385,0.2139571949447027,0.0573325718419707,0.1051744162533567,1.716185393177578,0.406208861040169,0.5681682043054057,0.6064492794990275,0.2643139693478291,0.6731851390465948,0.4300174916444965,0.0724807642214541,0.2356183246571198,2.9618766186551175,13.946076807530776,2.6864314978921264,64.4666392546626,1.5931885258916552,-53.22442102078033,1.9010771597308036,15.036679629751402,2.662463823964801,53.38881819804222,1.5515182918605743,52.94757987728388,1.8211655739812684,56.19615875182283,5.246021995158138,-76.49662120103794,1.8915139823770488,58.45871722839532,5.158653996719266,-59.84016004911143,3.2650207317320437,-67.10538495841892,2.309103830727693,-68.15565617403338,2.735133282156994,-8.53276054916407,2.0574846231805397,14.666380733984887,1.0547516414323663,13.388449050954907,1.410968064337048,12.521393346752784,2.543684764892605,20.565587482938213,0.8444848689070881,-12.606899356981726,1.4875622960920278,-24.329101000030207,1.5065693315786,-21.403737344462105,1.3295974429872892,32.759407328797735,2.466222205944782,58.74914518511716,1.6710791881736355,52.98092919749686,1.819947557504399,32.86475652449759,3.9586700270555433,18.9994171689689,359.99994698165665,63.5022205189581,1.1445586896952804,-79.69220386315298,13.939608297306536,0.0001535945573247,0.0128411101111709,24.7014179378374,1.0501009139241546,-114.155823526896,8.126330641147149,-103.1836138039671,0.9901927419387704,-9.287172076927956,0.920350034561805,0.2468258293741901,0.4906678757979557,-16.29879241527705,0.6893652228892737,11.872468037505492,0.8659827010503705,1.805853939773313,0.624250551350108,-8.214512116636481,2.4971520097239335,58.57201037099079,2.641718189843452,-54.84650709584056,2.6220221328615736,-10.23528169016453,3.188924115842573,69.73595507215205,3.350573441716378,54.161777559946586,3.2056700058920384,65.48118306383354,4.654624961104886,-70.63988198350128,2.2953862649207366,72.97284166755337,3.7288726897470497,-70.42434262997766,9.256678147291993,-78.71272544105666,1.9907289181775667,-72.1363920831097,8.713870291562998,-13.55804746180085,2.6886708375196964,17.293673160511567,1.4256479824124035,11.86996075298644,3.497917334538732,7.4850085349682285,2.2184920146102147,15.976100430783449,2.108933796385589,-13.22658692515104,1.9317482193159687,-59.964132051244306,3.103015496580788,62.62962567848005,1.269764415745982,-35.426803988221636,6.784357553927325,37.81266016701001,1.3422973947218395,-25.347394053254543,2.484260057119645,-45.529716818206914,2.5892613270250493,0.0001523453646572,0.0183390942739774,15.54927976619637,3.103042744678728,149.72362932127896,9.858192491496284,19.999987003847313,359.99997268984475,71.63289943142401,1.870536057246184,81.41763597433722,20.82120001119698,-77.45266684063093,1.688905850639955,-10.082816892436522,1.1375838277437484,0.8716822474137422,0.7472147382201694,16.037555156687684,2.0563053215324025,11.678379698368708,1.1363790045502675,-1.9832369513384376,0.771201060615516,19.560631347305716,97.49924166666666,9.988386111111112,973.8600713071992,0.3670658009259259,0.5706674861111111,r_hand,6.871785840681528,4.155555555555556,4.022222222222222,4.2444444444444445,0.38649311705113953,3.8764842771137107,61.51371713985279,6.301820890290923,5.458269600204057
ID004,ZEN,1,True,180.0,1620,8.994444444444444,M,23,170.5,104.4,36.1,13,1 Dan,Wado-Ryu,Kumite,Regional,1,1,Right,Left,Left,0.3912532930807532,0.5337971995273253,0.8018435603085682,0.3246025932370999,0.2793226646902957,0.1531316141058836,0.1055719736904941,0.0765444022057753,2.244651879618608,0.3828106144768594,0.5049027012977285,0.7971722718764656,0.4538051839452883,0.7212030705936567,0.2409545090686471,0.1085621526814411,0.218523703679187,4.404168101841164,-4.926020124873506,1.381510724884779,16.941715293713102,1.416694548031959,-21.865423641236465,0.6506001353685456,9.478844784625254,1.4680401678372608,43.279352156939986,1.0426909453420024,26.99112195445124,1.1335972860549184,-5.2632434154865955,2.735574330604413,-33.76891284741018,0.7107639144123823,1.6330355036997055,1.794698718662852,1.34027538373707,3.903877562116813,-45.001791504887045,1.0869802898016516,-8.190922313733104,2.7617095531653533,-4.2032691624253635,2.1279543769462643,16.219550327742997,1.0832265173641191,15.441413493063587,1.096557654729846,9.508212250071733,2.534548770757578,2.7909139167296035,0.8362753624233559,-7.883275076773191,1.7970253635265463,-33.55680722670455,1.4966417650866148,-24.88680255515299,1.600860839942705,41.492485325457544,1.904227031029599,59.89775049775223,1.9432690125607692,47.125273573200815,1.8467930944097048,24.994460301924818,2.6344300557489326,-28.99973429904355,359.9999343584188,69.6696037084809,0.7658344000841311,-86.61508386494938,10.52988222947728,-0.0001732389573119,0.0109237276254281,24.70613377201714,1.896565235245529,-109.39844318024608,7.624612357400963,-38.0616402532181,1.0696219567500904,-8.279710724729124,0.9153193122670968,-2.4791031616751185,0.4959391053564896,0.4864296767550235,1.2104132525558458,9.193585439534615,0.9297149115492296,0.1360666911070606,0.5789420270961771,-7.770215593423835,1.5945610841077524,-7.963473889994755,1.4366415956282506,-11.575617826040778,0.9925486252253268,-6.6263107432331925,1.8637546878017632,53.96626433289639,1.264068547466259,15.19696903404178,2.260377422874626,-12.828737704640098,4.29192867589833,-12.25382673542561,1.7280880088263595,-2.4456572348119052,0.804827489770378,5.524320243692407,2.8041012689637066,-42.592306925095755,2.4841919426724104,0.3946227750933992,2.4105606357149636,-8.080386443573435,3.1538532241191772,23.48353640987987,0.8303819118792184,15.77639578813796,1.5175874302128405,-7.775195093122888,2.2648731626045677,-0.339052961576074,1.458333831515778,-8.116462018740636,1.6578270115393965,-55.995503814756844,4.464177690055976,67.5425980402481,1.859482806039196,-22.293722214031153,8.286982683288329,28.124655271311827,1.3180791579648885,-29.135560864134145,2.1975792459250556,-29.74633947771791,3.3658747944076275,-0.0002162312656693,0.0087738674496955,13.392145005798378,1.8594655371575912,129.026983128003,6.959113440802085,26.66575572194132,359.999973965279,64.94538857512579,1.6884491428914714,80.21910073827803,8.700404720728216,4.785138683417399,1.275762256978286,-12.783312519691636,0.8093207442551993,0.5275954053853132,0.8789743237309431,24.41217016083449,2.010833207452521,10.13812275971686,0.8864012673949322,-4.673197921750991,1.0069819509179991,14.9123616394942,58.76655833333333,74.08832222222222,4353.915709691018,0.3887782361111111,0.5049725972222222,r_hand,6.738521424899635,4.094444444444444,3.905555555555555,4.1722222222222225,0.47028947818684347,14.977221419461536,34.467189638318665,43.45356142065819,5.160626425059399
ID004,ZEN,2,True,180.0,1620,8.994444444444444,M,23,170.5,104.4,36.1,13,1 Dan,Wado-Ryu,Kumite,Regional,1,1,Right,Left,Left,0.4192445358768765,0.6179344018530082,0.7962906446513844,0.1471008494450754,0.1755866557065166,0.1571950932006238,0.0307580937466735,0.0386838885046918,2.3454327744171275,0.3960454700156887,0.5742966469381099,0.7896594087782501,0.635902994357862,0.4847991934663231,0.1822733630791106,0.1590896914501001,0.1239924281120846,4.399677617418582,-3.3670216991102317,1.3732387407966118,10.337441710953165,1.4828553677211662,-21.794161277671375,0.8602371502306241,9.072448498905782,1.91929221496693,45.22701883337162,1.3538424848163686,25.796951698917297,1.670001145777917,-7.226077121882905,1.97367663490464,-29.637342533379847,0.9914988559706436,-1.5609755496966438,1.3157139307542332,-2.3631106376933775,2.4970546800880467,-46.93918723238631,0.7362343484087575,-10.075353056025438,1.774302152145264,-8.3227255842945,1.9619753674101368,18.612291816867675,1.008489452818054,17.29276630945464,1.176000347150012,11.648834412680795,1.7235146984178389,4.465821294026698,1.2485406419752194,-8.615046703964367,1.1192696728697733,-34.06669147418448,1.3249430266960474,-27.50252439011891,1.4971919953593795,40.20819234891784,2.125635089118063,59.820280780500234,1.6107588114972913,52.08741630218829,1.7093413760795857,30.022192697827332,3.362342053966028,-8.99918874574841,359.99996572191276,69.92046751362136,0.9243714622479756,-75.74687418807838,17.70776692375614,0.0003416774947317,0.0111688737498827,21.78427326298946,1.4770950094294406,-97.5750817524932,7.040895432224232,-31.67240711205031,0.712994401825572,-8.465259888521675,0.8933618098492211,-1.8651282414119543,0.6449036898489198,-0.0628777467250217,0.7945695507773719,8.450260430770834,1.0297767420246329,-0.4616736174952997,0.7093985640836316,-7.27389776072678,1.4924661746825096,-6.847714470620211,1.1785581680572532,-15.434951694416496,0.9382918164383264,-11.336340247458256,2.2828114512071505,53.8542988571975,1.5616711845515567,19.827294893144597,2.184983639006557,-10.22579349985529,2.089436718600558,-11.868434531645905,1.124517532781196,-1.8702745106456944,0.9146032473419736,0.9145929060446818,3.360595338289478,-50.80990515182498,2.0786151786107396,-0.2050099819867271,2.638514329171304,-7.275645387359478,2.2865340294098555,23.989132366279417,1.053299490207241,16.834184424764818,1.246341339754423,-7.029598455824218,2.0599237199114215,7.959853634658632,0.964173728606304,-10.489024849409514,1.2914841551005818,-50.266460429658686,4.336827902162831,70.56397294430344,1.3216278137660709,-14.8844720538927,5.217421640869263,27.953149336074738,1.4794764584878737,-30.189364012499254,2.334305567716843,-30.09864997099323,1.8569704864326368,1.598081887433748e-05,0.0087983372504893,14.801369122190597,1.4604934401881966,134.1535489658121,4.7981915651459985,32.666275505421446,359.99999946112393,63.784073013655416,1.5142630532758543,75.44374795559928,12.773727303166323,1.881245023640521,1.2651925565975544,-13.191070222571197,0.8696548072164223,-0.154918530260103,1.0535165613575923,22.069886148610955,1.4790813091866255,10.4957034549764,0.7072426524071105,-2.8799545077965467,1.034381652300754,14.564988645968633,62.27448333333333,74.33656111111112,4629.270935971204,0.4173744027777777,0.571154537037037,r_hand,6.359176102030123,4.188888888888889,4.0,4.272222222222222,0.46703263615916973,15.924427674241551,36.52462365591397,43.59915607689802,4.870108761913102
ID004,ZEN,3,True,180.0,1620,8.994444444444444,M,23,170.5,104.4,36.1,13,1 Dan,Wado-Ryu,Kumite,Regional,1,1,Right,Left,Left,0.4125886557078991,0.6271592541989324,0.8057968316577298,0.4220735510848838,0.3099666330627748,0.1189818579196422,0.1404804189387444,0.0864249575539802,2.3136644492116347,0.3890848677122768,0.5694667094204442,0.7973701175551784,0.4741420415198649,0.5726722978392496,0.1820490917143202,0.1128887791076816,0.1267006834575045,4.512774234354608,-2.534193431338719,1.1209749652374,7.21040387107822,1.2920377072829945,-20.37689008430305,0.9123412079486286,8.889560866445406,2.047282597046566,43.60834824536754,1.1412345311663683,24.036911935563857,1.626912155772292,-5.829129470466267,2.4480675817785764,-22.11104158400627,0.9242509985385076,-1.8889157271959505,1.238335720383969,0.716178073427914,3.156022532826106,-45.747904867757704,1.0614045475727352,-7.752120160946759,3.0645238670131727,-4.2074979085408435,2.119812075556857,17.364506833670124,1.0005413539136434,17.108448657950657,1.738789267844009,13.217499101243035,2.526818655937765,4.91001287923286,1.315941152517304,-7.134264062347408,1.5129981375140904,-33.8434907880989,1.4110360546641942,-30.088108443202763,3.1883938194917576,41.40547441474751,3.2752898944603857,63.11245779960965,1.433457795537123,49.06857802481081,1.6137288789993465,34.685890626479555,3.321050576195262,5.999987399064466,359.99991230735185,70.68255175945337,1.1782620730110835,-76.45976407021185,10.68616771131228,0.0002205996251907,0.0117725875443329,22.071406292809424,1.472815556693245,-107.24502453204514,7.708543364995933,-35.18514258339455,0.659493315460324,-8.89527355656833,0.9349887156995678,-1.8994500683195583,0.5568378089754058,0.7801727379339432,0.9536058907449736,10.113761196395137,0.96290633485655,0.4123228562217654,0.6426368481281677,-7.364207754220637,1.3128491776894338,-5.917748189340884,1.1988799838382542,-13.923209018295331,0.7107518626877916,-10.215324616146493,1.7306105326158914,52.55888162106707,0.9780122187643912,17.27113178732004,1.7342158311859102,-9.304759613799588,2.2485888151222966,-11.442250356370108,1.5021000763932904,-2.069142352683426,0.815719728600591,2.107657014617055,3.6316802480996864,-48.43099266569024,1.3141026203373372,0.6186090375141853,2.7014915069553407,-5.6258361583551,2.205202005627595,23.082917883172595,1.0182359059046746,16.27650912003482,1.4201911780189889,-8.93887606611105,2.110879424558159,7.200528496230189,1.1026481898022291,-10.1388525668085,1.451597138052609,-51.79410612671582,4.529614904249669,70.58804302436143,1.792481170165786,-17.59295535833706,6.119646492853544,27.130618171360208,1.42343945429268,-29.577289522896187,2.2552434519822455,-29.329388280531845,2.259411193677476,-0.000246678090688,0.0130514193163929,14.0271011733907,1.4921342993183604,131.87701816189733,7.298149795428998,41.33195966889389,359.99999969050066,64.77931028221914,1.3989587282055709,77.50822717229894,13.25802083012664,2.2847760351477495,0.9941735871976513,-13.33962924255522,0.6802066079735951,-0.0216471159598361,0.7252322394470783,22.18720356217073,1.2680157875903504,11.08632999596013,1.1404309535628876,-3.1914362938086813,1.2072985257052378,14.198238448210745,57.2179611111111,74.16440555555556,4243.5360729064505,0.4151731712962963,0.5824733611111111,r_hand,6.243570782446039,4.1,3.894444444444445,4.183333333333334,0.4726081124092256,14.597521771936774,33.558921472792434,43.49818507657218,4.781573632393655
ID004,ZEN,4,True,180.0,1620,8.994444444444444,M,23,170.5,104.4,36.1,13,1 Dan,Wado-Ryu,Kumite,Regional,1,1,Right,Left,Left,0.414531394585965,0.6093280715950646,0.8032982687449501,0.1722568353983877,1.0062639463384817,0.2845016608313377,0.0437088510472147,0.3201841048145598,2.728441770312404,0.3992776734568899,0.5543367191962191,0.7924177566658644,0.6745813652899113,1.1534381394470716,0.5533253669731897,0.2211934983346811,0.3705597929440072,4.717602845910894,-2.668518762611296,1.364211441097638,3.1250764252903447,1.9608960495829124,-20.110045142696308,1.1565924596592296,9.19931598983527,2.2115183786390276,45.31604976746083,1.773686704182424,21.72484189448367,1.5465283147841689,-9.389436034119578,2.37572747140306,-16.131705237300636,3.993390188372322,-2.765481822133962,0.9657547909902506,-0.9894118670835924,3.284779028161078,-47.05543226093177,1.5000448583815995,-7.561929162118318,2.739303766654113,-5.182748924227419,2.3308180714659104,16.137446239326753,1.901741248861404,18.72214264287084,2.073622180375608,8.436405148898384,2.5377900659474424,7.894436375834077,1.8733653511834731,-8.470452574154853,1.5255677408042123,-32.27905159073023,1.079683973504327,-27.417543284003383,1.8101974399930043,37.94807636724203,1.582871470532588,58.4535942506492,2.398469288613015,53.580083609082685,1.5060090955365837,23.91975992909086,3.439833479099285,3.000672965387359,359.9999438396693,70.33385695103019,1.1478906473004145,-79.34464748247132,8.753254962898197,-0.0001553577631456,0.0120551303607921,23.05081851840595,2.134051174772761,-105.924258270317,9.22398890094216,-29.87810818296864,1.1422375988802536,-9.365116844163662,1.5177257094055534,-1.9642158538935373,0.5694818896089022,0.7719117759351382,0.9705113619851216,10.055086737539694,1.1717390719835183,-1.0709705277320003,0.9107646845005652,-5.371466944339577,4.116604079267876,-4.383533302274705,6.334276773865251,-14.373557936503616,1.8995595082350272,-7.530708493516505,4.4925370144697645,54.271482417921106,2.0473720012679166,15.39680259715868,3.5587900329086235,-11.131009771591364,2.5384339080495604,-12.228248233851623,3.405455693450481,-3.0045025853029994,1.1966455713790802,0.9871723800941392,3.6863508185434903,-50.33583124587767,2.999494337944988,-0.3663612731987562,2.887805604405786,-4.098431681599133,3.804062959942743,22.97980718648629,2.3750284038965788,17.23131047007247,1.6579951853355546,-7.954546077447751,3.2852073375577966,8.1006524825734,2.1756567323235956,-9.080234856484774,1.68038144053566,-56.98838004231123,7.566212971860338,71.16462934476617,10.235323865136737,-21.823209333298276,8.041495670339422,29.08979430524408,1.831884815200841,-29.16278312352679,1.9455640540817924,-32.591188386005015,2.7309195342025667,2.6568567640512323e-05,0.0106391900042317,14.296381049016802,1.855234719502544,135.25528487645337,6.229616329134956,18.666066146436055,359.9999985511482,64.14877108948228,1.867890407515759,75.372357127171,15.27692665643967,3.596641982803371,5.1803753106181345,-14.2187957815944,2.651705093528241,-0.125979252565772,1.4384634580285591,20.012734992474247,4.612867533492217,8.316341857393848,7.132514852554127,-1.9409930340202992,5.276306719930408,14.432089482721452,59.55878888888888,71.50286111111112,4258.62380986821,0.4328892777777778,0.5558178194444444,r_hand,6.29003710059202,4.233333333333333,4.044444444444444,4.311111111111111,0.4711426796158065,14.649422725529398,34.93184099055066,41.93716194200066,4.8171593780163215
ID004,ZEN,5,True,180.0,1620,8.994444444444444,M,23,170.5,104.4,36.1,13,1 Dan,Wado-Ryu,Kumite,Regional,1,1,Right,Left,Left,0.3947777173588095,0.5950822527096276,0.8096801855715752,0.2521009222467063,1.3723640787214553,0.453649110563914,0.0696758919766839,0.388032615276104,2.833913855264947,0.3934179017129662,0.5535803933664043,0.7964013304527503,0.9628181590600526,0.8074851916691772,0.4454242230572336,0.2830338761966439,0.2437588736367551,4.35750424862362,-4.785451013912118,1.4484482046950662,8.552112235508135,0.9990491148807132,-18.509736384511495,2.0268869694011684,7.885898354328909,1.492174751887115,43.11956812781728,1.4723218785929646,23.97561020698074,1.737756705621372,-8.454023803334312,2.504966019672122,-22.031847080605235,1.0731847779767172,-2.519378333275746,1.3069807210186353,1.3022038105798228,3.51097387158615,-44.07553982008666,4.587370808659266,-6.641574822094652,3.2603714115855817,-8.038958391886561,1.8505622779934905,13.594414563247849,1.0110746816381564,16.47598739999288,1.59852547090758,7.432039922230253,2.9627426183189236,5.19524031261526,3.214882105047368,-9.24674336407582,1.7699352382206524,-37.07313147527168,1.567780312085759,-27.62795788350958,1.56659645304007,43.06679082607364,1.3177968887042653,60.88364507188477,2.0356946584778015,54.888150342144854,1.5341513942512108,31.09437396597484,3.751590988567788,-27.99787173744913,359.99994628120413,70.7290544044075,1.021493645211109,-83.15227343905777,12.61388074622387,0.0001908863098166,0.0170407453261454,20.470984445451855,1.25073694994947,-116.76262100247784,11.523566967447492,-33.93344732956693,2.3591261434166313,-9.778196577376638,0.9581587971281564,-2.373852646092713,0.6705342431476544,0.3525787252967872,1.12663325526316,10.93764180754167,1.1575594217654004,0.1012541610938366,0.5911855831833477,-7.025987368962893,2.1605595532346262,-5.716086952181443,2.43224517265015,-13.065275326832138,1.500715319779042,-9.196627500566608,2.673122389736708,52.4723860788758,2.29433297262689,17.897681909999836,2.063882639881715,-10.695010442075642,2.8792737989566977,-12.105934097744775,1.2915063608469648,-2.2936577790991097,1.108113370273402,2.937278719215494,3.448251949249392,-47.67778940283512,1.7718606892327389,0.3277887457376482,2.7309808040464016,-4.88581773675097,3.45898560976028,23.709054315830752,1.3711739563680716,15.441602789010169,1.874334750293828,-8.768058854662085,2.5410570524236142,6.861250697432798,1.620855382085617,-10.56796169165672,1.6790406840055605,-56.99073026944365,8.434850121657732,72.4654279414818,1.9075880850512448,-22.17413715496596,8.591322710225175,27.96472611160349,1.7306522476960955,-29.108243689644464,1.7654249891147984,-31.1122987350831,2.9111034013951063,-3.6117581387487545e-06,0.0096275875090967,13.560209144605912,1.4710351133763613,133.3469279539869,9.956564044427395,4.666635903502424,359.9999872202361,63.57644550749394,1.296129984491721,73.04837595021519,10.443078912689032,1.4634500020197838,1.9079655060663072,-13.988234939930738,1.3157971634037224,0.3120860726870672,1.4532455258663597,20.25198879887741,1.2713652060484648,9.982432698348104,3.670992585949968,-2.9676513141088083,2.1900292130826196,14.528360971231486,57.13441111111111,73.24321111111112,4184.707734720124,0.3969769907407407,0.5477509814814815,r_hand,6.233580755043385,4.094444444444444,3.894444444444445,4.177777777777778,0.47488573933816725,14.395155647853471,33.509918540241124,42.95789507983057,4.7739228739927535
ID004,KOK,1,True,180.0,1620,8.994444444444444,M,23,170.5,104.4,36.1,13,1 Dan,Wado-Ryu,Kumite,Regional,1,1,Right,Left,Left,0.5256779638022229,0.3937639226498158,0.7976643833470471,0.9887547096113058,0.8372223710431614,0.1502039373317942,0.2990596605204377,0.2379044449438185,2.482334242703188,0.4666826837527983,0.4849584885214805,0.8032290251352677,0.5541545810158033,0.4732827515248838,0.1603313957847962,0.151034663962897,0.1133262295500343,3.76812983874844,-15.02045294227515,1.5856139225819774,30.99874727460637,1.0574896319225855,-16.479931627693976,1.1714211652669615,11.945231839770845,1.2382967443851136,35.295550070324985,1.1560547700360786,26.595195680449415,1.0482975956442644,-6.785327554023292,3.606725484856577,-54.67580091945389,0.9449603784737164,9.025049477903709,3.389425846015164,9.878557643387076,2.3279240791244256,-21.461384986246767,0.8958591574777834,-1.6978088639777351,0.9032514289808004,0.5976106718117242,2.1157884425629727,22.667598476336895,1.1633575585037723,4.727772087106632,2.151394875674663,9.7152780178359,2.198272133789036,-14.175368968898168,1.486103974999617,-10.605624485498147,1.4243314165882328,-31.8597747595482,1.6041151358239674,-29.556466319221872,1.8948756012307584,39.40364272686388,3.0998006636315054,60.1628446762528,1.4681644066335124,33.28651586713919,1.456145187543605,41.8021140745338,1.7481547942574736,23.998313369639835,359.99985870179313,69.42734531739714,1.1970075346174696,-77.04812951208945,15.471890149519735,-0.0003860034814017,0.0170056711348618,33.30140423424398,1.381411473830255,-104.23601397884327,7.27744453517181,-50.12941143613211,0.7136501913632003,-7.166295229037276,1.2082744417480242,-0.2941686901430043,0.5571487343255186,-0.1777693250864251,0.803869348150024,6.344449859149946,0.9154023622534542,1.4065042633592455,0.9607967268244564,-20.03723499809617,1.25046938896077,6.150967466928188,1.8860633961932256,-13.17076542774633,1.326699683582886,-2.9013288277858433,2.2508899403603193,49.87489530342133,1.2517861717103216,16.714479202075747,2.358495841119076,-16.2119339728246,3.2249488506084845,-36.81127231642616,1.433831626986276,3.7069361919967454,2.034093980451847,4.822631225295697,2.860259603391949,-32.56577630574855,0.8748991065988037,-1.381867570868122,1.741272532108323,-15.73614160283196,2.7488301224272007,19.6195841047108,1.6772420480691572,10.234616401775272,1.7162361021194776,-2.857117036923262,2.6302264814667096,-10.592437246545533,1.6937030410579157,-7.246096379355262,3.2448060797231584,-15.318916812406544,13.467126963867702,80.14664409738329,2.39503222652516,17.65157341693423,11.711539062975438,25.600613477180687,1.7987302842927484,-30.651824898933963,1.5114208531966788,-25.65722734502608,2.8436307242832015,-7.966938643581237e-05,0.011052706205195,14.320802948200187,2.5551961787481705,136.34374031140754,7.331395096855346,61.331942270171254,359.9999995818714,62.441497739976505,1.024645883464892,79.01506091503282,10.243402421301568,-10.763577053818327,2.041920048651886,-7.771449201718824,0.9576796484099112,-2.6489710379134053,0.8497230451306175,25.932877355507813,2.5087269412897903,6.495724143150061,0.9970545941204074,-0.6531440460516234,0.9609434944622844,16.497641590774958,44.68910833333333,77.80137777777779,3476.874199993704,0.4701454861111111,0.4910973333333333,r_hand,6.891021702936914,3.994444444444445,3.783333333333333,4.088888888888889,0.4678383480041332,11.960248707849793,26.210620723362656,45.63130661453243,5.277417174104143
ID004,KOK,2,True,180.0,1620,8.994444444444444,M,23,170.5,104.4,36.1,13,1 Dan,Wado-Ryu,Kumite,Regional,1,1,Right,Left,Left,0.4652417841404285,0.4504432842055842,0.7817316142079542,0.7571826011525118,1.1917294365242137,0.2718374767006315,0.2567635350018427,0.3743946929436645,3.2153249313089445,0.4506596844604986,0.5174483971455891,0.7855371996564529,0.5938564255833112,1.2242728006252923,0.3773915307924702,0.1522892905352472,0.332004266938578,4.489561825693076,-15.41065596828992,1.4545266664160683,32.460650537225874,1.5731252183614828,-18.94925051963044,1.6806642911787435,12.07138920613252,2.0765405629774936,42.02022029091469,1.4526440655729471,26.44745756345801,1.3964063081239928,-5.057005947557245,4.1623994646581615,-59.402375140411145,1.416969127822064,11.619419589727404,3.2498036172921783,9.929213154516898,3.2468348082298863,-25.648408572739136,3.219633802131046,-1.9083483903305452,1.6104866028133262,-2.313106431708974,2.136550175509518,21.17211134336865,1.180912086480831,2.0190298976903662,2.0112628442234195,7.618628658531242,3.1348547785114222,-16.24639367359651,2.2417578128549707,-10.30046431030369,1.176030722007125,-35.32457015593416,1.4850098866932484,-23.2455690642175,3.021697971972113,45.5646226579401,1.8746745701757916,61.52633136430593,1.5288873257533524,35.349272643773396,1.854796189517387,41.77773771322188,3.3321496696332247,25.998088921665747,359.99997511642925,70.61808756463267,1.6102117017160822,-79.88629094847562,13.554321217562546,3.049469331740271e-05,0.0086691351235283,25.93849567701636,1.6586306427290085,-108.02022855378732,5.677969979576176,-49.043434024696126,1.419211592557268,-5.747362279451242,0.8141152599211621,-0.2341975774767089,0.9609397561353296,1.597896608159475,0.802810439052358,4.873384751050127,1.214441456076406,1.3814409059913542,0.8858519278960686,-24.24196888712621,1.783053983672776,11.273085752762888,1.863092620268656,-16.030004098102786,1.0076964198356873,-0.6435560322594654,2.103094921925565,50.62109848352073,1.2230248783008122,18.8753057286376,2.5661402198689984,-9.91670778741454,4.160063509586419,-47.73467848083738,2.7268536592255614,10.641374005213212,3.8889894731087633,7.708552852208661,3.471733007738361,-31.07731098251129,1.2173821390838384,0.4212578238386883,1.8340829684413955,-16.538407667681405,3.2239595638280356,20.782191455305565,1.3453733378285089,4.53768730871236,2.551645660673308,-3.663730042267628,2.623324201765331,-14.270474622542444,2.4020102876335887,-8.494177599721839,1.999447660398907,13.282379981683384,11.763425052210938,79.30388583980053,1.1089464274635077,53.588554018337376,10.701234342784907,25.846619038127223,1.2228999154668507,-27.841079017003143,2.2105338991255685,-28.95939153406191,3.3454229293280946,0.0003146302875889,0.0055669132544955,14.066043671956772,1.2263045297713582,131.08134456658794,7.994033562826843,13.332981315816152,359.99999691948597,64.65029496584148,1.6409180706310025,81.90203761788344,11.718374546650594,-16.73320243291048,1.9317463435509,-5.33083555567845,1.87140477373765,-2.7196872152374687,1.1595233419561095,24.957137605375102,1.594091128980217,4.6453125962127,1.5085450892726793,1.2534968857352398,1.374062438796305,17.696335350197245,41.37543611111111,82.96635555555554,3432.769143660616,0.4310129675925926,0.5613300324074074,r_hand,6.515103100500041,4.361111111111111,4.161111111111111,4.444444444444445,0.4584936153712341,11.808529832597298,24.267117953730853,48.66061909416747,4.989523829098414
ID004,KOK,3,True,180.0,1620,8.994444444444444,M,23,170.5,104.4,36.1,13,1 Dan,Wado-Ryu,Kumite,Regional,1,1,Right,Left,Left,0.5013292119802238,0.460804492317232,0.7950795195713319,0.2803458103495859,0.8140933675320872,0.1216557108171478,0.0719610551333096,0.2629066318109967,2.7069291663551107,0.4796080750059054,0.5344622289954173,0.7938957823268679,0.9958480367507628,0.9069887587352388,0.2896180207691112,0.3025748702941661,0.2738800645394268,4.345530279293964,-14.687520257684753,1.4213149114420744,30.479292582824534,1.1430585302638434,-16.969684401748236,1.5345057077253408,12.899502465491924,1.840387382854125,39.85842836025069,0.8469055503605603,24.784313547523343,1.4790298041646786,-5.5945540818360096,4.226873500671304,-55.54149881298221,1.3768616244544702,10.029975208939096,3.9945436993428025,10.571910863043334,3.1582642888550083,-25.957572800808915,2.00078777737615,-1.314600936127858,1.31676779225144,-3.496770600342249,2.93405088260937,21.83404053904958,1.8173657301797872,3.842476698389465,2.704595471354875,8.000508271457369,2.619213441598826,-13.67108622935403,2.308980619887407,-8.90458932014969,1.7853969449565508,-33.765241609663015,1.359395007460556,-25.75925926897715,1.5192202745796417,42.9995230336539,2.013798208714803,63.740712820218654,1.675124193618096,37.61502140997504,1.216577011882329,39.978887934406,2.7366139337876163,28.998768391328753,359.9999633398711,67.95592368863284,1.0135025078898536,-75.12931976261441,12.613823853365346,0.0002246319436206,0.018627792656784,24.5720085853834,1.3803152015020466,-107.8718958602913,8.025367374126148,-47.52219261411846,1.004672729302726,-6.17916039938524,0.5559847342340012,-0.096256952757101,0.6086423674677637,0.3747617427425353,0.7659437704468604,5.594656415973354,0.9911252961088372,1.4259822911796385,0.942170214439381,-17.907163004900845,1.789527489776841,4.590721491673917,2.6390753836993763,-11.439522032537049,1.6316786822105185,-3.6966146578508488,2.2204791473622,50.43319512549675,1.4946529029487436,17.695218473699857,2.493103482885001,-13.447670205325348,3.0092871321997237,-39.02917200238303,2.916354611292597,4.700385223149139,2.34344324876912,8.043560762107868,3.637939437347274,-32.76656657189357,1.778479426463253,1.063427665803296,2.3064209896890615,-17.42104275521226,4.36816547009005,23.10605260928562,2.419722422932818,7.80976826065283,2.7153121881950204,-3.877792207786088,3.3327345388606098,-12.034657882271397,2.214219903928239,-8.34468246520245,1.6452636151116442,-11.200459227356186,7.244084481931352,78.49652489719452,1.1140399695473633,25.27238548870542,6.910010392428777,26.33133874019401,2.088117133938475,-29.09526069823149,3.1254144237913444,-29.58588567769084,3.525559848143086,-2.132337332493251e-05,0.0114378630159254,14.183081844375288,2.334546519215584,133.38267838887322,8.758861582186398,33.999546583400665,359.9999919451619,64.47946494560303,1.4059235038699145,74.44957976778885,10.618361540444369,-10.259385139159717,2.0177722188191556,-7.004978431687677,1.2916803034648368,-2.0191676148299686,1.149188394326014,23.657405226238374,1.319576080142049,6.413906724377753,1.3145419352298902,0.0456192104024469,1.2665299858044017,17.227373393290673,43.309530555555554,78.34693611111109,3393.169023438325,0.4573937685185185,0.5584496712962963,r_hand,6.719889203765876,4.1,3.9,4.183333333333334,0.4663222988688164,11.672307680320344,25.401484196806777,45.95128217660475,5.146357132631964
ID004,KOK,4,True,180.0,1620,8.994444444444444,M,23,170.5,104.4,36.1,13,1 Dan,Wado-Ryu,Kumite,Regional,1,1,Right,Left,Left,0.5046201861007047,0.5266421907835465,0.7993401869592692,0.5471441411065925,0.7084736757153043,0.262365822282995,0.1343530439160733,0.2164368616045867,2.7463897628230067,0.4893496155543995,0.571943822849297,0.7938388473475201,0.5251506657699689,0.3751609292726554,0.3348375096947742,0.1280070935764874,0.0829686898250214,4.376249360893136,-14.938085207975549,2.1200725765402293,32.76242221877152,1.3752097685235611,-20.27696298790697,1.7300068177935124,16.101716269867875,1.755962877726791,41.25782904481733,1.4318526339519124,23.22860716148381,1.1495213168341394,-4.287418647902725,3.5524302420720946,-53.83779597480984,1.2370369425136332,10.87716054591769,4.084778382920266,8.16353607254481,2.556350118420718,-30.91564277824821,3.017485217249142,-2.3041029482597,1.454798734504877,-0.3811859723128979,2.64852274098539,20.32270693097072,1.368732155208452,6.017602109935837,2.008415474222839,9.0086095825428,2.3976823328468315,-10.042674023418774,2.199542105555103,-9.082088245978278,1.3093997221331062,-36.406034170030544,3.653647965824795,-28.113283179979987,3.4501500435229886,44.5161785489854,3.7762798737015046,62.91698598297769,1.0843089657755982,35.02174667239518,1.9322591662634776,42.9434449019406,2.8341732111623728,26.998614241765765,359.9999392902896,68.88084246528868,1.458921285754343,-74.3181912224896,17.475933079711936,-0.0002440837602528,0.0149734874837118,27.828216700788342,3.922476195483153,-106.75284929383078,7.17956343175824,-47.24936736416473,1.2669590132758444,-7.339271114491557,0.8455050916906943,0.6257990400877772,0.7019067408639386,-0.4352351879424307,1.3702515291930837,6.701417508535027,0.9579974489238277,0.570354565763094,0.934143421879711,-18.427126764842217,1.5220876233042198,8.471232569865764,2.227136616300876,-14.07839896682776,1.0072721894684251,-1.1374530522034791,2.3426411067507997,48.261786238059145,1.2159653870428713,18.54471790869269,2.311202032694446,-13.270622681521631,2.788779511262735,-43.62785160949719,2.3654273496140874,4.238240017326844,2.385476313314763,7.125593416061481,2.045275624561066,-30.31449491817693,1.311935488221085,0.5566042798156025,1.437199550880236,-16.057709391876916,2.972429938087138,24.2918631509148,1.263995871869188,9.807190118476012,2.453863441013265,-4.160125375750139,2.5004685928658232,-12.288753124538392,2.3664506549577595,-7.656062808242107,1.789107784658503,-8.99636885317187,14.66594572014227,79.33180092188668,1.7888943127681074,27.822209927299248,15.148539011552042,25.092462453786652,2.5641782012981515,-28.868018115012376,2.6304997641058208,-27.71429949115739,4.5730838853346505,0.0001176698560656,0.0101806696166536,14.014568298799349,2.6201024410820697,134.35235120883746,8.48207100321747,9.254209907086136e-05,359.99999750192785,65.17046126354285,2.4422122324126647,73.04627638864147,10.639792544382187,-10.91331005923841,2.5103529280289383,-5.838629791515799,1.270216692460199,-2.246470583083542,0.8584710806610094,23.34310307409362,1.830886246108257,5.561127862331763,1.5491320965750708,1.2012155444829362,1.1992378005596065,17.33142169663778,48.83241666666665,77.20472222222223,3770.0931641898146,0.4646955648148148,0.6020734953703704,r_hand,6.536599134430424,4.188888888888889,3.977777777777778,4.272222222222222,0.4688212240230318,12.968905200986624,28.64071358748777,45.28136200716846,5.005986342718272
ID004,KOK,5,True,180.0,1620,8.994444444444444,M,23,170.5,104.4,36.1,13,1 Dan,Wado-Ryu,Kumite,Regional,1,1,Right,Left,Left,0.432494563040959,0.5368228838880655,0.7853257287774429,0.3145085863595964,0.7787212716225622,0.2504800434236731,0.070776480890312,0.2287151087795061,2.6902544813812796,0.4112230728753007,0.6207311347027102,0.7898007332921102,0.3645800946334765,0.4628636435305089,0.3807767584150801,0.0643008080307173,0.134419781379275,4.121281216949013,-12.145274432174048,1.3626188910184478,32.08674600043403,1.33028981723621,-20.681595571601875,1.5870744871655091,12.68114390941103,1.7285255864426272,41.52511762820641,1.4197443872232611,27.04502667231787,1.617907187752209,-3.264053346314999,2.9479297329564624,-57.23301352736928,1.7283597724416566,12.586056823474138,2.924332500985109,10.019413277307056,2.3107975911905108,-25.211436049684597,2.056336390310726,-1.1128248246482575,1.5587979286500195,-0.6433836970649678,1.938448150851002,20.107809266888463,2.0880511510141986,5.15523683800823,2.586011930190036,9.608640354784884,1.9018047189489489,-14.873235187890668,1.7973686748365711,-9.22972558123245,1.4713693686593778,-35.45067447458018,1.6919435144143833,-29.821417558104567,1.8516837066880036,40.92855936088663,3.103723188628841,64.99513308639202,2.6453285035813394,38.82929271395134,1.458639095378473,51.26769045735297,3.4509554324530427,-1.000729135546216,359.9999778998714,68.83315172057594,1.0884756468611414,-81.89726963726709,13.180205372444943,2.5291196965736492e-05,0.0144454896334093,24.88664245236284,3.1683429996679564,-115.33446293788906,7.7232016890529565,-49.650019261111225,1.209476498856418,-6.985538096327937,0.6172016397651268,-0.5585915076635328,0.7425223210181321,-0.4434703396130161,0.803024050442991,5.960007699796606,0.9521246443886672,1.9702891016976496,1.1332031540314245,-20.11806267811312,1.8586264684948937,6.838624010545185,1.45521304692822,-17.102881228797557,1.4293766339396328,-0.1268813342115685,2.25718304881486,51.3496037227322,1.294470690123127,16.61199624754968,2.4625408253036927,-10.562437421405727,3.252366548747869,-39.78055340492416,2.947465445570693,8.050806346203206,2.688930689064569,7.959863562379845,2.4801962446993713,-32.11777229719498,1.696392171727215,1.932942732910656,1.4732148043086135,-17.140278931556093,2.949216881673488,19.527199606427825,2.6090697929182873,8.734070371676745,2.260403267632837,-1.2751321562791806,2.0630720069409643,-11.623690847128447,2.1146663060137456,-7.805330632966538,2.116354361959181,0.9133218777835888,11.004132854090342,79.17190475342755,2.424216571456782,41.44937287873338,14.023155137143624,24.954691010148856,2.4978682877249554,-28.331802230114313,2.4660739017498408,-27.728361292663127,3.2431772434691233,-0.0001571136078289,0.0091995958436383,13.308667329862825,2.1048877338493757,129.73337778252582,7.183605866301278,-26.66591291333675,359.99999616875743,62.473261876091456,1.633826038727797,74.64051126732612,10.58840698672445,-15.40482318924317,1.7965349670006052,-7.582280838511333,1.3765033437236944,-1.1906825699342167,1.1311868622613996,24.90923207302704,2.3263175086390753,5.556962166240968,1.996881380304748,0.1076096447488357,1.4121693899864471,17.47869716697184,44.78611944444444,84.25282499999997,3773.3570839818735,0.3899850648148148,0.6325693425925926,r_hand,6.848502035915497,4.15,3.933333333333333,4.233333333333333,0.4606016004559782,12.980132898691526,26.267518735744538,49.41514662756597,5.244853930125332
ID004,KIB,1,True,180.0,1620,8.994444444444444,M,23,170.5,104.4,36.1,13,1 Dan,Wado-Ryu,Kumite,Regional,1,1,Right,Left,Left,0.4259480887096937,0.5474809487043577,0.7418034527057943,0.1613179890320282,0.5733989263482675,0.4095975076252367,0.0401698716559223,0.1543109470443613,2.143871616226965,0.4363463315965696,0.5498395637244741,0.7624478527860508,0.2794713496833023,0.6531554835359166,0.3642509959220885,0.0698588528899733,0.2287801749641088,3.4539597615073254,-8.5826371888449,2.410371783688081,56.33911607442978,0.8619578073279044,-26.947045140066155,1.8993625869445696,16.706812850057176,3.461852166274131,48.48931177777638,1.4295623113521927,35.074760654405665,2.2237531731545985,17.739435302220333,6.483515477722314,-74.0839328593107,1.9902066838979664,24.382404495083748,6.591510585484748,-27.24618113904041,4.513880542318351,-63.48915296569457,2.6683656613949793,-37.178484044765966,3.765329139424359,-3.7259927783784863,2.241807431490093,14.068223958258008,1.6386869331320053,5.076862707544672,1.715394435207755,8.819407911866794,2.1720161887760776,17.593593544940383,1.204570698883476,-9.379275825714918,1.528505358840972,-31.884108792686277,1.183110504669532,-27.69430158111383,1.9943811209226148,38.65464966272928,1.4285595527295314,49.47393032411686,3.1728445135023264,69.504942047085,1.1852207720211825,10.4387337066313,4.552467562702141,-5.000327244763139,359.9998443119098,70.1195386944948,1.5639596294533362,-97.92186035714718,11.24872015162137,-7.507872931507101e-05,0.0088463330921293,17.168675007188693,1.438942339071481,-121.53493155754936,5.110806221143434,-98.68549411410211,0.8987623303253258,-4.569089062424849,0.8363386298746294,1.3331311165405346,0.3982646304933452,-11.533921749898846,0.8003340002300714,1.4837958614706566,0.6928957394721236,-4.963344951924266,0.626377658822241,-21.43554862093532,2.4076593419466903,44.37130861421306,2.1808883080082353,-25.011725870380165,1.375792806958856,3.601820253538101,2.4422287691575653,51.50422333982314,0.922985690876466,31.17885125496729,2.3685844722075906,11.470165573741218,5.64073037186788,-67.07527324582449,2.1380025115610835,22.65773048360154,4.9139294406285075,-11.482047186899036,3.6156845602475727,-60.995602541728616,1.6448706743109938,-15.811749402237393,3.613304737131133,-10.51075405282498,1.8682725023775504,16.954984431492516,1.391458175925667,5.359077854667252,1.7193063038641263,4.613133852580228,1.991691692902989,11.980731349289808,1.6616457218251828,-10.844244528851489,1.5923687553079071,-59.81974477869315,3.6385385247134465,70.6028450007951,1.8101198199772313,-31.177493899940824,7.691168226011737,27.995752582505045,1.8010087608832102,-25.812305724293232,2.30999046179333,-28.0475288184433,3.7212608680081583,-1.4088637767334737e-05,0.0112691132080062,15.85217884755473,1.8110573265447345,140.9360057056061,7.246059343530391,5.999932407114631,359.99999851796576,65.43253591352303,2.0780400305586255,90.46951458065386,16.785465149779085,-79.86553474855859,1.317511316802353,-5.034032969585586,0.9471171619252744,-0.7256958289130948,0.5190098524302685,17.888580124189225,1.363198325064129,0.889490756700644,0.7896704462676041,0.1774864177275546,0.7117747882608799,21.75516250376307,84.27793055555554,11.58181111111112,976.0910725297844,0.4252315092592593,0.581883875,r_hand,6.624468185302121,4.2444444444444445,4.044444444444444,4.333333333333333,0.43507533883037786,3.3576975517230996,49.42987129358096,6.792851091560774,5.073279939826649
ID004,KIB,2,True,180.0,1620,8.994444444444444,M,23,170.5,104.4,36.1,13,1 Dan,Wado-Ryu,Kumite,Regional,1,1,Right,Left,Left,0.4899794378036368,0.5834725282017879,0.7680026763853867,0.2129765896265234,0.6041771071572444,0.1769673598302823,0.0480442677382292,0.1902347469682664,2.3796990069113315,0.4854342179611495,0.5797824047890743,0.7919061690276125,0.3408516261127481,0.3396207030272768,0.1593847662961445,0.0805855085672513,0.0908627609866297,3.589123753507762,-7.531074908696699,1.693067813080054,50.56535608743213,1.2732204260491713,-26.599219057656768,1.8673534770827551,15.134528017860491,2.3731040857646253,43.97734393006694,1.089949958001938,32.500617138276404,1.2942276628170646,6.997466523491171,4.059057626298074,-65.10728627657804,1.0994964153317852,13.19780236249816,3.68759122877584,-12.606564209978629,3.5627233125668383,-57.73634610140684,0.8137338581276623,-24.67779073841329,3.3095087025742735,-2.791189645270743,2.01931848052357,12.886333410473018,0.9114113862748816,8.117179017444776,1.4351944349221712,7.331367894300798,2.8284930257607375,14.26467362699504,0.8770939114358587,-9.489487180494296,1.6106576098734775,-34.72244250240171,1.1045880036535891,-25.57259765012775,1.3818449779704167,42.17040725618071,1.543260258076728,48.25254186669035,2.5123717468508033,68.32098224614103,1.2277486808131215,5.734219123420045,3.82910668307818,-5.9995333222027964,359.9998891825084,70.95952530537319,0.8673590087018255,-104.77640953286658,6.369491134480626,-3.5013328527370616e-05,0.0119611340560723,16.78746132580719,1.3782644957845172,-121.51743052180248,6.9720040998737005,-99.01380773410465,0.8437654482405463,-5.88983647127041,0.6578369319472435,1.115276818504698,0.5105131374749081,-10.976066014719038,0.7644772589538853,3.186819156318783,0.6789140142887966,-3.7670972462271632,0.6975873883505446,-19.42685329831841,2.362814759037562,37.68355017760762,1.7559229850110398,-22.97014580651637,1.3564873910727575,3.52892464261165,1.8295880869641228,45.624930464392875,1.2008127242014697,27.609855838696856,1.521184042239799,2.6663083620449948,4.293312274892652,-57.15966764676689,1.0437635880244756,12.99829882409665,3.8696681159960207,-1.8750614556646288,3.7733585478034177,-49.85376177386522,1.220780621402696,-6.947856444351268,3.336401372340283,-11.60686195391466,3.355898557515765,15.357870374289009,1.7718539068067756,7.627103049499104,2.8024991390578675,2.858157157104605,2.7820914999286415,6.6390337569602105,2.094673215919742,-10.959770793595776,2.085856441072025,-53.35956116945248,7.4082879882984685,69.4216295580271,2.2550289252862825,-20.615441153330845,14.340570595931126,26.50370069366553,2.791688725015632,-27.426266782271824,4.65737693559489,-29.50701850058973,4.35639807599761,6.814460083647972e-05,0.0132058636286337,15.154138548293137,3.0976840063798896,136.92792916164416,9.982593390432498,31.332394056344626,359.99997086173096,66.33208675197443,2.20686037328295,89.95957583075491,13.548176586987864,-80.10935834601331,1.9611774040224788,-5.330722020955347,0.700998202593226,-0.741669691688832,0.8547752152057619,18.297248856762295,2.115565686861199,2.4901348429063472,0.8759338198935467,0.8048792454199486,0.8815663326212829,20.41648764263117,85.95456944444445,14.495233333333337,1245.931540163426,0.4866578796296296,0.6062223009259259,r_hand,6.119486481180292,4.038888888888889,3.855555555555555,4.122222222222222,0.4504414524254467,4.285933351668548,50.413237210817854,8.501603128054743,4.686544963095244
ID004,KIB,3,True,180.0,1620,8.994444444444444,M,23,170.5,104.4,36.1,13,1 Dan,Wado-Ryu,Kumite,Regional,1,1,Right,Left,Left,0.5033066554988364,0.5847789035874906,0.7522794630773979,0.3632648603763444,0.8172064742728913,0.1649538589514332,0.0931135419176109,0.2282937790770451,2.4646386935459765,0.499100358182083,0.5911706474461682,0.782969803451964,0.2519481289861569,1.0432483450432128,0.1860675932140565,0.0573880876690734,0.3236450704594673,3.886579039028044,-6.401231870777745,1.470480823013233,52.93852096299514,1.0141705216178565,-25.70871634095771,1.623536988447384,14.389052624320604,2.2690300704902064,45.30797191225604,1.114046750898936,33.051407841834994,1.8128925968620564,11.986253103102705,5.556444990638239,-71.75153499184809,1.062427174944716,18.05222393815114,4.462311998082441,-17.981539339074452,5.006007059030118,-63.836692214004536,1.10988590507052,-29.9068157135195,5.151341859062274,-3.3261434299603208,1.6061310511778069,15.912345351319974,1.2452286813443507,6.814255101578918,1.5268812614282383,7.921689495588794,2.2947928137976783,18.290977188593423,1.0239973418828257,-9.122415486434024,1.1580605752050648,-33.77173217864407,1.4432009110843111,-22.21749040868017,1.628159583062832,42.84841021207445,1.3993663824665743,35.76403197369606,2.0360036182222743,68.00279931822324,1.1758818815072232,-5.2571072345702365,3.4818295673016957,-42.998161555325126,359.99997755480456,72.53340973753079,0.7535805959793151,-99.2475672168177,10.122788384127176,-0.0002348913869792,0.0079997129533415,17.462964780022208,1.7106989852637504,-114.47266487585706,6.657855775104466,-96.09409455527124,0.7440931507125725,-5.01149125924271,0.7058786177099572,1.4609399800560792,0.4158682750903186,-10.042690146522355,0.90676685150334,2.8853094648112276,0.8717195228028745,-3.4839109273935733,0.5905469843714997,-18.779340139107497,2.245699233496289,40.84478846457334,1.680415401901513,-22.566473643548683,1.664899231774477,2.0641099114024275,2.495060916067271,48.451091210223694,1.119447535361509,28.009270067363072,1.5897644052932982,4.925015036908167,5.293687389190415,-62.588233996831335,1.3506036708632223,15.998569438268788,5.2427253684352415,-2.6512327027083367,5.217349883811305,-57.59211201852631,1.0928875942014642,-8.110403507949881,4.66279287018926,-10.06612137110446,2.8772581214408,17.40517762773766,1.5748622399589642,7.413776355963662,2.2452825306331032,3.630702826250805,2.2657583242201738,11.033983300997896,1.5917592313761677,-10.490882254860203,1.974239428306186,-58.99278541566296,6.251583800927925,67.79854145443271,1.2467432549448605,-28.445797252908,9.758221190737968,29.230194978341153,3.8567451621404025,-27.398582051521455,5.656564645432056,-32.64168480964073,5.248555307080203,-8.320622055519505e-05,0.0122364288880648,15.356560595143083,1.704537194800256,136.82323587914837,9.360748979697092,15.999313953090708,359.99999904564095,66.33056370486332,2.489468988355327,84.70201096057538,9.759244084392291,-77.01073502842863,1.4410513700599807,-5.713429354240602,0.9992027772070982,-0.7650332200757413,0.6827256793354325,17.271219338379026,2.8119774081154993,3.316399683644472,1.0413277212157008,1.0053396908241543,1.2459364146963827,21.12527427674709,81.35834999999999,10.850863888888885,882.8083820745828,0.495104787037037,0.6175191342592593,r_hand,6.230324116034057,3.811111111111111,3.6277777777777778,3.888888888888889,0.44121962643835655,3.0368104232835385,47.717507331378286,6.36414304333659,4.771428810938161
ID004,KIB,4,True,180.0,1620,8.994444444444444,M,23,170.5,104.4,36.1,13,1 Dan,Wado-Ryu,Kumite,Regional,1,1,Right,Left,Left,0.501973932116684,0.5882116642126098,0.7543356608681746,0.161363056911179,0.3878010321007208,0.1363401770695937,0.0415026122038631,0.1167422062341923,2.020544824105006,0.4925429026099981,0.5825327306613044,0.7794212401503579,0.6591514664082587,0.5991615235227565,0.4695158768557861,0.1951115309222004,0.1806947134573172,3.8684333428621342,-8.343355171818972,2.202001881783773,52.97301265326996,0.9000372598322244,-24.38134879320339,1.5842520837899734,14.419491706634076,2.576298308610962,44.797870736744706,1.1859418991707784,33.47127364408659,2.030088402907104,12.668891582357206,5.504953320800944,-71.88879034517652,0.8204218106467636,19.81913646332548,4.945708044374943,-19.518956558992777,3.2218515814417117,-63.626690186165234,1.2807793865184465,-31.98073208229568,3.2146167027764996,-3.14567517144072,1.7878189912124198,17.762519720199116,1.1688941695661264,5.889203240222778,1.5969389542433987,10.928080432457026,2.1114353282038234,20.20667317107249,0.7848070240255538,-9.156213368850157,1.2613518950755864,-33.059221635290406,1.4494972266695427,-24.445999239256945,1.8213933687767143,42.4364259633536,2.3570069593814864,38.69594758059499,3.267145561686057,69.51682870802445,1.3798069947635412,1.586923175105465,3.331913977072575,-39.9981849287945,359.99998261672,71.97592082377307,1.1667332290891892,-101.36315107355624,12.140355184362733,-0.0004137706905089,0.0237343377202323,17.995496310934104,2.7029281796377127,-118.65584608876487,7.6252427753069725,-97.94120965956311,0.800506585344877,-6.127098850169385,0.6155084463519431,0.8281751459898907,0.5060454244176226,-11.030681455382362,1.099981526201118,4.9112028494064806,0.864050882663661,-3.332478602374263,0.778824202010282,-19.72905124048032,2.124624707116137,42.77300556435442,1.7065491991608257,-21.282365604783447,2.1716028038623136,2.029568311566338,2.439357655121641,48.33418071959787,2.00158154904414,28.60056827959147,1.5964696593216594,6.2908130364501265,4.40673428322299,-64.95851728993347,1.2394454391582173,17.604124633078104,5.2385360571481705,-3.0753363141321626,4.5957776748920836,-57.359256218558514,2.0422070304241444,-8.776562917299271,4.573594590381927,-11.926126532559758,2.2082740234322262,19.78120878949947,1.4672355983648693,6.786464178014045,1.9068482091955925,4.622673790322715,2.2678332722260297,11.69319521343443,1.8696385489960576,-10.528819403300362,1.9603977437499225,-52.90797561601109,5.071891393760104,70.60281937738434,1.5490902997359512,-24.15288617243041,4.299357808572058,28.51209299572596,3.0581736640697876,-25.90904417478177,5.101929169216177,-32.477695323773055,4.958707498621401,8.336891454850488e-05,0.010819519533512,14.46727916791399,1.6368178783430452,138.48076134056274,5.16332317536407,41.33218004029339,359.9999671075791,67.34432335811562,2.4829593077736973,87.30498797309386,11.95563090247994,-78.98519424188528,1.078291105374987,-6.431045728255214,1.0889567534832656,-0.2909013654581893,0.5982158219030863,16.24927335446391,1.3527856090509545,3.467769353615275,0.804302258811723,0.2896732476413999,0.7311496499065243,20.70144290657139,79.9300277777778,10.169636111111108,812.859296851003,0.4819562083333333,0.6197015787037037,r_hand,6.2238045679565985,4.0055555555555555,3.827777777777778,4.083333333333333,0.44242560754731647,2.796189564420681,46.87978168784621,5.9645959595959575,4.7664358829697715
ID004,KIB,5,True,180.0,1620,8.994444444444444,M,23,170.5,104.4,36.1,13,1 Dan,Wado-Ryu,Kumite,Regional,1,1,Right,Left,Left,0.5025323757932485,0.580500645050428,0.7587038832968666,0.1392918094113793,0.6096915320154161,0.2016529465819649,0.0262143696065509,0.152095157059434,2.411235132452561,0.4933691995573161,0.5824127171583974,0.7873640052728004,0.5206795659233321,0.6313236204774142,0.5673493909960636,0.145674963717378,0.1602366160578796,3.97437738568344,-12.914175805054288,2.555121578246166,53.62491890300987,1.1734404845615174,-23.19682769246352,2.058078190194294,16.951801572793762,1.6413238459386363,43.767019166640885,1.6154812986363964,31.92516429733795,1.6015128257242424,9.512921184479168,5.538942889080948,-70.81154476598,1.130963084545968,17.00513547275225,5.861205352937864,-16.66573466318893,3.6055824467671975,-61.554581771266534,1.5449763718598677,-29.15541644042571,2.8964694135018405,-3.5745317952271938,1.8772561599175843,14.151998239325687,1.436247718253945,3.973959742665425,1.3406476328040942,9.41134218477961,2.401975128674959,18.14418115218537,0.7528312505249417,-8.81430662293495,1.4878617665123883,-32.85752440731696,1.0158860714338471,-27.52486833908517,1.2503648992220917,39.30099200407623,1.7291071807025131,40.51391036268587,2.924010169240198,69.2769075618678,1.199123085031971,3.713776324633889,3.536360178602832,-0.9997406349348552,359.9999586057646,70.74348892586526,1.0057224351920129,-100.87242686830989,9.625627681278004,-0.0007194474671756,0.01139351038385,18.53075858026845,1.398803034462215,-116.6507260594586,5.909369253094766,-98.88249677121551,0.9650599471691949,-5.985276528065685,0.7651659429957185,1.6856009034647728,0.4545702475531066,-11.495679820239047,1.1694856247533192,4.095926408038385,0.8027553609286238,-3.990460210910102,0.793448098276119,-25.52575929896525,2.270834743262885,41.45113283761474,1.5752114128189447,-19.40733491772097,2.063232987410018,4.535450133759832,2.3964349955266413,47.61174061128301,1.6693749061712424,27.76473800448475,1.9879887089188488,4.24468207582194,4.826602232076124,-61.509234771242134,3.176495689668471,16.139421041219613,4.544238557620936,-1.6357350731287932,4.062348212052831,-54.865216078335145,2.189032451880344,-7.959165345003538,4.23890599909787,-11.133066158393817,2.18689563485394,14.8102688385806,3.4775941720149195,4.869564029516461,1.9872714251342745,4.058685627198539,3.1766812149585375,9.817896287461986,2.3274306390628325,-9.55900236463846,1.9013533683256296,-55.80554328895986,9.947573792048992,71.14865197880577,2.49745038672053,-24.327706192554142,18.667875328934212,31.468018902369828,2.50825292929365,-24.97811745463775,4.922462077981031,-34.744208559113005,4.822253003994419,0.000332913763305,0.0145804386317641,14.850466387990831,2.6041733132775384,135.41028320510685,11.534121026977031,33.99936427947858,359.99999824551975,66.44942307397517,2.532977779110098,83.95927325397595,9.803684548796866,-79.52397930111434,1.7981666388139672,-6.2453344008270015,1.327573816738698,-0.7966227975768746,0.9371719131641396,17.6756581771312,2.95635603039376,3.7973415472760736,1.3382014676974787,0.2445986877679529,1.3162024660222702,20.42806860399018,80.50543055555556,11.034158333333345,888.3096674431722,0.4855326388888888,0.6172687083333332,r_hand,6.229220833496012,4.072222222222222,3.8777777777777778,4.161111111111111,0.4449876148368719,3.055734530811301,47.21726132290649,6.471647116324543,4.770583873501427
ID005,ZEN,1,True,180.0,1620,8.994444444444444,M,21,167.5,70.9,25.4,13,1 Dan,Shotokan,Kumite,International,1,1,Right,Left,Left,0.4169291745708203,0.7202234511674448,0.7492741328464005,1.1155914337473427,0.7919876396045522,0.2782710000112098,0.3788585125897208,0.2347575856026165,2.64875293947949,0.3991524151479873,0.7333369911987235,0.7508894164179375,1.1674422984680188,0.5878828864831265,0.4586756614670895,0.4197459078829645,0.1145091898458651,3.648941486503811,-11.299754263803043,1.991801899116778,-12.807551763908773,1.2857196191187104,-19.87126649863418,1.184761999736832,10.094321269016188,3.967256803466638,58.15398593568682,1.563677024686008,15.778560266756942,3.4965635258196883,-12.967571709914264,2.134189057838757,-4.686484180989027,1.1470566201604209,-3.145357825247255,0.675875701598978,2.2362197944111637,4.979075260372324,-66.16492036318303,1.422944194511672,-3.154077614382492,3.859076661930484,-4.817556213080065,2.802868284170432,18.382925867199955,1.6416403621360691,16.556438633522433,2.2433811745320273,2.5292377785086746,3.457327210620649,15.348600811459702,1.584226755548558,-7.821534376807794,1.6545795964083725,-29.696476381213117,1.595656708285997,-29.0468204545837,2.785269656323347,37.78489791387679,3.331834920097215,60.1674144089393,3.5862363463416074,63.41384888241193,1.9240955357058311,25.277315487820893,6.0507015696440725,-11.9937445886852,359.99969571063536,85.76118495759482,1.4873688584830091,-77.00061928194847,10.858400607185471,-0.0004928175789575,0.0156880478533249,13.670473791045543,1.345394828806686,-101.15052443698694,11.245756225752586,-30.030904241949653,1.4395924462915843,-11.787952845055232,1.4373088419237303,-0.2400639121531324,0.7448364394591854,2.7065688195892927,1.23480542534466,15.559514692321908,1.819478007451872,-0.6818710391624463,0.9932857850534336,-15.175788987553114,1.6561043033367024,-16.43532737555882,1.666441360357199,-17.41550113743678,1.3372461390568304,-0.6976716079846607,4.913690814974684,61.93775238141527,1.5747612011751428,8.626306537805236,4.724694264944667,-15.992316305152643,2.366504208631838,-5.150470367007386,1.3717561827193556,-3.4814125107534153,1.0546848912583635,7.918168350482743,5.734143434373721,-65.30890604882252,1.8252770943756076,3.897028507298135,5.516387621558008,-15.88706069715717,2.6951187130544483,15.594767929363073,1.4415707640958324,14.589389517369131,2.008656085455611,-0.2605347305840589,2.4961452267294018,13.26342056945823,2.2482948384301125,-7.513086398674651,2.0957645585885674,-60.317855014161424,10.895760076186916,82.72780777737923,2.1007460897036907,-11.137159795123624,13.066861309449887,24.45863712582542,2.560248842720359,-30.53866148429984,1.814406364829157,-32.82704055052677,3.8796957593212222,-7.897926261374172e-05,0.0088556315178857,3.569921953419325,3.7670405184579137,119.86321125936485,4.202712398036994,33.99807020457773,359.99999663430054,76.3332688531782,1.5892577543922926,87.26580528266065,11.008867754508472,-12.89197401171679,1.377025536322776,-12.91043093144171,0.8736362435157705,3.70726641921132,0.8526178774821469,27.677877487993342,1.97000509025656,11.558698664035004,1.1014028588655034,-6.238870748750769,1.195323417222383,10.032751275233736,38.208747222222215,85.18821944444446,3254.935143063974,0.405922,0.6196340046296297,r_hand,5.145609343148295,3.7111111111111112,3.5555555555555554,3.8055555555555554,0.44732784050531377,11.60146185988496,22.81119237147595,50.85863847429519,3.9758446403695458
ID005,ZEN,2,True,180.0,1620,8.994444444444444,M,21,167.5,70.9,25.4,13,1 Dan,Shotokan,Kumite,International,1,1,Right,Left,Left,0.450185675357997,0.630407141102229,0.734582350598571,0.6639665776036974,0.5201529925223269,0.277770409429956,0.150629731343566,0.1551668534830834,2.4142321732607197,0.4318692479088966,0.6337437036755292,0.7387351738171408,0.9206492643243748,0.4702689338285215,0.6964371109917655,0.3023115878357298,0.1357894025058161,3.8312449038404512,-12.204441445386188,2.0350847066047475,-15.816998725534908,1.0213934677089131,-24.567048659373167,1.422627596863823,12.183229616131072,2.658250575423647,59.68380788482206,1.9009579216147048,16.48182597564208,2.8311407647589864,-11.956446474457112,2.3206517860501386,-3.062806468231926,1.3285850491579247,-3.0207580126028852,0.5136395861820495,-4.790524695140678,5.16007564599335,-65.81215825577485,1.399634209268612,-8.398364570872552,5.053597925379627,-5.4748819949373955,3.4711000481474485,17.081702746542632,1.5247492700925562,18.78321642956344,1.5749429199083416,2.2835171556999514,2.080260679508356,11.993118177347808,1.5203474742981236,-7.478716487055797,1.5300337928570036,-30.298153356420407,1.0784699605196195,-25.132574572850555,1.777218614716677,40.25691330319925,2.98753534546632,64.79048381449171,2.8320582687549773,63.69968846134835,1.6053582448045915,25.804937751134332,4.048271323923096,-36.97428157947421,359.9994005569585,87.7897920720169,2.123016709181911,-83.53633682243802,12.26416164361973,5.133214457803247e-05,0.0114077496259918,13.3485948408776,1.3103618874379457,-108.3245295290554,10.984647843253027,-28.605507349423544,1.826643348257484,-9.61909837974792,1.0881213661322828,0.6895562850660005,0.6436466332812991,2.3321040686123737,0.8499846718820383,14.257290917113442,0.865727040782442,-1.094435178959959,1.4955119163095905,-15.449308186054676,1.6078425371121945,-19.00281346274577,1.8584264431427864,-21.803398638133785,1.6688082229562404,2.9892490103619784,5.942248107934129,63.0153901196245,2.7059736296941637,8.177014554757564,6.619713272308409,-14.9554149787173,2.8343284095255914,-4.010608008799805,1.7426115275977256,-3.152244109116507,1.034857867977367,2.4406632500821366,5.021444021855058,-62.92335835929147,2.859866024898764,0.6907395520714775,4.461168461004644,-14.432837009704226,2.8293409050930265,15.384397721457889,1.903625062228256,16.21301956471946,1.840113632909759,-0.7790617858057927,2.608104102603678,8.485287600147132,2.3037102842534205,-7.5497914392141245,2.2196043242045427,-68.20911107652627,8.39075446054143,81.73544880584586,2.6903086022307576,-21.825965729998593,7.702342237921318,18.724197410673924,2.492353869034087,-32.95171003909982,1.535780045426904,-25.489812153196993,3.6939431268673424,-0.0001760986380927,0.0061125657369857,3.600519681876184,3.3920534370220743,122.0622409514711,5.0122606697853485,42.66442942306164,359.99998472487584,74.1423290501318,1.862680126350483,72.902151170079,8.182640087791967,-12.719140476403132,1.5910939009571123,-10.930413451218383,1.00717052259491,4.225042927352798,0.8485676492715424,27.54749714614097,1.6896198048857125,9.951325838249328,1.6285511045279844,-8.151015019512625,2.917682371819754,10.611734138920983,44.92205833333334,90.94943888888888,4085.635999150602,0.4485837824074074,0.5430811111111111,l_hand,5.177391566934956,3.75,3.6222222222222222,3.844444444444445,0.43855662722302746,14.562302514236942,26.819139303482594,54.298172470978436,4.000401728884141
ID005,ZEN,3,True,180.0,1620,8.994444444444444,M,21,167.5,70.9,25.4,13,1 Dan,Shotokan,Kumite,International,1,1,Right,Left,Left,0.4106113169664601,0.6693251177133409,0.7316164242381572,0.7662354792332626,0.9549806029182984,0.2900386542947331,0.2065464004692342,0.2944928094569319,2.8934660104445507,0.401522574830682,0.6742285230922338,0.739448794794049,0.8237295537672051,1.576617664015223,0.6044338385672421,0.2599915732190957,0.3581347293837029,4.062845821154179,-12.087997820919403,1.8346138603072664,-17.010267171853425,1.5192050459526705,-26.586990619861027,1.4169804246169058,17.95218136901315,4.2117921929419335,57.89778182926344,1.0963942865762206,12.714642149699612,3.8299541277737177,-13.354320225473431,2.4654631238134392,-3.5069977235356102,0.9706597415241632,-3.612908496559763,1.028384118732304,-3.6319095983813554,5.850792382970916,-69.18655864168296,1.5236000490762365,-8.428480357472885,5.947193365926578,-5.2379352800258,2.7365087793086857,16.150445959678873,1.0730008730188043,19.23160183130186,1.6570951440299524,3.2494982232899368,2.331556208502721,14.271435023632195,1.4488271096792058,-6.37444415500618,1.3752608900510994,-31.312216307584514,1.448781025656821,-24.14724021071641,1.9038825520295148,40.74575326082209,3.5273546350124576,62.06102186140989,5.445636730484146,66.95029615589554,1.9043018307950916,23.194784235323905,6.405252411066449,-33.95303673482162,359.9994347857526,89.12523252684326,1.4762365470661791,-85.16547063489749,181.9514155092135,4.706349409864438e-06,0.0125619368312096,12.367212605027774,2.1617302535029825,-110.15612908225523,10.102286363303437,-28.260149721693946,1.779477416854654,-7.927729232500517,1.3574440875145657,1.8535057388457667,0.7259946045274783,2.8245036356672464,0.9621774766737708,12.540298878252138,1.3770329602639322,-3.2316862294084507,1.9492125928030308,-15.65195644209321,1.6607337112856086,-18.53315782869925,1.9286074645495717,-21.433766450006623,1.1748928457850774,9.538621778213326,3.963798765168751,63.83667127676195,1.3233290550592187,2.7409313505851673,3.2149925096714895,-16.185769605237535,3.02773014010868,-3.2961600578502845,2.052700363168826,-3.8313756828612338,0.7688279124706137,2.505064613765922,6.02752409629258,-64.64502654188573,2.993126963867738,-0.3332951626882159,5.593933198600707,-14.947524705757267,4.93869794990662,14.261350534852443,1.6425665893483146,16.97991173953726,2.8308483905102477,1.6144582084444787,2.373767126709842,9.314792403511913,3.5178012567456634,-6.050682750688725,2.522536970953607,-74.07255748284116,25.500063408070982,82.32403061637828,1.9504147641481353,-20.680012483110797,28.89641885733825,21.628087480274633,2.058882901928456,-29.28323717327941,1.6750244556872076,-28.37872677025436,1.796347802597495,-0.0001611101710502,0.0116394464632179,2.634878487938216,2.1345266630630872,118.5455474988326,7.613829444538027,23.330935780241106,359.9999989114199,76.28060804691007,3.0426886213159463,77.10934299971231,9.958497934113794,-10.62103561391172,1.8182331147538824,-11.88235159467174,0.8693336630877848,5.230816724916722,0.8989799212525202,25.7764940351128,1.3565233916177348,6.883582663877988,1.7991221396903727,-7.969301673149315,1.92610143454198,10.830105607743825,46.30937777777777,89.27611111111113,4134.321155975309,0.418945125,0.5664313611111111,l_hand,5.182144345952241,3.9,3.7666666666666666,3.9833333333333334,0.4367859249183028,14.735829471063699,27.647389718076283,53.299170812603656,4.0040740463343365
ID005,ZEN,4,True,180.0,1620,8.994444444444444,M,21,167.5,70.9,25.4,13,1 Dan,Shotokan,Kumite,International,1,1,Right,Left,Left,0.4388840287799418,0.6862038193974336,0.7290180661205312,1.0878973779213983,0.4877765179607363,0.3231851905787675,0.3518798794066948,0.131561253006736,2.626753565461095,0.4152997176247739,0.685905510598828,0.7428179164793133,0.4566307312075079,0.5169992687540592,0.2976524128078028,0.1296886862488332,0.1407596295908403,3.548511805979075,-14.235467093260452,2.387819931781209,-16.40453071394958,1.413921755089607,-23.532295932231257,1.139276671141932,11.814469974127077,3.5674129586402064,60.6200991451352,1.861192343953064,15.692344952947444,2.7927534683028163,-11.695444269685284,2.0298250343259774,-1.6554904129679806,1.4077542275398467,-3.865891160263196,0.6494563593320124,-6.919793691890822,7.314263707186031,-70.30234686735362,1.6597197217091946,-9.722640745161875,6.716115019038274,-5.631636107570052,2.361698904551525,16.595770473971136,1.5704235197173393,18.79422184823901,1.547135950914072,1.6438911581945328,2.2450703291609764,15.883679552081814,1.0801596255969643,-6.782048660740623,1.8376284893173815,-29.037471326192833,1.353100163939974,-25.31172465565957,1.7312905366816622,39.456877522866094,2.9888558493585933,55.426388789458066,6.13534586701936,65.92957402717836,2.079101764098752,18.466333663471904,8.232250751393387,-0.0365274095059794,0.9360157164634568,87.57206958853311,1.9660150845450912,86.26270733056741,13.557934531550288,0.0001774047617374,0.0203988254291993,12.94862458609337,1.742663575788665,-105.8707199101656,11.613118190480378,-25.8424129057454,1.3145660223593545,-10.030703548892763,1.491956055662424,0.0407528884917329,1.127713485241855,0.518086331818609,1.0317276690559851,14.854895201572749,1.74548048498297,0.4385280096804453,1.4353212575308874,-15.526800503368802,1.9352879746903715,-17.055548754674344,1.6195792896410062,-19.74525328056523,1.1065838657136062,2.3399019106089645,5.3346119257732605,64.9364853356957,1.3682896874820614,8.869170371423115,4.416131245195845,-14.2596097017485,2.7991657847273412,-1.8379013839107736,1.3303174280902816,-3.858699235288435,0.6885881580346305,0.235757863711075,5.081343914549619,-64.93187011353874,1.534332351242611,-1.3057500312123342,5.079149992037767,-14.373042759790696,3.68419254282313,14.24731873834731,1.2509344359328691,16.43554852939677,3.5242159867321323,-0.5980494042687057,2.078888223294317,10.924029060227738,2.4489135071120565,-7.063504444411943,1.805286695122084,-83.46671205007964,9.882998168141356,82.31973291629787,2.120014386957834,-36.883435726745866,12.532955329958613,22.89432192387576,2.6550115178811744,-28.971438928492923,3.081751433291455,-30.90146178962521,4.290647748586341,-2.5243938086657303e-05,0.0093889981518821,3.353470813584215,2.608160854011048,122.98264096470172,8.62196471665014,49.99707327586084,359.9999837553694,78.49684178711084,1.777450839269818,81.10069555510927,10.72832052205895,-11.398208590845115,1.0919903801252744,-13.260139712537288,1.2036765507869287,2.9845183926315126,0.6997556460080405,25.604726820117097,2.069540532999138,10.5365816004364,1.1743206180598629,-5.851495124090734,1.6332541855023512,10.24806308564133,46.46798888888889,88.06887499999999,4092.383504956944,0.43983325,0.5830324212962963,r_hand,5.111658981006108,4.055555555555555,3.9166666666666665,4.177777777777778,0.43523466634061564,14.586352434687258,27.742082918739637,52.57843283582089,3.9496123020088114
ID005,ZEN,5,True,180.0,1620,8.994444444444444,M,21,167.5,70.9,25.4,13,1 Dan,Shotokan,Kumite,International,1,1,Right,Left,Left,0.45971261014301,0.6348223111231827,0.733303979433672,0.3659775000925735,0.2978658699602232,0.1186658659556916,0.0979198766487528,0.0756724302541977,2.096926771867305,0.4512389408784237,0.6491266656318002,0.7381179713458025,0.8249013778599767,1.0880259583978646,0.2198454384303994,0.2412586661958576,0.2817624481236513,4.223570851005158,-12.627632966338693,1.4653277212301568,-16.93786439870407,1.5614899102403008,-24.91617104646951,1.2351467338360536,13.743309435375414,2.335441276755138,60.17647582785269,1.3796292316301546,16.510172423834206,2.7162646076051153,-13.838318043532064,2.0752959930421593,-6.223536107936452,0.921818291062273,-2.876536595943697,0.7040259844307197,-5.37011473688098,3.881050638733772,-61.06601229032307,0.9020731196298826,-9.884774369581637,3.818267360449501,-7.273179702440723,2.0138983253256253,18.626633197007266,1.2015038419789548,18.77879090584254,1.551837804284382,0.4796630378604256,1.6238869556482067,6.0183073489313275,1.519677129090982,-7.078062329318758,1.452478094526528,-28.966121272463113,1.310497826572142,-23.097916792115257,1.8095697962346549,40.57164073885573,3.0668902174979635,61.01718342041465,4.897916665421739,64.22368905055686,1.3378205860461847,21.989905696158743,5.621169784803815,-0.0040933838971451,0.221350815456219,85.67388035871136,1.2935931636953342,92.08830574777322,8.89294035714353,-0.0001557403194876,0.0137143899848094,13.556665704309806,1.3250755244802337,-108.01126720791513,9.61431748378324,-31.090345556226413,1.0485212207199446,-8.22624777516755,1.0411459058428614,1.7095814464524122,0.6317061961722159,4.283818048071898,1.287392589652543,12.583898372194325,1.5069955432790394,-3.0681997640301266,1.158292776591875,-16.6249205604161,1.4707274877729528,-18.960492141095383,1.389042541484045,-22.221339291168924,1.6749843745743007,4.225887992303563,4.412704621181534,64.25616389925311,1.058706204593456,7.683776405561884,3.5420499705287076,-16.685651097428483,3.1466948991878088,-5.897826568686125,1.5024691273789887,-2.84741938800115,0.7793646223145294,1.7477814725234573,5.356732612713774,-58.21225737933306,1.7850830378905584,-1.2675761667580825,5.758519462519871,-15.58367033731182,2.973173588105622,17.256355154471983,1.793434532581294,16.32948222127131,1.8705873162080555,-0.7408961779707184,3.0813879967414923,3.4581780228609693,1.9934853363086389,-7.121942194804367,2.366052049354913,-66.90601927056692,10.014085534313756,84.60062745669575,2.050719674777696,-17.148205363490657,12.015540639738791,24.298230485356193,2.625439256989111,-31.53428254746605,1.6202866156359337,-32.53989797380048,2.98436363951517,-6.786648455434945e-05,0.0070721697563549,3.2936393506278616,2.96553805255426,123.4306741331275,8.692121117135471,60.66388708551031,359.9999944028052,74.34833906230101,1.61592504041883,86.44183862368754,13.021288883422386,-15.42492315436782,1.57372185016367,-11.07042075964092,1.1786087443568611,5.9221045195031365,1.271218872865294,28.22657728578467,2.619784364230398,5.889419652124274,1.3636397402513598,-8.27503472801042,2.91443517956355,12.059509183778898,38.98642777777778,97.82610555555556,3813.890399022932,0.4462691481481481,0.5650374074074074,r_hand,5.178948431961752,3.95,3.811111111111111,4.061111111111111,0.4377934205574161,13.59372831017307,23.275479270315092,58.40364510779437,4.001604667751003
ID005,KOK,1,True,180.0,1620,8.994444444444444,M,21,167.5,70.9,25.4,13,1 Dan,Shotokan,Kumite,International,1,1,Right,Left,Left,0.4797994194546311,0.5437867399872223,0.7815668242082481,1.4183182557577556,0.1997333737176254,0.3253113472954982,0.4162237707332286,0.0467621313189701,3.097328741020239,0.4909728432588172,0.5761529456424055,0.7658037614635624,1.0891600291461243,0.5446705243065342,0.330323491705109,0.3245206202023919,0.119376525162867,3.807005393561772,-9.626397440434744,2.007081587007985,26.308316907389585,1.6209111042714213,-27.441874622831843,1.4402802853695746,18.53155566546131,2.7118862450950303,51.287780168153375,1.4664150566781586,22.638261279454596,2.79297982254862,-3.4067207145796177,3.9637295391760095,-43.0312131987296,2.0383657808821027,11.433695079624474,3.602288504602644,8.630246577634011,2.935038808765734,-39.601807282664765,0.8128694355362995,1.3417698479830225,2.266119147297497,3.283712331714241,3.361886214061653,20.182426362093796,1.7087057527188776,9.415648161713143,2.1594683566536954,11.859687231543788,2.168175904083528,-8.059814484196076,2.398615118295054,-8.146821638872014,2.0414003090687167,-30.73472119904564,1.5257177607673498,-37.36881115103778,1.6225049916474106,38.99367250627856,2.4005261554319617,77.13758999822072,1.447618041952467,26.671185907567892,1.242715976462165,48.112887499792215,3.764784936490166,1.0001175266431075,359.9999466889901,82.6556028008517,1.2621166451683763,-75.54736839547509,13.933135391456418,0.0001122725132404,0.0135607496320112,16.739058007368556,1.241210475814782,-102.3699251741682,8.440591737093499,-66.21326826523845,0.9791690636000112,-11.377553988033776,1.0200536526282118,-0.2208002596971524,0.7213835189665122,0.8063847269220754,0.8718229426473455,6.509186156921412,0.9167020118963496,3.23009832906554,1.1309753863760226,-23.70452174957884,1.6593110631503656,9.332840676338147,2.3911409775082735,-23.183702450676677,1.5171507588059292,5.0962539964994225,2.4830590970836393,57.56596116072285,1.462172278870753,18.046561309373303,2.571738365683405,-7.564540781356903,3.7203219353028425,-45.72234808043827,2.0294395643967604,10.267026386387476,4.1272817343039,7.670753486264069,3.98464934044979,-44.769079916216995,2.2767156291019433,2.8560920477749057,3.254354547782256,-20.24777526236139,4.553733336199844,22.534594440568192,1.5798572130794284,10.901115619029545,3.208463348858997,-0.8183184516202344,2.665751899606934,-6.651380496713536,2.8927105404330336,-8.041950834986547,2.2697943279395902,60.778838440090546,7.277518442080911,77.10901640129808,1.9643089193177443,118.07679877574664,8.534208415967555,26.731892269971347,4.652217384081112,-28.77533664335112,3.2318023833293736,-36.915263519466926,6.488299709701408,0.0001413053356572,0.008871584041084,9.208157837664642,6.138914302486595,118.2131447292046,11.359044621132725,33.32987338640974,359.9999794543104,79.79115827067783,1.4036761328906948,98.30784006714806,11.743834272090185,-34.338984110049445,2.37814380498272,-6.927497794180754,1.389914114610696,-0.5535925463669762,0.8934190804393067,24.98122336676141,1.43640599785504,6.02989225620891,1.3531127563309493,2.3416923871870514,1.3643610511378883,14.47565352369388,23.868294444444448,96.41670277777776,2301.302251262485,0.4526315092592592,0.5860534814814816,r_hand,5.750055285184437,4.044444444444444,3.8777777777777778,4.155555555555556,0.4666070592288048,8.202458458498498,14.249728026533997,57.562210613598666,4.442880320456202
ID005,KOK,2,True,180.0,1620,8.994444444444444,M,21,167.5,70.9,25.4,13,1 Dan,Shotokan,Kumite,International,1,1,Right,Left,Left,0.442284805040099,0.5539658953790405,0.7660431084847195,0.9122338192665946,0.36490180649138,0.4387172022827124,0.2207969852892406,0.1058480344840438,2.4081363867687635,0.4404174912463062,0.5941521066357043,0.7658764090541991,2.470874018291286,1.351921739179851,0.8063215190224904,0.7827295011097017,0.3502863738295438,6.229783803345397,-20.073338582963736,3.1025995666798885,32.240961456699374,1.7490997853404444,-26.09987152326247,2.820817596502774,25.035522665543365,2.4661344286966695,55.42469030612955,1.618950078759184,21.37035381824357,2.1630182462253487,6.476207473828269,3.239818507517616,-51.10541780404923,2.851915567217432,20.926252895838225,2.932152736458743,3.2436729419385175,3.455770593491562,-43.7159721719571,1.9793330938667568,-4.44569502267357,3.230424254995982,-4.650664270846969,2.5458754467180147,21.152334767289197,1.8942844550439304,7.335181490626,2.176070269366706,9.58078345834166,2.479371713414693,-4.8737462424706175,2.705009854130665,-7.846067086480102,2.100050739823657,-34.39335697462173,1.6311814092169783,-32.20407084990465,1.81636907491146,47.03600242764708,2.18644433549413,79.45103548300943,1.5260182107965363,28.031633080105493,2.0332171153043923,50.66958230313747,8.023675577091218,3.99854736742332,359.9999632461223,83.67194451541575,1.146960095838878,-78.20214736448665,11.86727285669545,-0.0002192054708614,0.0151945653708738,15.189959911554062,1.4621065671642128,-107.45804396711004,9.48647374169012,-66.36936137183594,1.533565081906076,-11.155478901327418,1.092745076448738,-0.2658930641211062,0.9363833261378588,3.1110777125882914,1.1607237764110416,6.779143297874917,1.4858003191426246,1.4085814956538356,0.8317343661135963,-27.36830196247377,2.423902466286375,14.653723227704097,4.962440966611981,-27.49580057124434,4.264668500395814,14.622347559734834,4.4394813664928545,57.430709142981385,1.7056158268176702,13.390933454252211,5.457256275774098,2.3311243962709165,3.977956894924077,-45.46314437077071,4.735771328133836,17.341018486017838,4.810813180630845,5.113875080474911,4.193125466928364,-47.514705022329665,2.82016728763859,-0.4340700008325511,3.261350567891554,-20.764841362312573,7.700239544225024,19.181095800520698,3.833316899623771,9.51725555309003,3.76422174032571,1.0955193872061644,4.346296608036427,-3.3385086261407797,3.790268443538398,-6.49314687363911,2.4579808532725416,53.30910495242278,6.540028492093867,74.59701012945575,3.649498325211184,115.06068804499866,11.417957752705362,27.744409222773463,1.8507621806586023,-26.333993068949297,2.382247287261105,-38.43971496391042,2.4373079366454604,0.0002802365993914,0.0133603176943571,14.885120747468402,5.400595387140253,110.23388099995736,8.222523821576914,2.000526967822456,359.9999836323477,79.77345306725705,2.460036989419322,90.96076965341427,20.06554052342483,-41.26012633166083,4.37292979412544,-7.01417671352321,1.4557342862176457,0.6678162519078377,1.1840857676099337,26.38598390012675,3.276828315564593,6.26284104260775,1.851253304854657,1.224974874002875,2.5814371616026763,15.267694161919128,21.109991666666662,95.11413333333331,2007.8585620488889,0.4054088055555555,0.6033635185185185,l_hand,5.403032331666263,4.022222222222222,3.9166666666666665,4.138888888888889,0.4573391692446086,7.156546445262246,12.602980099502483,56.784557213930334,4.17474699399845
ID005,KOK,3,True,180.0,1620,8.994444444444444,M,21,167.5,70.9,25.4,13,1 Dan,Shotokan,Kumite,International,1,1,Right,Left,Left,0.4559103195145594,0.5553901813684189,0.757024986256194,0.4566522148563512,0.4522204125721463,0.4134814479359594,0.0895496843033226,0.1217769188577873,2.24336032623663,0.4529817347336625,0.5751719855720978,0.7603053125862231,1.8276091177839904,1.8603950305172925,0.2490140937189022,0.5414910316814945,0.5529394509789716,5.476794244770098,-16.310724093620248,1.9547680331885484,32.689780478540015,2.3472494156267345,-29.794392385407637,2.047927344073969,19.337693867174412,3.0306411056711298,55.39804976443187,1.9560782468297688,25.792239452118707,2.9057898026528832,9.322294845676998,2.909018344155519,-48.38027828602411,2.078633751635934,22.3677383993903,2.89035789929897,9.9319507579275,2.730099317711801,-45.30693902543327,1.7122569954625178,2.126928876804647,2.6754618009123283,-4.667780885798451,2.305005379179046,18.54846039659403,1.9426268115778849,9.357415290388804,2.2800877527246364,9.432652325400865,2.4882025163064743,-8.24215287783469,2.3689745477705415,-8.369999082475307,1.996005570129638,-32.82867591021121,9.557767145344116,-32.410081896104224,10.03145920928542,46.93943131858344,16.941641102190914,75.60499689356048,3.06730140687813,28.69321149385863,4.5881115659245495,55.018750389624905,6.519990859312301,-31.98977748023463,359.9995137223368,85.36796614780141,2.658019431106908,-86.72784965550694,15.858787294612227,-6.443098217575532e-05,0.0172407148687741,18.695531654596056,5.854111473077344,-104.9240955754398,9.167082164842055,-65.46263972653747,1.4402100841056438,-11.18652832012809,1.258749228720507,-0.4594852029544721,0.7797257843382281,2.311910499206646,1.5994241928025954,5.761804648176218,1.5097745968857197,1.8566130368385312,1.0546809741204304,-27.35290863398859,2.9532156495010113,18.40838385882108,4.3130374142886705,-31.447067664821823,2.58625514162015,10.821076716173366,3.412746134565662,55.785919358452816,2.624306464219835,20.10918485486423,4.769594159393709,7.492133481754491,5.228697306034532,-43.49459601140784,2.491544949615715,21.770674275172222,4.70229555878899,10.595976916692864,4.062345201841488,-45.32881333755218,5.4208217936793375,3.8177507218452007,3.1913781482552843,-15.138191299688607,5.643984657135743,19.2013869288977,2.433901187384535,10.035316913790629,2.5140464000464977,2.043565944002543,3.4334766981800566,-7.772514318662245,4.032242814056433,-7.531664278457864,2.2042307174186746,54.13076511482995,8.692120551102178,72.06036466956863,2.5421104801064303,108.3584293566926,9.79064478956991,31.512252628325385,2.0478095886373993,-23.066852443243256,2.945624695507714,-42.83402373914903,2.591517938751018,0.0001453647945095,0.0155754896359817,12.849000335703415,4.998597150145839,117.67112118424336,8.068374439466595,13.999354383225908,359.9997338135223,79.49476781657967,1.4628674909931334,102.1001012857487,22.994536094142177,-44.96859754266653,3.982339772775155,-6.863714423560104,1.5490607468878783,0.6590010424213497,0.919309459601401,25.660160406948425,2.3217129159313856,6.183047658015727,2.2448686881188573,2.988900529500371,1.6078903046950406,15.206038172348295,27.85035,99.46936388888888,2770.2565985829165,0.4174982916666667,0.5944903888888887,r_hand,5.152017133207397,4.588888888888889,4.416666666666667,4.694444444444445,0.4519552156753397,9.873937531148732,16.62707462686567,59.384694859038134,3.980795730913762
ID005,KOK,4,True,180.0,1620,8.994444444444444,M,21,167.5,70.9,25.4,13,1 Dan,Shotokan,Kumite,International,1,1,Right,Left,Left,0.4955294009330349,0.5517512241962766,0.7618754834291152,1.3979450691653184,0.6456253639180454,0.4376219082052546,0.4309860118251222,0.1858015012735516,3.068417394389483,0.4928320474183587,0.58519833414562,0.7687306946718355,1.0458289783150554,0.5908236785042265,0.4121034057646966,0.3168508799422195,0.1949897061319023,3.594794985376628,-13.255835177426643,2.641191222200648,24.88453971245484,3.9486028303509,-32.13052178615714,1.8263878887643656,19.11163877768544,7.173104883097224,55.841841742776005,3.6827498164202552,25.29225971682102,5.182883992280544,6.078541628125499,4.5509469717102045,-39.8644188229029,4.00162073319288,22.97991980742289,3.0548231794908673,7.374361510511822,5.713627020518449,-41.54429757527965,2.165534639323994,0.240859709408469,6.948799811544928,-6.047118846011591,4.20781685516767,16.72738631780276,1.8578217787941504,9.381567850462355,1.7665265883787615,10.888315201610682,12.601420610780249,-10.064401616364972,4.7914175117257525,-8.387524847005773,3.1132697550821273,-34.97189989533913,1.2621613162525662,-29.345855898956227,1.5881450892051028,49.68838469120628,2.5021740760783047,76.37844411331885,2.546473208437547,34.22643387377853,3.5980158046678596,49.73189161025968,8.95227286896315,-4.991242585035075,359.99995395918904,86.7401086953638,2.0466704511507032,-94.97799858561416,9.94595292072681,7.936146137179532e-05,0.0107598717868302,15.547690042702854,1.35034463397516,-109.7434453017552,7.504265218881173,-61.52421612657484,4.280918045419149,-11.86815817642371,1.0018588823472996,-1.4205900786439072,0.9258098542399272,2.617603477609268,2.1433063463150974,7.790489242546721,2.5632573877600047,1.2735641101682142,1.3806952235612242,-25.892608000875764,1.523194415669476,9.692296258397375,3.5412481725473626,-29.221631093327392,1.189704748711396,10.366636380373318,3.898337550378248,59.151920282953895,2.309488515841764,20.381813790167634,2.8555917221454266,1.4581658460868063,3.4074637840676583,-31.18892484277716,2.4289493566612386,19.35120438454482,3.700371580403168,5.625797420348005,2.827139423843864,-40.927195161171326,1.5643722647201628,-1.4345443508522668,2.2611884568870515,-15.274946493272775,4.251338052380973,16.4027584549012,1.4595974078234786,10.453338380619432,2.376881365863307,1.5937719883929216,2.4192648738069145,-9.263702172062226,2.147416612118313,-7.53131075485447,2.1002132193311853,76.37755768337378,9.87211735791169,75.60593042292673,1.383146316825247,132.59791142026234,8.445539296526249,28.57980299669806,1.8089371180992764,-25.64858176853799,1.7156764154476356,-41.11900223753056,2.4726890158567514,0.0004486073809599,0.0106472554315555,9.722306605806692,2.98996863736258,120.09123158607314,8.427885088567578,49.995849209505046,359.9999386122249,82.13293093447108,1.2554426820954347,99.23889025279524,11.519937449950788,-39.97900461285321,3.120166615495094,-10.840553964247984,1.381885838662818,-1.0446433679162912,1.0464061824108777,25.314669235379853,1.5865352742979295,7.491365863496166,1.4106083888787122,0.9528250467061512,1.6221484538713906,15.274662128879257,30.148852777777773,103.58786111111112,3123.055174203781,0.4596833333333333,0.5759024999999999,l_hand,5.295139449154082,4.027777777777778,3.8722222222222222,4.122222222222222,0.4548510348830538,11.131406279184784,17.99931509121061,61.84349917081261,4.091381679987336
ID005,KOK,5,True,180.0,1620,8.994444444444444,M,21,167.5,70.9,25.4,13,1 Dan,Shotokan,Kumite,International,1,1,Right,Left,Left,0.4922760359397584,0.50684827214345,0.7453137348831976,0.5356263678855833,0.4474029949579461,0.2008050321550158,0.1559134975647516,0.1147894134478148,2.6663692593468813,0.4879267863944814,0.547822601131346,0.74197457798032,0.4082268809957101,0.6500891558175681,0.3761540488359749,0.1267128730542266,0.1346079087671785,3.2327100403519147,-16.129418217617822,2.455190193751376,25.994123477516464,2.969075929849712,-33.43962402823539,2.474637669748155,16.83363843626212,2.51884156079962,54.829230808404645,1.549648005445377,27.330415411974037,2.4570953887753397,2.2395232133000347,5.409707430713495,-50.171105306490304,2.1841040080451393,19.589629766199543,5.0518726929051105,8.416089907218849,3.8180146685102425,-38.79800359887161,2.730021168779345,2.230145456009045,2.6925298938232416,-5.462885830217121,2.372125439122436,19.992685706249688,1.3073959887761577,10.615945062918,1.9844319748713648,10.077979324485474,3.5805317215513934,-15.514136045532824,2.4146357449730385,-8.204191434311376,2.302296829196141,-33.14017786659319,1.3155943829827237,-28.584465280033605,1.912882409503517,46.42658641123492,3.1850103061664257,75.8704803836575,1.4968447089332102,33.22383053125888,1.7106996446050644,52.34592224064336,5.514864628389809,-44.99189421052703,359.99936848510436,85.30839738670778,1.673166575549331,-79.97074071272056,9.393278589549794,0.0003624340680075,0.0158304040999539,17.966541784989637,3.6979274758284184,-104.83783389856282,9.79979219115316,-61.658288133343106,2.2053172237119085,-9.364095356209832,1.0018816494057017,-0.3477922198052126,0.9116097826960684,1.9937634110460205,1.166409699587175,5.796258486298901,1.857306446667452,2.274392863788631,1.1523370152001546,-27.174688218585768,2.8330316852760475,7.502189348420092,3.7505304699125457,-30.72781017020507,1.339622487847933,11.362391530544045,3.7441344592317143,61.895074569088294,1.9396071951471612,19.67940919102777,4.220426104144483,-2.508078331572679,5.333124641440266,-42.22633311141477,1.721313331874839,17.58686907296103,3.783678033433919,7.309676698142429,3.263163750704809,-43.4667188245517,2.2562401197894033,0.5910614221993162,3.2272884678091427,-18.537091470453532,3.242900231419913,19.58678902939668,1.4131624084343883,10.884773020276334,1.718520137865701,0.0305294836887544,2.2493908639443965,-13.379390240339506,2.5385273877243453,-5.611676178907501,1.9413082339467695,66.39606970637541,10.042975446676238,74.8567014949649,2.411287215601959,122.22306312147616,14.010956761074794,28.249955065822657,2.5797264502380344,-24.74322736623153,2.9533832931384048,-42.12400652039315,3.956432826855007,0.0003808287535998,0.0080833392328245,11.499834729425714,2.893969854313468,117.3040591846718,6.681095578275844,47.329575756892005,359.9999980988625,81.7661797227799,1.183561620363875,100.93994738142185,12.152266235629696,-37.42797882890595,3.8913851164469975,-7.561713094737636,1.690521231796926,-0.8905797618421167,0.9881917802536956,23.61979479883595,2.1513278044772193,5.754540000276016,1.2309266898795714,1.7860722237564106,1.223705896141316,15.401331894648132,25.723775000000003,107.403025,2762.8112494193756,0.4459391296296296,0.5560329537037038,r_hand,5.417715134724747,3.772222222222222,3.6166666666666663,3.888888888888889,0.44496342381086423,9.847400309803968,15.3574776119403,64.12120895522389,4.186091917398708
ID005,KIB,1,True,180.0,1620,8.994444444444444,M,21,167.5,70.9,25.4,13,1 Dan,Shotokan,Kumite,International,1,1,Right,Left,Left,0.4550558486304227,0.5585004497772915,0.7594228283624509,0.1992652763248337,0.6779238796293996,0.2860741503728503,0.0462544015658105,0.214775391988568,2.1222635592812193,0.4404127018247442,0.5690833321501726,0.7621439478166778,0.2524048933585265,0.9651578625292144,0.1959414979572415,0.0591698535049582,0.3116107835901962,3.607915443443967,-5.124527925487225,1.615429006856976,39.25527344437046,2.556877744059001,-33.16932513212517,1.3898280664770013,12.00401245662417,2.1224404837719586,40.01156489725569,1.8345133571707135,32.93229309402593,2.360433094622099,11.703621214082505,3.3782802875854134,-48.51526426263584,1.2514249991377966,16.383385070376093,3.6253128845501426,-11.043418975213685,3.248839135879022,-47.800144020535974,2.5405559453338853,-18.62598873288365,2.841775830857106,0.0248182527707597,3.428961182639338,16.7434030510098,1.7706433600432696,13.785044157286986,1.5656395994633954,3.823725393692098,2.717699299263918,14.537090016762566,1.5440341386458645,-12.185805939665892,1.9253728017296383,-32.195813686666646,1.9324479587688153,-26.432763319069956,1.5565373540994862,41.96243853504504,2.937201943119213,39.72390876422898,7.514735928616346,81.41280344802698,1.7940872099340055,-6.421003531823772,6.207199906760966,10.997421135716278,359.9998560332174,88.34000997912905,0.9586150805356796,-103.82079602741084,9.02153367376539,0.0003092386377141,0.0244636584505287,10.065039977253178,2.5461546321932857,-124.49344140292663,8.710452169805663,-89.4619987216217,1.2261505092721734,-11.38493755176322,1.2646853289300513,1.4201640563535995,0.8260498411515513,-10.534075580224007,1.0149727664559638,9.346528589663048,1.4020926641190083,-1.181617420358314,0.8698498768546851,-11.820953525792286,1.3911789158315084,37.741697781862435,1.476871916612609,-31.324734147720815,1.2815572585647177,-0.6192713041788478,2.176641414593157,46.488510746048696,1.8037785799346224,34.51583518138466,1.9698576780365895,9.327596644730685,2.732344649702938,-45.410428965884854,1.3311170130213623,16.85023943879343,2.460680829630242,-10.389493278534182,3.256996372691887,-49.226606024584505,1.2020209501167258,-14.34684134019146,2.9807287368127326,-2.1600227475050757,1.958326629006524,15.34674913766118,2.145023742110334,13.543620035115236,1.6532735109671997,2.9039086604971622,2.1240515669486033,11.91469908365827,1.9913421353140952,-13.052643963962057,2.3018484676791164,-98.82882931280476,10.879490851058575,75.1540220224263,1.8122722633087849,-44.859176763027165,16.856406005628713,28.185651206777333,3.885761772463052,-26.17197043805637,2.6034861854740683,-39.92316465662568,4.567089485504368,-0.0003695541882563,0.0135002867779027,4.077910524219714,2.8118700239766423,116.71029448743994,8.147275950882772,36.6638143295247,359.9999959872299,79.7615267445454,1.6751645544515554,93.2151592897244,16.889633865825886,-79.7721517744641,0.8019664779019422,-12.601667281041212,1.3362935265206417,0.1628937561332501,0.6451597777142339,11.102901789065475,1.285910252542676,5.505577278709177,1.3501262454538567,1.267370517287065,0.8375189550294408,17.114934717917347,96.71095833333332,13.293569444444442,1285.6338406429395,0.4051623935185185,0.5746663287037037,l_hand,5.343794157559869,4.0,3.861111111111111,4.083333333333333,0.4533867632014632,4.5823438294246,57.737885572139305,7.936459369817578,4.128975587480814
ID005,KIB,2,True,180.0,1620,8.994444444444444,M,21,167.5,70.9,25.4,13,1 Dan,Shotokan,Kumite,International,1,1,Right,Left,Left,0.4799815432558162,0.5545367924125141,0.7362143871799185,0.6044782473084376,0.6033920699973938,0.3686717089271263,0.1351332233233922,0.1334847528492462,2.363725184973088,0.4739077872779617,0.5689926975520535,0.7329664991453486,0.3011678529307615,0.7675423309978946,0.409996237523158,0.0847591191341693,0.1753845680700285,3.3059987017792976,-7.180643988156314,1.5979476686488103,44.299541158496865,1.716698921747586,-37.81283739666661,1.9162919968593,12.633048729640857,1.744241384238986,41.564645800172904,1.8206342797215456,39.54221603867564,1.788022967901,20.462649488350632,3.9770924675872976,-49.87939101232682,2.8096956653718266,23.806331949070294,3.176223338376083,-18.463951459558857,3.6937729472654546,-48.82167297361003,1.8240457576678253,-29.06746294340633,3.3239249592378,-1.9815453474931592,2.277837813310012,14.8792094549273,1.7796586138317618,13.719720798418583,1.822689139267581,3.851713532788106,2.5441369989406875,13.31138900767258,1.3875408073399225,-11.234161388967388,1.42046636600222,-33.84933488709215,1.3923605196444342,-26.863111345036316,1.2783036915011898,42.72743740910352,2.0166822840347223,63.409092095832946,10.805096833596297,82.52512317763836,2.1111397854181604,15.665759409834482,8.729476314710308,-32.99694529180399,359.99995806664623,84.33262804440784,0.9953104939196322,-100.73576127239734,9.204999751657652,0.0003123869950846,0.0188440686342406,9.68097151091542,2.6633217736965307,-122.18836145699647,8.466007678453877,-91.83885036725258,1.2197935316904278,-10.605884061818134,0.7366258691303376,1.389348283097581,0.7899654612696276,-10.051129742373384,0.805053564133571,6.219789957015848,0.8454083099625933,0.0230995570871195,0.8913804900473536,-16.308730886572768,1.8681427831143544,43.53342864319289,2.3382718625449925,-35.71169455591568,1.6844920210669798,0.777902824449111,1.655416185434804,50.035181203447394,1.2395651328870656,41.23990285552962,2.008417120485312,19.859009436516633,4.258501285964751,-48.1404862577748,2.500781831096184,26.411335880365534,2.975188261880618,-19.87246574970125,3.271794381758184,-51.88198366393984,1.4793520873914332,-25.348386923100353,2.615957619268123,-3.5802496909972,3.16255696281677,14.881585260619058,1.7125519376468894,13.162444671183115,1.8051161862830352,2.215624517997168,2.315825726480928,11.685612222072026,1.719529742124564,-12.48618536148373,1.873207771330078,-107.05955143837772,9.742318962540535,75.85933176770418,1.798900097749495,-56.15934036897908,18.184662656212502,30.194071497483566,1.5528028793643465,-26.667809478002464,1.8716948398366888,-39.58477587775528,2.482478925490625,-0.000159378988217,0.0165503674849984,4.425188145857594,5.601058281567782,121.84080742410238,9.155848147760253,1.9994062323747095,359.9999883178469,80.06528752693573,1.6476122769739163,101.76442655767072,10.632186555335224,-81.80514459955069,1.4162831860406726,-12.473022294751996,1.0590062651071843,-0.0965836530234298,0.6070756790822013,12.376914036033906,1.3403876892850644,3.1579957816596287,2.3159675129239465,1.5394962487872177,1.0612682868072465,18.788261638001018,103.47486666666668,11.994699999999996,1241.1499832066663,0.4252829537037037,0.5700443148148148,l_hand,5.255658681712378,4.016666666666667,3.8722222222222222,4.094444444444444,0.43953097742084685,4.423791430453701,61.77603980099503,7.1610149253731326,4.060876177691521
ID005,KIB,3,True,180.0,1620,8.994444444444444,M,21,167.5,70.9,25.4,13,1 Dan,Shotokan,Kumite,International,1,1,Right,Left,Left,0.4795948657565442,0.5531604678059465,0.7370636074878172,0.1674081755701162,0.4610397268694555,0.2629087126146179,0.0386012197460254,0.1626866513986655,2.1063383482128004,0.4854525601088649,0.5693230041201779,0.7372462166730499,0.3247487679195471,0.4845635668016046,0.3347328681944317,0.0720365601224233,0.1408674870994609,3.289212039203288,-6.100847249065147,2.460108580360372,44.036233508494725,1.7262497885324493,-36.234565468029224,1.8289011676119955,11.889633956314803,1.2962236345067186,42.93233245858698,1.3181240576840452,39.103101074493864,1.623428325236958,19.547825682579195,2.9802289194326477,-48.7583655349087,1.4824255068816967,22.083121136853155,2.9508733065296227,-15.950471889959363,3.720135457216003,-51.992887042605574,1.4049839899791507,-25.224201488618466,2.988621386973485,-1.6054292094347775,2.400935277960591,14.687451132646697,1.7681857528972935,13.223204994677952,1.871608690148628,6.881231833444249,2.3139127728679387,14.548453865298562,1.728134367874539,-12.109391944995124,1.817661703731137,-31.703314999048743,1.7423184929565068,-26.71302604296724,1.5190136870866269,41.05408987584764,1.685223167584759,74.27706953110302,7.410432845508254,81.39586381765676,1.3963021695436169,25.67880370709759,6.872635804620224,-5.998327599186431,359.9999186718232,88.33647022011577,1.0548905216637792,-99.12771295036396,9.16144688533366,0.0011275945478184,0.021868176761088,9.452316680592403,2.483206280541249,-119.90541592554966,8.013559002486247,-94.39899092531245,0.8863843713747457,-10.396870648892293,0.9406434640601056,0.5061212154362085,0.6421011766140876,-10.305823395747304,1.0540071170986636,6.830981240121919,1.160814728550874,-0.1461770517979594,0.8760414533931278,-15.232888493209837,2.328454595621242,38.3552229826824,2.1013050381810174,-36.846550172363216,1.7555210834855188,1.183296014844278,1.6672738167927843,47.78847877044109,1.699601867369907,39.73299019406137,1.702804013461737,19.045639378030863,4.03564639460124,-45.5114988819442,1.7215806682288957,25.12396505810556,3.3525404844765205,-16.14923043504571,4.745114954269878,-55.14462506656459,1.6518499072212407,-22.711970791358645,3.889805591580899,-6.000933414102874,2.8264640405814525,16.250017144992352,2.1245729598038956,13.069698809803484,2.266343536280994,4.160836011558997,2.5078657334291368,13.652376637161437,2.8259022879353175,-12.203979425823134,3.0230798058304895,-100.86543832551062,6.774103254577682,76.57605720135544,2.614055181747517,-48.97104342861783,10.825479032060656,32.19294642467081,1.5331586487567002,-26.416128331152752,2.594888946735555,-44.53007217831629,1.7985684448789812,-0.0007384071549717,0.0118045456510074,3.2787373191948666,3.0306898529713617,118.2100695638661,7.78204455530755,29.330288239074193,359.999997062797,81.30774095279816,0.9407923394191756,104.92109594499408,22.25130170779849,-82.66614511904571,1.0319426104709777,-10.553056896681642,1.008138665528934,0.2062238317686757,0.7499757998559872,13.321973609079311,1.1533376501785,4.302208347628214,0.9210105637843516,0.9347819070349918,1.094775407265802,17.750467887048988,103.44685555555554,11.491661111111116,1188.7762070545068,0.4350887638888889,0.5617414212962962,l_hand,5.900035471577014,3.9444444444444446,3.811111111111111,4.027777777777778,0.4400379746195923,4.23711724501495,61.7593167495854,6.860693200663352,4.558765122520424
ID005,KIB,4,True,180.0,1620,8.994444444444444,M,21,167.5,70.9,25.4,13,1 Dan,Shotokan,Kumite,International,1,1,Right,Left,Left,0.4860417885076709,0.5700022617493643,0.7219788392820056,0.2130893347725648,0.5298928047245188,0.3842011189609806,0.0478290435934627,0.1679332841187012,2.106193600825996,0.4758102403084447,0.5860037797709217,0.7285732707310032,0.2774956279911089,0.5836441055321884,0.3521628860186587,0.0704784791057102,0.1799902609255157,3.4210171680202435,-2.9702376355985805,1.690151408856,47.331801403643375,1.6644156789829836,-41.14625814857281,1.4537466412561244,10.682268022058835,2.28769316842609,47.05419148929282,1.671394791330698,41.81264947634021,2.097955130122486,21.04621429273464,3.5734433522636984,-51.92286015291517,2.117037179524594,25.114018706191207,3.12763940044481,-21.15862183962424,3.829591638942027,-51.26793633342303,1.484646171471752,-30.073945912783337,3.47905203238642,-3.3092292088037203,2.1029481211867544,13.8598547257551,1.5186285932323162,14.006531914509836,1.2728700247212874,3.148789369102364,2.1579199621265803,13.101685699429703,1.3676346880018375,-11.527997021015809,1.458008774092615,-36.34311718445987,1.2636598496128857,-26.672185700361943,1.4839101897130256,46.00152128944862,2.4130301325237298,54.32412900515333,6.697009370459185,81.06921436528452,1.6448706588054307,11.864751036796395,7.449697514004725,-36.99482635866999,359.99995229772,86.98855113552234,0.8224010124389167,-100.45342419147292,7.622195266299571,-0.0006790973104107,0.0374727689266265,12.144271708741371,2.228251796756231,-125.3397541042093,10.213826187463413,-92.55294156424166,1.3562578622519368,-11.975423083995818,1.1584009483950215,0.6272065352421924,0.6039387425820013,-8.715871345626576,0.8763096917906541,6.945662381621332,1.275653323370184,0.1284781576458449,1.119800299157475,-11.230072781090124,1.671298648900839,41.3587329867128,3.131940198339052,-39.72545664215022,1.320967091955687,-0.5478658204275318,2.7987410356841953,49.54283313152438,1.91507177812408,41.71588362636539,1.5178209086577823,17.91288525460602,4.818907731967839,-45.883198191148864,1.9053597070391677,24.833167308784738,3.969939517543491,-18.750110940688145,3.9553401926238614,-52.9440911981328,1.4545262838625277,-23.864360230514087,3.3519138637042367,-5.2957344162232785,2.3010646075695895,13.646589371115969,1.9059750318229456,13.82236548249545,2.2604971085850796,2.687227113341038,2.159220644228945,12.14489691821564,2.178938363517723,-12.697454125837446,2.076204427366397,-102.86794533007532,12.456221044197347,76.35491728808806,1.812241189466576,-49.76931631929728,16.126822725038387,28.041805018307382,1.881373974459244,-23.582085414977826,1.616088223810216,-39.678895882529766,2.004820918606548,-0.0004536363617614,0.0135221511774199,4.276370254141058,2.6849383469707,121.15363129669862,8.18581560785185,46.6642186636587,359.9999687368445,79.86563698486233,1.015586280470103,89.98982145031786,11.246051619495404,-83.5813728979857,1.4830965497631183,-11.468305433169483,1.3123851016187071,-0.0458241256649449,0.5364616502810129,12.430611387126898,1.572766330799169,3.830691919987337,1.486109916851035,1.2769556360994734,0.9915334386433148,19.233102013717943,107.59342777777778,10.743438888888887,1155.923416176636,0.4419229999999999,0.5776777592592593,l_hand,5.432764889518177,3.966666666666667,3.8222222222222224,4.044444444444444,0.4310321428549287,4.120021086840316,64.23488225538972,6.413993366500828,4.197720372445342
ID005,KIB,5,True,180.0,1620,8.994444444444444,M,21,167.5,70.9,25.4,13,1 Dan,Shotokan,Kumite,International,1,1,Right,Left,Left,0.4696188222117527,0.5789549123077039,0.7171382954458648,0.4635913916847034,1.0807674041114268,0.4135875395956501,0.0914203374039225,0.3545566763473164,2.556265971188712,0.4853600870693991,0.5932147000673013,0.718251031708149,0.3674205064957747,0.6108055579281235,0.4047142167438733,0.0872366648191753,0.1713092175009766,3.4255266073028547,-1.950655135648802,2.4854316637940044,47.066098263793215,1.5745247553033224,-43.68324416305753,2.069437478419367,12.680442676414176,3.2770111350271076,48.23619545638839,1.8961712414806728,38.18250213006863,2.3445803270093606,20.03272446429741,3.8583869193711706,-51.193366827415176,2.2437754150902123,22.81718485248693,3.511000003908986,-24.3626678554968,4.751495429100661,-54.976627360373755,1.5435722342350502,-30.550634100753793,3.375694928368518,-1.9603810794685823,2.930810005366607,12.459034908585474,1.6093413054161392,14.30231850994838,1.7238088263440687,3.863775775725055,2.0198670995288244,13.797774404492046,1.5728737831178066,-11.926579408644605,1.5771709388001227,-32.75018611190991,1.7426709433348258,-25.02541257024976,2.231240355598107,43.48343027852427,2.703984615233722,63.167786029232914,10.70965374994674,82.42975171309185,1.5769919644550896,20.334788053151577,11.09470955802065,-0.0086648371778288,0.4994132568205874,88.90688010891368,1.2134677572549748,84.20233542249618,5.777977555533411,-0.0006357355117451,0.0303901704717141,11.816200600503263,2.8086194354178726,-126.50563136152164,10.83056513762017,-92.50295055089444,0.9061682082453756,-10.415933661977032,1.1710005358938087,2.010981319402198,0.7206419726730817,-8.883015926177661,1.0235882906468436,5.543357567161469,1.3529769379798529,-0.6579465734465452,1.4717612258385318,-12.301325418230864,1.5753291980012722,40.98429416773068,2.1298484373439095,-42.13909307191906,1.5555031627668183,0.8348485610794057,2.6291313800976175,52.764453030452266,1.3751671771992449,40.154401470106926,2.3769438717213873,19.892083477787793,3.800797375035213,-47.28287014757642,2.259992607185076,26.577516064803635,3.533788265292518,-23.150877043705147,3.81570283148066,-57.714807503987075,1.720457705514626,-26.79819240862614,3.7660026402865654,-6.337794158060183,2.7993029486046552,14.891973091307424,2.014731706921337,13.732490072040548,2.1682239054244565,2.8869163410284338,2.596572866242238,13.1615372969742,1.929190831890498,-13.105887739357753,1.9097915103318288,-104.78158051519436,9.18645214856781,75.62638532026908,1.887273081171685,-53.48820039207149,12.868088462019188,30.31784332416443,3.122221548362507,-26.668711306152105,1.8256764496854991,-41.32705267492065,4.446345915631333,-0.000539704536206,0.010803160814449,3.719220596220539,2.01329125921429,125.93680379161,9.490517719480366,28.664442742578515,359.9999991133777,80.99162859155706,2.3345709905282774,95.61088011059206,8.122840158154432,-81.37731473608811,0.9634343378241113,-11.495805634228848,0.960223421653204,0.8210810741137196,0.6263213626605467,13.573361980417676,1.0550065081981863,3.709805662105654,1.3301167610871496,2.4216396902463786,0.9006969131490925,19.86100966848029,107.54937777777778,10.779625000000005,1159.3419614277782,0.4309884907407407,0.5800334259259259,l_hand,5.072114351510041,3.7777777777777777,3.6333333333333337,3.861111111111111,0.4281422659378297,4.132205699007452,64.20858374792702,6.435597014925376,3.9190574555849005
ID006,ZEN,1,True,180.0,1620,8.994444444444444,F,22,158.0,56.6,22.7,10,1 Dan,Goju-Ryu,Kumite,International,2,1,Right,Right,Left,0.4044337816943161,0.6187353463895637,0.6713836380435494,0.6581187364445462,0.2144604908697167,0.2219159909347401,0.1757456887265387,0.0502162880815933,2.337665317079116,0.3978918608148574,0.6227121608446252,0.6684214129035989,0.3418761280950366,0.6272527777926418,0.2370391445903008,0.0822759556166489,0.1535734710790164,3.658631603853947,-4.79402438841365,1.7127214389215548,-15.128305641572732,1.439019701054594,-21.305437285808924,1.4379404522677923,3.258471808981899,4.597245629919465,63.75245614417562,1.359104226847215,26.320317029819016,4.758831238986449,-17.675856556020246,3.4380782099073137,-7.557785071335096,1.056523997162289,-5.832880149138998,1.1350193610516677,-3.695742498117778,5.473776952535168,-54.402257869905235,1.6254274027682172,-14.192646728302227,4.280985419442091,-2.9256068831687205,3.011781169656942,25.415721419148277,1.171601689175919,22.16820634099015,2.3446626709023057,3.4317962447793,3.032288244517901,-0.6051226660525003,1.871348112115097,-7.586291915600997,1.7940679214718278,-32.85207627254321,2.198273938486146,-34.62978592445292,1.7585867791389944,30.74029199841655,1.7667793438820958,71.69040477631158,3.617702280513541,69.87833361857555,1.2691181160196123,43.95470614221297,5.891999577803965,-24.99912037120668,359.99998593090606,54.64358405894853,0.9865068989900294,-83.47272567541543,14.95326082720662,0.0005154764609621,0.0193332346346153,12.456301930691287,1.827976269750831,-93.84298557463008,12.1888808846073,-19.36769217297504,0.922733172884989,-11.803265960157349,0.9276643449998492,0.3663802503049425,0.7153515484832623,0.7133729252770281,1.0914740783157886,14.70142940671253,1.3577173877088384,-1.861266277754379,1.196922813290257,-8.063607711788631,2.181629059684022,-21.889685096714217,1.289885457765379,-19.145912070225418,1.339733605504584,-0.925726956689507,4.166933121801996,66.33994249467695,1.6677524440800937,18.958435291338407,3.5611859162522386,-17.296867393653518,3.291177816776237,-5.322391148107673,0.970373254154362,-3.7570532935064977,0.746208104319598,0.990751525925249,5.507945134144571,-55.62154414357109,1.6904290822392127,-6.829620890592578,4.448957931275521,-11.452255804060147,3.2808040677666384,24.986964615785773,1.4702898908513014,21.018427437087706,1.984005291201882,-0.1116207358026376,3.440384910311587,-3.125756969149193,1.824597122650736,-7.88010734360256,1.7517434597569077,-46.533409582577704,9.52438259906382,75.42319836711168,2.8780936638579817,-10.2130599427473,11.659371924113309,28.743860385136458,2.0893874725525308,-34.84736939639458,2.0972826416098016,-27.37924639602107,2.0199788259602123,-0.0008101821453728,0.0189377396570812,9.41100705006151,3.789194482599517,136.6559511166908,7.553645255858243,17.332839854719193,359.99999864459676,57.392411959450264,1.603078676300136,72.13536671824971,14.604046359532092,-7.583894386531935,1.1228475532021944,-11.011865408791262,1.0534407435376067,2.551849671262187,0.8743636980827176,19.64148333627852,1.1558758868731118,11.138323696762402,1.1072216970424371,-4.974087286402233,1.396624036490011,7.238672353765374,53.854394444444445,91.90871666666666,4949.688280249352,0.4117833703703704,0.568208300925926,l_hand,4.6082822572187405,3.755555555555555,3.605555555555555,3.994444444444445,0.42492635319211985,19.82730443939013,34.08505977496484,58.17007383966245,3.666152517268144
ID006,ZEN,2,True,180.0,1620,8.994444444444444,F,22,158.0,56.6,22.7,10,1 Dan,Goju-Ryu,Kumite,International,2,1,Right,Right,Left,0.3945652363544882,0.6152051384646571,0.669442326248774,0.4685530622068057,0.6924823290880733,0.4270751023754404,0.1537451491525861,0.1927631437839754,2.1275902449447397,0.3915534607999676,0.6075036587589746,0.6673812192993442,0.5069549921566108,0.405894499749615,0.2266403052747834,0.1649671191142087,0.1239843333124102,3.4371891485410604,-6.70667144141556,1.2477517599273735,-11.132310286031402,1.8914209167087712,-26.33825720609335,0.962262666467698,5.991286005510215,2.2335389570408664,63.831762667703174,1.7461948090252335,27.777558834644253,2.5097082780736635,-12.337992850268424,2.9315126758460206,-8.168716490389224,0.6893763258864345,-5.714534319963737,0.6631486265565121,-11.117804123176018,4.029132635265347,-57.619291795595814,1.477774701656699,-18.930710416989843,4.140374875663888,-2.0772902265453435,2.924690624209415,22.066320055980995,1.6227743953194889,24.87430456548064,2.035838709483784,2.4019510581518912,2.2571730074570295,2.8873008326691427,1.4664901035334277,-8.638706847380982,1.515118939315629,-33.020491292195395,1.849951938333632,-33.66984247320436,2.485340390028945,31.515993944957938,2.672912011007728,78.3453498023102,4.815336108892964,67.68685856340952,1.4063311853519025,57.39291032121795,8.728131998635583,-3.9998260660221048,359.99999172246777,53.878294735917784,1.1181251220552897,-78.36277552569892,11.495995265085613,0.0032980124163131,0.0245903003451022,10.8247458870815,1.9775825311383173,-99.56933601291482,11.210510472515663,-23.825585122025696,1.0781951880833631,-11.312559706074188,1.3328573336014902,-0.4232626917039511,0.6897843981385129,0.2219221949424957,1.8136864191872473,13.171322558474865,1.6443126347655,-1.2066828602132007,0.9376435456083786,-11.246516188112896,1.3467983578519078,-20.263805180503994,1.2910365325831776,-23.09814499978404,0.7831723553785892,-1.9072843075139336,3.192580851965614,64.69414239507825,1.2900700733106305,22.813689292252295,3.689215241668535,-12.283915141226135,2.8151756241779786,-6.569314930378641,0.8434757581755221,-4.603263084127636,0.882278460169962,-6.175507641167334,3.88552264464004,-58.11274665443308,1.0012658583757457,-10.528958122865172,3.497261478009099,-12.497268447649674,3.395352977349418,21.482838489985735,1.2097890910938285,23.31771191521337,1.681070077967231,-0.3679798517895222,2.21421461760045,0.2045507680964111,1.5031537714189285,-9.151174733905696,2.2553230211300423,-60.33424911245824,6.13086447405459,75.83340119878328,1.9505086696026837,-21.91586841138586,5.075202646804929,30.556434956520757,2.9976235456932834,-32.45783029809358,2.3695955100040216,-28.43880156857494,3.5425868627476333,0.0003731741832762,0.0073152065418555,12.081157341301058,2.1916782029885447,134.75944353553797,5.20700875969726,-12.666167566388651,359.99998319401107,56.940141679475865,1.4976860415863058,64.27801144607021,20.098703589970377,-10.68558405958243,1.0290917328250035,-9.080575390159732,0.9335208128286414,1.14049717862943,0.7498621963007293,21.83831068138952,1.433775303309968,10.597476168670015,1.3406756047774877,-4.5556349733829995,0.9417499409783864,7.072776520156804,58.24549999999999,91.17205,5310.361638275,0.4156818101851852,0.5548652453703703,r_hand,4.8561093591328035,4.027777777777778,3.861111111111111,4.094444444444444,0.4236976748409962,21.27207834591812,36.86424050632911,57.70382911392405,3.863313173412038
ID006,ZEN,3,True,180.0,1620,8.994444444444444,F,22,158.0,56.6,22.7,10,1 Dan,Goju-Ryu,Kumite,International,2,1,Right,Right,Left,0.4192395659807343,0.6185003640970282,0.6733317827593152,0.3354153536598514,0.2846899665392643,0.1600604569858776,0.0962828614553295,0.0722948588472843,2.0987292140409965,0.4130451200416513,0.617165111138732,0.6707853146566232,0.4760899169430843,0.3752956499160298,0.4352334894748511,0.1189208513165824,0.0806253132223881,3.214012063792961,-6.106214229909865,1.675104668314776,-12.323828809446136,1.3811772728167462,-24.273925042610667,0.7957179988701135,7.877037861822496,3.985020224735737,63.35863369315817,1.3882500108184814,25.344239963358344,3.5195909777577654,-11.81264449826456,2.388212392300403,-8.58705501674068,0.7614941185417354,-6.356572526161092,0.7746372049647654,-9.473054750323156,4.050529219423976,-56.30472222109632,1.2775724250787377,-17.105582413260997,2.8624877840245357,-4.348021554378587,2.5481625736324593,22.315895847943427,0.8337947151491854,24.60416802175393,2.4623866053659604,2.690561786695145,1.8342012912725911,2.526376368987586,1.4631778248070404,-9.47744645470753,1.4008886231642492,-33.9629418357041,2.068899791185956,-32.68036630942848,2.2350528437151276,32.584677674650166,4.64572176307227,81.55674378564237,6.249908092246812,70.6523217287586,2.001770876903592,58.40249753258918,7.904328155021894,-26.999440157724788,359.9999571978684,55.33263503821445,1.5343089944907646,-72.4497746341441,13.100948288677316,0.0004832283928673,0.0191736219143253,10.87569217982976,1.646506961989843,-101.18382259746504,6.992576057142131,-22.628449609017967,1.2600551834836935,-10.707327498408947,1.0200893329752176,-0.4787975032206858,0.826630716760418,1.0921683715583197,1.2021856227011454,13.385772044241572,1.3028970819601593,-1.434972536668409,1.1226638406726346,-10.802292445296471,1.2734105935688331,-21.525027774796936,1.4250325941409727,-21.47210419607868,1.4942525596270002,0.122606416838576,3.116109792771998,64.72827466338654,1.4129018593360456,19.44421388515808,3.061298042618212,-11.511419206374455,2.30169267644251,-6.042625985424132,1.188053191237251,-4.897372618140278,0.5970237006762211,-5.4092321297305705,4.257739055169527,-56.791280373693624,2.2908696839427023,-10.012423622524318,3.7095082297690745,-13.38557046082026,2.7686893628758806,23.095345406910265,1.3419516636993194,22.58233984127467,1.319306351858053,-0.637572088586823,2.2935758848194556,-0.0890064947916075,1.858951433359772,-10.246162418059368,1.6099209612509444,-68.28950551092676,9.484473557633166,76.58318490786667,1.7621933907233398,-27.233612449518827,8.271245828625823,30.452706836162275,2.838634584333313,-31.107468973134484,1.9457550775288333,-26.666597649395737,3.501963710727612,-4.8371272961558895e-05,0.0085413322052406,10.471680535852489,2.6150409392408065,135.23404638084855,6.913341523858065,-17.999197932874903,359.9999992128369,54.577123694606705,1.1973291985011656,76.97478602714298,22.824386802396816,-8.367020292689864,1.1639304330268692,-9.052143857661148,1.5535319339857452,1.607929665675585,0.8985081698842059,22.414239750318163,1.4062762854777162,10.275804608503408,2.258026293838604,-5.291595645341834,1.662180694551444,7.002321694354776,56.83716388888889,90.6943722222222,5154.810897794335,0.4370729444444445,0.5662664027777776,r_hand,5.1617219811873225,4.15,3.988888888888889,4.205555555555556,0.42615935617678175,20.648978119669664,35.972888537271444,57.40150140646975,4.106445521023555
ID006,ZEN,4,True,180.0,1620,8.994444444444444,F,22,158.0,56.6,22.7,10,1 Dan,Goju-Ryu,Kumite,International,2,1,Right,Right,Left,0.396683739600161,0.6028339252093479,0.6620121134674553,0.2229880146862761,0.2131652090231139,0.3126186109527196,0.0639117885008663,0.0616714181829554,2.1299810115653006,0.3970557191059437,0.6087413267883405,0.6595832999410127,0.5801648627657641,0.4973056544715359,0.3540598303381492,0.1453127589256802,0.1481791597191037,3.5507655136681207,-5.954154910889636,1.7494285310132414,-12.356615593589208,1.5495886944787127,-24.947263358925323,0.9550555734848524,8.053129537263368,2.9422285483523343,66.69796611378285,1.1284442887014876,25.482499088716363,3.373605797565027,-12.686319982640937,3.0812176695637934,-9.305528557622374,0.8519147791519526,-6.882287527308951,0.7737089528533589,-12.81059707259366,5.164743324170491,-58.68503688385758,1.5995900749262333,-21.31581434311735,4.599459824613447,-6.02262841819404,3.457475726104854,23.82578344274676,1.1211252337049586,23.608591847321485,1.9113815216240972,1.913298028331748,3.2203564447339152,2.560330203488126,1.7598897326351082,-7.75988047192523,1.4930142046436714,-32.52320815228869,1.87822764748676,-30.52106232020996,2.4864664183527623,30.502414623284885,4.315828126376836,84.44384165159119,10.023098818298408,68.78090599716224,1.4879670066905677,59.890915894993086,12.555276013973677,-6.999689217705401,359.9998740626253,55.12472641522792,1.3640854621015563,-76.92926874310253,24.68194160235157,0.0006757922089857,0.0277616369076777,10.16693253648363,2.1977047606798106,-96.26295559791072,10.63599445268676,-22.259318874414593,0.9774871410862502,-12.08518721656657,0.8316417929770115,-0.234534666678715,0.9117422599264672,0.818758929666103,1.1318121598804534,14.008730573164891,2.55138531212587,-1.5087638843283455,1.0477040091240977,-10.495119576304322,1.7856793203718802,-21.452442924041012,1.285008897540905,-21.388550882935213,0.9355009122445744,-0.0759541732011089,4.630893830780609,68.90946596931697,1.2498052147793857,18.941933799465733,5.014025661463043,-12.474875841262,2.614480713855249,-7.241790125701835,1.4121156632949008,-4.912388384068852,0.7515460588880822,-5.250758662262838,5.556306731027149,-60.66928185144606,1.973209740150068,-10.278346403750938,4.690881456425381,-16.413094136999653,2.4440804693702525,23.68469767950847,1.4689793837019811,21.42147559639181,1.604217240319013,-1.7084501937642824,3.08159942854391,0.2447562289809537,1.9830262229475932,-8.821863867312125,1.9336661926484189,-80.65490059040629,8.789620445497263,77.801627216038,2.5133419368593053,-42.19444559734206,9.329883134088249,34.645213423013345,3.325912891368418,-30.03306227134557,3.1601973721943466,-30.34218337388374,3.3310962838657225,-0.0003391424004375,0.0087213399053374,10.4458693094847,2.186242652844411,137.09075620371135,7.8285087454181905,-5.9993791376329115,359.99996880252763,54.86259013417654,1.5470699915776862,76.55963877256869,18.66795212099585,-7.483586840354164,1.5331291468580224,-11.102473402927265,0.9745379743945596,2.362845103664101,0.8461744718385562,22.52212394723767,1.8919115562396096,10.85247349429659,1.0988826163193135,-5.479609381258088,1.01612875029908,6.816158332472933,56.628455555555554,92.491725,5237.663538419167,0.4182385185185184,0.5352049444444446,l_hand,4.504884419182045,3.966666666666667,3.827777777777778,4.1722222222222225,0.41899500852370586,20.980866601582946,35.84079465541491,58.53906645569621,3.583893614050029
ID006,ZEN,5,True,180.0,1620,8.994444444444444,F,22,158.0,56.6,22.7,10,1 Dan,Goju-Ryu,Kumite,International,2,1,Right,Right,Left,0.4393023259921124,0.6269641743388927,0.6682890298095027,0.288843850444348,0.4505238708792158,0.2365469036995415,0.0834663358969833,0.1032701972558052,2.020715747230467,0.439934251872741,0.6298090849476577,0.6679750599799854,1.006082448329193,0.2904432126917822,0.4601404305148326,0.2932004256017475,0.05675359387821,3.446971062325457,-3.973313305265133,2.3964897932649607,-13.073224891412131,1.2456895651355229,-23.96453310311011,0.8372727380569067,3.123099761817248,4.088088705249065,61.387180219323334,1.5947411953949313,29.53019509205907,3.494393306508165,-11.71454785514084,3.30724327088922,-11.045381992526108,0.8342967164668114,-7.420601917182005,0.9359683666450334,-10.297976503936416,5.112851884862335,-55.68893959745505,1.2705156875601131,-18.971735240257487,3.918963886968772,-5.799272266328971,2.8838727525477443,26.92631934976039,1.5241225898649802,25.03005996861147,2.114390749386544,2.2745531683634437,2.1353055509991883,2.6621588944904673,1.7739112622502553,-8.81243600644783,2.0111016651673452,-30.43193063019172,1.642049958801742,-30.191956906282694,1.2261261063220594,28.518536890184865,4.039004772313234,79.76554266429912,4.305979749960713,71.1802665206748,1.512105574455461,53.18752722516743,5.879303284294963,-1.9996533661782268,359.9999346696286,54.33296952783927,1.08762887960318,-82.36619614073261,23.34654430356099,0.0004876844742167,0.0125811796621056,12.437756719335145,1.8839616014753808,-99.86821696718752,10.535397253854711,-20.90414967593113,0.9844729652490188,-9.960602117009325,1.1916996461593303,-0.1415711877096608,0.6221185617388222,1.3654246485047716,1.1721726685128182,13.470325136391226,1.495932775957181,-1.9631349583138271,1.0766900409830165,-9.305607397969926,1.223985266664842,-21.29639863512137,1.36265783612863,-20.803458346832016,1.2285169600454928,-5.276702320425036,3.614130356720997,64.23656576470967,1.1479011931118563,23.706109144974533,3.622946493554881,-13.928883250758629,2.9867826579815553,-7.922835736712474,1.2085514187033546,-5.907049361176892,1.17658135280067,-5.055143986108127,4.954174386694729,-56.88899082597984,2.7215837690663776,-10.926910054657617,3.772261352244845,-13.445251012898392,2.9223632256554986,26.06494749126617,1.0396537096307412,22.884747631292008,1.7310970560580508,-0.923754903465671,2.0744034075694517,0.1643128984309379,2.328607528458469,-9.642162664671517,1.6144699601397754,-81.9871104433869,4.152799130575147,75.7727164368643,1.6288681397529388,-40.94418485537485,7.448298608336074,31.66504466354144,3.0884640056244947,-32.02938756375795,2.7737000993042464,-28.725707557164824,3.621990817592508,0.0003043900541908,0.0092119364411952,12.302242261291216,2.000530575055519,130.2190222482999,8.398074731989013,24.66574683815084,359.999999629022,52.91696934812153,1.8397855587653424,71.46007611589799,19.94597207352522,-6.327514291747544,1.5176317753540722,-9.545450294201174,1.2299958762583785,2.267333502607315,0.8301887978288727,22.26126969080012,1.4500994441262591,11.422422012032262,1.3195619307395088,-5.149359369216676,1.0813664348396754,6.555482523298811,59.817497222222215,89.36876666666667,5345.81595183676,0.4559779444444444,0.5752538888888888,r_hand,4.816088911199397,4.033333333333333,3.8666666666666663,4.138888888888889,0.4229677403857612,21.41410011150761,37.859175457102666,56.562510548523214,3.831474614542641
ID006,KOK,1,True,180.0,1620,8.994444444444444,F,22,158.0,56.6,22.7,10,1 Dan,Goju-Ryu,Kumite,International,2,1,Right,Right,Left,0.5404932571672525,0.4509471630583825,0.7200644093762694,0.3942442585591843,0.6015244610323212,0.3256526939701576,0.115693127628017,0.1893913961795691,2.3576123691142965,0.538860090532354,0.4426875675639795,0.7213339584723768,0.7068860097791396,0.3783303244079217,0.2514089178622947,0.2109314043445065,0.1153725561355196,3.427234802939292,-8.29911467875857,2.1068119112944483,36.28671264670349,1.5132427269344009,5.161170679171124,1.2714219246141676,2.573070491662008,2.1722365404188926,58.87627901564943,1.6672461723530605,20.108480226475304,2.1782573066184483,-32.69862221565359,3.7366605239654618,-54.01736031886869,1.3740734458052088,-21.599403774804493,3.757513430270496,-0.0339213965813213,3.341492386690996,-43.205529275797055,2.3020327670209824,-9.054996269232593,2.4546108042455597,-6.591431441605305,2.1784993506308545,29.205798290817903,0.9837501667408404,3.778247855917186,1.3857856713048315,0.5105850162391486,3.5438691308994317,-25.817736920527423,1.5416394417100392,-7.677883305930802,1.802493114731308,-36.9814982542585,2.0332824324166197,-35.08366999769463,2.123243479053329,37.30043207607797,3.749945465615305,79.17174057255446,5.091954639824351,68.96635034759665,1.4705949998821666,53.60330722778255,7.283380534057073,-31.99835592546375,359.9999454477082,52.574479855540865,1.9827591779974227,-72.18073262258666,17.359968972178066,0.0005804594971063,0.0242362225792931,10.876040763385776,1.1969960690822763,-99.13178301702196,12.39713893970672,-21.072682015355248,1.3755651497156407,-9.003356523188073,1.3518408847390972,4.160728080778559,0.6853675913618416,-2.705047004733027,1.4053511454779333,8.953828903035259,1.2640882884214817,-4.782730721328184,0.6891884063623692,-16.980200772340474,1.7736258026394722,29.268850544769307,2.186606607489285,8.846293820877243,1.0726832137166156,-9.55563237817998,3.159791122340702,58.46123608799935,1.6514378694373022,22.79504301000829,3.0983153826956276,-30.785301450644074,3.967463709977938,-52.05730637897503,1.219611832372891,-17.226425739239446,2.9663270410683964,4.293055482816323,3.7286051567353193,-42.14402546573331,2.065471908002941,-1.695136465699116,2.8690614442077735,-10.59668648572626,2.7942515392800846,29.638188382963563,1.336236574297306,3.2428112921610417,1.852628598728216,-2.3318465209061996,3.297309317414947,-34.98404111480123,1.5966119844785285,-8.777351702653215,1.4899982610970426,-45.53668775601141,7.070277106680656,80.6086604356978,2.635234938682288,-5.388648706723399,9.105832074184654,30.788045348023445,1.8496545374107676,-31.726784286019036,3.246686786395035,-25.686054212536742,2.5730582172175893,7.225521585411825e-05,0.0097559773194278,10.986443785044266,1.632713992907357,136.34957979560048,7.028641035034923,12.00021602701994,359.9999642034361,53.56987368974155,2.076714290580391,77.63115183299247,20.35457326754968,-9.718825792480954,1.8844746041432232,-4.860481197253171,1.3543070905066903,0.651597228161941,0.756439288452968,15.98946890359168,2.3650392652802665,4.857354817478167,1.0454873664898994,-0.1672549652017863,0.6731928535215702,18.28909480499829,27.632091666666668,51.11984444444444,1412.5482276746295,0.4623155138888888,0.5940881064814815,l_hand,4.858277500421677,4.066666666666666,3.9277777777777776,4.266666666666667,0.4557369679596641,5.658340921625659,17.488665611814348,32.354331926863566,3.865038054007523
ID006,KOK,2,True,180.0,1620,8.994444444444444,F,22,158.0,56.6,22.7,10,1 Dan,Goju-Ryu,Kumite,International,2,1,Right,Right,Left,0.5334579984095708,0.45420535096923,0.7238383942231496,0.6646298910859771,0.6107124627492966,0.4412147831660329,0.1877080272996008,0.1839378235715228,2.641158161714249,0.5344831858768488,0.4568957765324831,0.7265687610564076,0.6296372156761043,0.5070857640459725,0.5017679302728228,0.179352709772546,0.0927929145025444,3.4141701955640897,-8.522366123205217,1.9638471250102592,36.419869821552155,1.2016335471224977,5.435201143422418,1.5849511572480282,2.4812946006169905,2.0655960554580615,58.05153106177632,1.175057287750029,19.081201964235262,2.1519696084634425,-33.8306399693449,2.8790020726254397,-52.48720916183766,1.4251311617491351,-24.202409140652023,3.5642960809012827,2.262807663426083,3.605268984800857,-45.27341450012583,1.8820716447092425,-4.696553136427695,3.3168675018782623,-5.470546214929884,1.781655243707374,27.92962710654841,1.3594732013940138,4.149024890290952,1.656460402742165,-1.338865937590468,2.4821927773674997,-24.71433757495971,1.9318166456017636,-10.732468561621546,1.7638399803802385,-32.33916151637618,3.186544851253327,-33.204159186237604,2.0684635971182956,35.720365893601894,4.302956049999722,77.22939919901326,4.118820515795832,65.70870840689133,2.2535299474706676,50.95326468316961,6.370282376726749,-14.99911039468437,359.99993468339756,54.226652847339885,1.7354763129564716,-75.54833372704195,16.157752686695602,-0.0001914163647822,0.0230458268006122,14.712135536318742,3.260521665922747,-101.5619520821247,10.28354568064971,-21.69638020598216,1.509086153740764,-8.862650396793423,0.7710484444884447,4.836973473019133,0.6632385380124175,-4.542005855064452,1.6152541483107146,10.125130350475407,1.087294462935695,-8.20757068912845,1.133937127241686,-17.78752672202563,1.8653525360629395,28.71259648151532,2.7603533700756024,8.512055703847299,1.2827544131222108,-9.69780164431034,2.606584414560825,58.35158629925667,1.7892516466977852,21.417962705019843,2.1956074901658837,-30.988913431494996,4.380280801770663,-51.04215726676151,2.1508997431946,-17.81296956311446,3.956693373626551,4.536067652791566,3.34219350703884,-43.67914186294707,1.6584211284171673,-0.0864808215721609,2.560500965579728,-11.27462262834655,2.0694115062448386,29.173966329673416,1.383751276135694,4.237939224622789,1.5967577518155025,-3.989797004875075,3.639585709374704,-35.17733043694059,1.3671485727312316,-10.457908749731848,1.60816453271776,-56.00727163314955,8.58344618648556,81.46203241090454,2.6957198875134196,-21.114188099554404,11.195563256206787,31.17405144650998,3.2729090152618454,-33.860168517388566,4.133637957421513,-20.739243633428245,4.127783914163274,-0.0004827799183392,0.0153325113471283,9.29010575448609,2.096713867378865,135.64827486288388,10.62203303259011,-7.3331356483655314,359.99999913094064,52.97135884970135,1.2861221890032937,74.01690750176901,15.21806312668798,-7.62738012031102,1.6403795116968762,-4.968202366824861,1.1881825901569742,1.1749104805312425,0.7087088688098412,14.909832355526191,1.681517689523817,5.412473520805615,1.981384033728504,-4.055307440577337,0.8096061420748124,17.827499882062856,28.94093055555556,49.38764166666666,1429.3243077776622,0.448400574074074,0.5964468148148149,r_hand,5.006973517846139,4.161111111111111,4.0055555555555555,4.25,0.45812556596401866,5.725542011607363,18.317044655414914,31.25800105485232,3.983334253797475
ID006,KOK,3,True,180.0,1620,8.994444444444444,F,22,158.0,56.6,22.7,10,1 Dan,Goju-Ryu,Kumite,International,2,1,Right,Right,Left,0.5675386624643601,0.4519462008287743,0.7222966202782287,0.353858546080088,0.9786264699897684,0.2326593674555233,0.0961953260875425,0.2655066895961808,2.862290008096387,0.5620504355372363,0.4635520883985191,0.7250927492764407,0.7282717869640298,0.758210518008523,0.424138104424443,0.2363266930354727,0.214849205183202,3.403557169299475,-7.038207436776017,2.285389052622662,35.981634351020496,1.3464344183106365,5.5010457223876035,1.508784685992933,2.298861367794337,2.7112842275371216,55.35971756930133,1.5191906175300218,19.091232592310664,2.667348351903975,-31.80300294855531,4.260481910046977,-53.73316287664965,1.587950352121794,-22.8238276867779,3.6893269759988954,2.9657806298577687,3.7186363640429514,-37.00087465659301,3.225691954937041,-5.69619454367178,3.7629443872366855,-5.65841699733178,2.3088813008058873,27.181279726517086,1.5170160059471414,3.707303087729157,1.6433564286237037,-1.6691426622348804,2.786798359186953,-29.12593652219897,1.9031379717620815,-9.52993038896415,2.634165929807491,-28.52380814447118,2.5256741574777983,-29.814707281677236,2.182331444712343,33.84085472256177,1.9447566195772197,81.9390385296462,4.04659219165238,66.38800796528307,1.8895747327559176,54.255294216587686,7.295053191027677,-31.99804125157655,359.9999446768578,57.6773848336741,1.366522651123546,-78.73844045118388,11.205457733036042,0.0002519742462767,0.0258017537434054,9.66918688070163,1.209433868774756,-103.50187942306115,10.745171384227447,-21.147504534497862,1.5217884133352122,-7.54592683688275,0.7462852467137147,4.64968076899411,0.8072077731800524,-4.427142000307555,1.1610037419179315,9.808845077222209,0.911750262083716,-8.114646903019704,1.289270283101569,-14.789586333646772,1.8285240705038603,28.26666242881015,1.900178828218067,8.46250844844731,1.036679374791774,-8.944948851071771,2.787999039213979,56.19722550973334,1.3931562328592264,22.062319205435347,2.4569237466670444,-30.14792394779657,5.143054743745392,-51.212416353354975,1.9249340839053912,-18.68583989634169,4.678984983830038,4.595698084421422,4.141640144885828,-39.27362440282856,2.3021645454124595,-1.2162632625654086,2.0806338714903605,-9.596401066957648,2.951298324815369,28.659653317277833,1.1228594829840617,3.8237946808609617,1.6362747621106235,-6.7932874857576975,3.231962404593366,-34.09057245880612,1.2300166388246154,-12.151488384236329,2.2486443744140683,-38.29179126990346,13.833126077381204,81.9347831869843,3.822374112576668,2.398565397158795,13.390022855142746,31.057295413700537,2.2595602960893864,-33.085103549952464,2.2880559103010825,-24.3980072397349,3.6629487202615536,-0.0001310872038026,0.0148561216101007,10.705152737609671,1.7152302381746036,131.97102016315483,10.611760429120707,17.99953734656195,359.99999151406723,54.065064432000014,1.2213342633051312,83.01574676195015,23.4794662782201,-9.678701786306338,1.6859118004644031,-4.365351154140261,0.9260526943621898,0.5844566361884967,0.8876699337032635,14.36516270984406,1.147627046934634,6.526798721507058,1.566388982354983,-2.711258918537119,1.0877136676522463,17.28765486380197,27.610716666666672,51.73344722222222,1428.3975534427318,0.4898177916666666,0.6150609027777778,l_hand,4.628754946588818,4.033333333333333,3.894444444444445,4.177777777777778,0.457149759669765,5.721829648464716,17.47513713080169,32.742688115330516,3.682439714423176
ID006,KOK,4,True,180.0,1620,8.994444444444444,F,22,158.0,56.6,22.7,10,1 Dan,Goju-Ryu,Kumite,International,2,1,Right,Right,Left,0.5223608166174153,0.3820919805052199,0.714380180799517,0.6439154092577892,0.6962836100296077,0.2356805931735039,0.1856567634190392,0.2234427399622062,2.462334070135788,0.517979445319189,0.3931396766268354,0.722503312307714,0.3681412652378091,0.6719481017881335,0.3426468598322407,0.1048813636237175,0.1929323293756853,3.6634371454187633,-6.774668994638134,1.7994362907538246,38.47453683397055,1.225751158487007,5.260536370587266,1.4809454459572071,3.879784631888654,2.3727464568066914,60.77493826865565,0.8660029735709855,16.548950914394737,2.4788884528321766,-35.132681672568616,4.113703635899888,-55.562444408895104,1.0599448591232488,-26.853226009002263,4.442094980284963,1.795558152607159,3.2341454348326892,-44.06852729320806,1.3315193333615485,-6.6949619499272695,2.4476653021767296,-7.6768492697291295,1.8116351978812428,28.81400254214142,1.0024328820208268,4.672609657582166,1.2318769894220871,0.8267475763965989,2.6082611577415653,-26.691171097211537,1.6831024735706848,-7.155268648343621,1.8528646184257775,-31.297081772915753,2.2291061799462817,-33.331564237402716,2.7294058156276293,32.6315247973954,4.6995277977339605,78.73993129503336,5.6909404919978215,66.35184230787594,1.367788216215203,49.33837114333801,9.66534946088094,-25.99907355589232,359.9999598064079,55.029256671938086,1.1411012234672595,-76.39330893281397,17.166784664093996,-0.0002022811536188,0.0288762669062014,12.363305508292822,2.3042607450657826,-99.72246852619476,20.466275638332675,-18.06057382935266,1.0079588935989925,-8.795070403870595,0.9551930351854364,4.807921202019385,0.7563666319596223,-4.596946425976855,0.9447522009877004,9.86714691826424,1.0184966362799592,-5.882021880205908,0.9583875835188476,-15.54906795016636,2.9073686516593895,28.871837280787037,1.744228374348456,9.096488181491386,1.2433696928368398,-8.849321629128466,2.8243685006725148,59.72240368202258,1.3036807535364474,22.502325168962432,2.791740507896762,-30.170217761841197,4.745124524710683,-51.62995069862226,1.758112220795674,-19.471869236610964,5.255139895283445,3.7415675647206057,3.331296562209659,-44.57084786680999,3.2637140982545745,-1.7807924551036007,2.673190954361973,-10.783133876632569,2.0620913876437754,29.83499482794114,1.4010056445942816,4.3547741609916475,1.7732645072695417,-5.472406035989298,3.340284756390985,-33.515003365961384,1.3330807578414436,-9.956611197148629,1.8937089347542584,-57.74267827040696,17.90243021396001,82.96886274117878,2.795643819464445,-15.943451156105978,18.26445812276891,31.38789609221022,3.6196194571085623,-31.66055901303773,3.694098689777828,-26.23426749598842,5.065824537713365,0.00068388388217,0.0146910030760402,10.908055478092786,2.075164059937272,131.4574469755994,7.468324377578597,-10.666899373262206,359.9999887415694,52.34240193799341,1.6306200855566786,79.05523327571558,18.258310048525914,-8.569068631662109,2.752850143850809,-5.3214369434156765,1.1603713873431474,0.3663877911238019,0.8018617750390434,14.96112851632932,1.392230371883878,5.963794249713964,1.297353824512644,-0.3377788082159069,1.554325550630219,17.833382074918124,27.73077499999999,51.071094444444455,1416.2410290426385,0.44884825,0.5263782453703704,r_hand,4.7978823385484946,3.911111111111111,3.744444444444445,4.05,0.45213935493640317,5.673133428307317,17.551123417721513,32.32347749648383,3.8169902430503404
ID006,KOK,5,True,180.0,1620,8.994444444444444,F,22,158.0,56.6,22.7,10,1 Dan,Goju-Ryu,Kumite,International,2,1,Right,Right,Left,0.5224737624167508,0.4234602094102753,0.7105417793640589,0.3693655205471269,0.2633855553528685,0.4899224526990653,0.0958024489918618,0.0760879106597502,2.2664828269399995,0.5130704997242089,0.427412545156275,0.7213866710492045,0.5011886107915919,0.4250027545215584,0.3489468581307386,0.1530052267851043,0.0933677815479507,2.8851758087070056,-7.485933568427309,2.3399576193255296,40.04912502349077,2.5027268904010853,7.857553419826415,1.578116533936658,3.1204247045784257,4.572272454606174,61.62790294923627,1.835728769944545,16.161994252751104,3.0642235340833217,-37.40702416575125,4.34754890730288,-56.547853018109336,2.0412965668898764,-30.48160204695286,4.431817644328213,3.7392578306732034,4.7854323942547605,-47.08601918540114,1.703245256872478,-4.570337405189659,5.180855033303727,-6.090316406615269,2.4061339966644306,29.172618974750097,1.2769416088131642,5.03350049547225,2.3246968038913662,1.6252249615943877,5.041084781532671,-18.046897435242084,3.0419717879053607,-7.889139123723201,2.9762261212973993,-31.931981455982655,3.2046192505386735,-34.24978110477329,3.76600961332106,33.530238836812046,5.201602583674404,80.75317786761404,9.274235748309708,69.89422834779847,2.2265952870619685,55.726739668731426,14.582023198489033,6.000554586950776,359.9999342065218,53.72745996333891,1.768803557625347,-80.73182336127068,19.20337540235134,-0.0008255845215884,0.0144418242749454,14.240932941058611,1.436829768781088,-105.66283561280626,8.764649840427012,-18.66718415553517,1.2258672678867022,-9.18228916899369,1.275997715356219,4.352899594642159,1.0567443236144405,-3.154479919288633,1.1913878921666503,11.18845625258021,2.502138206179625,-5.77948679262798,0.8743740991618747,-15.894036256341249,2.0282408830678484,31.15838805015168,1.6257831673772465,10.50116804531666,1.741238636951472,-9.97022488370788,5.457612643259111,61.3907529840328,1.0687065845420207,19.863282061850335,5.061153309474754,-32.894658171591516,4.521279072911231,-53.380026936770406,1.2257518811110728,-22.960051482388497,4.03890730799414,5.622820148649213,3.7566954647769832,-45.98711593410235,1.6566173072531285,0.0466715619434979,3.242853192040047,-10.1292408109258,2.9303150909196187,28.69898659165179,1.1319530723367244,4.91245056561851,1.6133884942915255,-4.146731110201735,3.3393355267991174,-32.137362186388366,1.9103366682274192,-8.210090383846154,2.5650936183782935,-64.36811480103262,17.02754121100763,83.29607428494587,2.04030650694817,-19.543429445984284,15.643820971464004,29.7501553839255,2.159725875969812,-35.2934082892105,2.1467273911036457,-24.55674267755658,3.561655453385054,0.0005494418999202,0.0137492860575629,11.362307601158513,1.742736298920473,126.51430235609531,12.022318777536585,28.666241020848272,359.9999995415754,53.470986522743424,1.0884217643679222,78.22225686172008,20.26287051418346,-6.710164258144749,1.6706891187464858,-5.151551440384439,1.0141930439227762,0.1305734776923163,0.9895785053442544,14.4898533866402,1.695279163764976,7.245412223792475,0.9139844915891492,-0.7606575880427079,2.5602226215503308,18.396772024899356,25.060436111111112,49.17521111111112,1232.3522363004013,0.4503851064814815,0.5674135509259259,l_hand,4.564549675349392,3.7111111111111112,3.588888888888889,3.8833333333333337,0.4497099869392778,4.936517530445447,15.861035513361463,31.123551336146278,3.631360743206172
ID006,KIB,1,True,180.0,1620,8.994444444444444,F,22,158.0,56.6,22.7,10,1 Dan,Goju-Ryu,Kumite,International,2,1,Right,Right,Left,0.510731032389204,0.5418913286286144,0.6209426862502869,0.3048205842398843,0.8243293523712225,0.3125510167336531,0.0766253619308202,0.2693282965285237,2.2700576520786973,0.5207802635777051,0.5510382255571843,0.624631828682061,0.4181915815763437,0.8427740202669565,0.3595536564946266,0.1167704807294299,0.1994437185827468,3.2595017775011144,-4.632208656053005,3.865843179196364,67.03701802171642,1.6810086297452642,-44.375813302695256,3.8423784769308895,17.987448893682654,3.066804902583698,60.503205854210826,2.3371169468263204,50.73563485661336,2.5338055868622575,48.44030242586652,3.7474318826457065,-69.8245852003434,1.8894746047146496,52.00494446081056,3.4338246777857577,-50.22104134743419,4.067516681689675,-55.46728182343393,2.4705274774497923,-57.59964486395928,3.145945116778016,-6.013717074249678,2.177913202744925,11.111846104629857,1.225112906187265,10.549229004387312,1.3644185809283638,9.51901003328796,2.031373590350828,9.44695678123512,1.608457713889651,-9.892383698832724,1.6530921897898256,-32.23744570505793,1.431499581835805,-33.886537041771554,2.082585151453948,28.257300720895692,4.946196981594472,85.43634198369756,5.116042857942261,69.77354745045655,1.8539926008837144,48.212111625557,6.8462701827430195,-1.999717300887033,359.99991979594677,55.92573021784419,1.4145874607545963,-79.23873290136686,17.293407027478693,-0.0004468082847706,0.0196973986268025,11.410389268425211,1.4873953277652436,-119.57598221833868,7.522391617324246,-100.1838880246815,1.43858986825353,-7.528093118697085,1.1765891628433316,0.213007881138392,0.7027732230211357,-11.63042634410212,1.2316379430158086,5.610269193746802,1.1427612063455532,-1.2979848194179917,0.994628260274718,-9.64450639681165,3.4150298385609883,59.00980681567119,1.5628286747170606,-49.37077162520439,2.764762305315891,8.117217665133255,3.5928533103281763,63.8848396357398,1.9413270265431637,45.73914648805152,4.232727613061925,43.267933674392665,4.785703342608265,-63.842869315455026,1.9301602513220857,51.18061958697465,4.310828986539306,-46.20546196281479,4.009526607002208,-61.89266815995066,1.95175283086116,-49.9326233322505,4.0091158130562405,-8.355692811901342,2.3218306609113935,13.66360582218148,2.0223685039657475,10.63656651351375,1.7712263631679743,6.973164532332373,2.2012727838495056,9.16456971703,1.9644066981254404,-11.600769063948988,1.8313510895287488,-87.14954351805142,5.900889544826697,78.05347471256735,2.576056067187253,-43.90311838956636,7.333508364221856,32.41776393191414,1.849180810632884,-33.140420856632986,2.002242436918948,-28.553628437296815,2.812964945193034,-0.0002203790061383,0.011180210358842,9.91322781148568,2.465439596543238,128.19107779633578,9.660419414305425,24.666247933470625,359.999999764373,57.18151237030288,1.113948215069307,78.9143125627392,13.86358752295574,-88.29415741089257,1.4184799252553972,-8.347634378948117,1.1237455940483096,0.8327306984735202,0.8089136430782811,10.493724731982624,1.4143414636036518,4.387013826354611,0.9997103325986436,-1.6519624828569657,1.210011548566758,11.838331998060928,100.20709722222225,12.994822222222218,1302.1734138077156,0.5116626898148148,0.5648584166666667,r_hand,5.433393482569225,3.988888888888889,3.8333333333333335,4.044444444444444,0.3930017001584094,5.216204990417063,63.42221343178623,8.224571026722922,4.322575762850884
ID006,KIB,2,True,180.0,1620,8.994444444444444,F,22,158.0,56.6,22.7,10,1 Dan,Goju-Ryu,Kumite,International,2,1,Right,Right,Left,0.5017963253118738,0.5496989701244164,0.6246771938393901,0.1944165563822819,0.3432414598764144,0.3993990525511859,0.0484711891015199,0.0764027126952341,2.3892932584303006,0.5055110713809016,0.5596444428725725,0.6269390288084496,0.3580812621505003,0.5626161244243755,0.5670652975466428,0.0831025860009396,0.1513921021144129,3.4840269405189668,-9.24990464280249,3.6008852351005673,67.02725157111294,1.5441792910259975,-41.02566794272148,3.2278077000509597,20.863779402051517,3.4547689294102817,62.44541730180854,1.5759489720396047,47.05897628560436,3.4630210162008765,49.06453997345019,5.387267354154147,-65.66775045762235,1.826125580166064,51.99520179928198,4.615544239053335,-47.475821391350365,4.357193241364797,-53.3865890910401,3.2052934759138196,-53.28310413749065,3.833485075533254,-8.58508310972687,2.4977349784315903,12.45547426368192,1.591310812663556,9.567119831879998,1.6559170192330654,7.657747668994706,3.2565468104243793,8.553949877616407,1.30609874906766,-11.179085984548356,1.7264450174712298,-30.403649462206698,2.1085669500513298,-31.67842858643327,2.980903206481475,26.961438665014732,4.253286512802298,86.33221957546327,7.46134704785338,70.65434999469956,1.3378675353852287,48.88278152089702,6.42040278253895,-4.999137912603777,359.99999477189664,53.21370542359505,1.2650484057571845,-74.63809969722521,19.470012261953343,0.0003504527764923,0.0184882992137601,10.528781520549996,1.9449601581127016,-119.3473183760702,7.155440562767197,-101.4956761210522,1.1836364243941375,-8.963923737151658,0.7231181637497706,0.0806820236017982,0.7807801092925432,-9.198487922795652,1.167168536024171,6.851867990620517,1.254972149551235,-1.935358627750623,1.6998641692825665,-15.88138406152026,4.006770646914553,58.84716338943817,3.319386813030782,-47.7197386172183,3.6448459790489025,11.604198633592564,4.4715146419499,66.81713087476935,2.727395166075709,41.35642762497381,3.9136342462733182,44.765071338067386,6.489240902773659,-60.925043767526624,3.588088974089068,53.30491783282933,5.456025064238375,-47.27424201320085,4.0993847890945645,-58.94870191548688,2.8534993808532363,-48.02349290026921,4.2480520241512,-9.433285365940575,4.020489791452391,14.425557740962969,2.2956691148609067,8.9707148404123,1.8563317602319775,4.534361103810093,2.858054059968019,8.216325280980394,2.42737527138316,-12.180243387596162,2.0129232279985985,-95.26405945803756,7.406089142435121,74.24321032574183,1.2389750213231707,-56.28369745880317,9.791052428383985,32.43320128243634,2.4057161192669305,-33.420966483060354,1.6330152786335148,-29.02999432699376,3.1680095736970735,-0.0005794490711355,0.0113665836414847,10.648290538463945,2.226118125234489,134.1374021404603,8.964482926664516,11.999483409096689,359.9999973925101,56.53934852717568,1.3987524951421548,75.91597843233265,13.47336233808936,-87.96985696944132,1.5779742559329009,-8.281541436239344,1.4082866091130324,0.5487450504923655,0.8232767608185917,12.982659056614514,1.6318004981012848,4.502051618120472,2.1869532970738867,-1.6766141897422406,1.2328078830509288,11.99833972270783,101.25161388888888,18.33320555555557,1856.2666502567447,0.504115050925926,0.5736562037037037,r_hand,4.969634430815814,4.072222222222222,3.9166666666666665,4.133333333333334,0.39536531255657603,7.435774115753664,64.08329992967651,11.603294655414917,3.953628871126029
ID006,KIB,3,True,180.0,1620,8.994444444444444,F,22,158.0,56.6,22.7,10,1 Dan,Goju-Ryu,Kumite,International,2,1,Right,Right,Left,0.5641531697629285,0.5275637702994949,0.6220957694141809,0.0960501692609194,0.4159434035979181,0.4469555640128853,0.0205788577728979,0.1340587126443176,2.2597902705512785,0.5704073931937497,0.5395174397986795,0.6175365019667044,0.279971293063197,0.979836982421034,0.5178259252680673,0.0842170516038667,0.3190922232882038,3.3849512192748037,-8.451550509857466,3.3648308736163273,66.72258530340746,1.788367770835606,-42.88130305711542,3.369478454363424,18.808398251202423,3.8363781913384503,61.98199073333277,2.1917710289115675,48.92995130610268,4.320139573939663,49.10526944107132,7.559936666391778,-65.60685550438885,1.9280931986769472,52.82847604498648,6.886314723481682,-51.07996107986444,3.596545304502378,-54.12893211800718,2.6253471929068013,-57.01829898468174,2.8120870748203757,-5.542018408249866,3.3229377177282045,11.43679174320774,1.516401555623032,8.56190247705996,1.3880085302227911,7.17531035148626,2.7231029988768745,9.820090518639285,1.6785748300381282,-11.308848153007428,1.871115560961817,-30.484338016574064,4.051140577237348,-32.576410286320346,2.6628131772141153,27.69364559376313,5.534069178517729,87.20129405423963,6.739453411364821,70.28899681980924,1.4919608649486946,46.80311319032434,7.954111580028361,22.99878753349157,359.9999371874525,55.08825721302741,1.320130514933659,-74.74649663585299,17.692719021703823,0.0002681482085133,0.0193473555731506,9.58206895735754,2.9220569432706727,-113.34816302310738,7.444811557017019,-99.96344123684167,1.0273834814504283,-8.272016383276389,0.9013656263339848,-0.101059748028022,0.7473304934523024,-10.13601177497297,1.645021260463592,5.571189989248916,1.4412321637940222,-1.3667535150009518,0.9148380225797936,-13.741541926177472,6.343266525850332,59.9263618563283,3.2125622838877916,-51.08956271798895,7.204370645084651,8.34702928183692,5.733792403945473,67.05405218584353,1.413975575492472,45.42845577181389,6.340199365200817,49.56001574517479,7.63431901483294,-61.01426147250444,3.602011352081597,58.19718481660915,5.096661695615744,-54.25701159653853,4.453255182203691,-59.83767719455515,2.022471701947943,-56.30341068248197,4.598355456613639,-8.101456282562879,3.645514837673783,14.265099578316343,2.912975505928765,8.557366763079639,1.9769225295093076,4.577471865824235,2.3662503283923884,10.403822836313225,3.109418019546722,-12.811871899788915,3.093111198301175,-100.27877365152936,5.110912432836827,72.33118167724606,1.140691232438158,-60.48955907450544,9.586796136500247,30.11267296834317,1.3811273674820017,-29.185933733976057,2.1450723866826884,-26.3911822892774,1.8856867956556584,-0.0003737345261662,0.0098561876864553,11.18256939038148,1.7867016476812465,133.88844066633163,8.952928774244953,47.99866518803477,359.9999926268878,55.580120304180014,0.9553385789805732,78.84804550928853,20.533540447396575,-86.75232836817871,1.5028508175570323,-7.858545190447691,1.4592286271304111,0.6661913725017856,1.55550551929799,12.180756579906484,1.502228134779532,4.118145135214336,1.5482702906082708,-1.6470003146956416,1.2157604104792468,11.70857304817575,100.65645833333336,15.122100000000003,1522.1370285625007,0.5646115787037037,0.5472515787037037,r_hand,5.170938555913329,4.111111111111111,3.95,4.1722222222222225,0.3937314996292284,6.097328266954418,63.706619198312254,9.570949367088609,4.113777834181979
ID006,KIB,4,True,180.0,1620,8.994444444444444,F,22,158.0,56.6,22.7,10,1 Dan,Goju-Ryu,Kumite,International,2,1,Right,Right,Left,0.5463645973583902,0.5121702456477799,0.6237188001122342,0.4663312030552813,0.1668731361476605,0.5819307694408304,0.1541664811345156,0.0458776079191869,2.095255615866275,0.5526340544418672,0.5208140184284554,0.6141603076922824,0.3702714408152951,0.52416893269982,0.3342446630325346,0.075312190274696,0.1444718815483194,3.34942573650887,-6.197836689220169,4.0027492849882025,67.14364323964881,2.315769876165149,-43.39249117361831,3.2515391821067325,19.97685518199228,3.725772425794485,61.895499329652175,2.6521175670390775,46.52640726019718,3.7213543044722854,49.18109681702124,5.30911486131982,-67.54806971581382,2.0397574997450363,51.62514274254997,5.339590978162015,-54.03916169771038,4.3170429521959335,-55.337032719090715,3.393077693504175,-59.574968415548,4.035507251976647,-7.53660757779606,2.2265934593553336,11.152146498099324,1.5730588151818878,8.747133989260648,1.4978779759117895,7.223813903253233,2.92577748554487,11.636205688719793,1.421073072483933,-9.799372505836276,1.9149335937011536,-30.41618050691618,3.3639876100584836,-29.784763509545204,1.827887172077073,27.693824684092583,6.963734497151908,93.97201293460148,5.201106974973399,70.21444343763795,1.892145249868008,55.5396847802279,7.705839566225784,-10.999758468408922,359.9999919646354,54.69384945130832,1.3545302086626734,-73.75370015132751,19.81678040997445,0.0001967708905789,0.0127536728909414,9.277800801171436,2.6123307479421696,-113.86498530814885,9.050322156762462,-101.03893341697466,1.120480203067018,-7.670733419776928,1.3014275341664885,0.5649000615372035,0.6297345222373876,-10.481842998687435,1.294705087486518,5.626167106591404,1.1321709307131966,-1.497685462739605,1.609233524335473,-11.875114506524156,3.3173728196738157,62.478502723418785,1.9044369702153008,-51.28446184794608,3.650081259033236,7.525118464146585,5.178311726398134,68.66736931163383,2.1626619850890165,45.8427213464423,5.63073948011332,54.81057212391474,4.777291854728389,-62.80122839050894,2.7058965140347127,62.579092786349726,3.85125943607688,-59.01740057399382,4.067274421123102,-60.985961146026874,2.7972554415041486,-60.82390417554127,3.5992590186462934,-10.02328237829678,2.5650418739745877,14.092160915502534,2.620530195319617,7.924154730860837,1.8778460354235929,4.8765807010095426,2.797087775404523,12.14655014094824,1.7004719952465894,-11.795007408404835,2.1793990620160315,-103.58921956601752,8.816858368604429,75.1536159170744,1.378999188375147,-63.73026310879585,10.77057929145191,31.168112982935984,3.1062604428099867,-32.28788409977534,1.7819261695376485,-26.89969933960202,4.200625246284673,-0.0003109535283262,0.0137049389263076,11.35986740260815,2.6085979427009267,136.0829701145215,9.538663985975262,33.99922219082115,359.99999421338066,54.30305255645171,2.2135074751414763,77.41038434276041,19.393240553716524,-88.06145063406693,1.826954756197651,-8.492852494414207,1.1523274894391171,0.6451561930534792,0.8804428586899006,10.873738009155522,1.6944243078198724,4.979088699003577,1.9480201738662448,-0.8584281595319219,1.2166987567816006,11.965264675590756,99.00950277777775,16.592169444444455,1642.7824466990826,0.5491953611111112,0.5289201527777777,r_hand,4.925599302573081,3.683333333333333,3.522222222222222,3.772222222222222,0.3947587342482495,6.580605859233627,62.6642422644163,10.501373066104085,3.91859640409291
ID006,KIB,5,True,180.0,1620,8.994444444444444,F,22,158.0,56.6,22.7,10,1 Dan,Goju-Ryu,Kumite,International,2,1,Right,Right,Left,0.4569136397333672,0.5374254548219901,0.6098097855054565,0.3665087677117595,0.4020446676542999,0.3079438363559172,0.0956461515330918,0.1402126536848103,2.1818240505474416,0.4630980395467241,0.5399019523427916,0.6092679100138839,0.2742586653854295,0.5143802725665503,0.3481307983406512,0.0680336654937905,0.1607321250960624,3.067738499079485,-5.310717198856114,4.612915801663737,68.23168078913109,1.7538520265321438,-43.55553260066328,3.902334982783223,16.484954122505965,3.200376917029635,64.3625720316204,2.207769694766135,51.00769653712402,3.286225766711077,58.7755602858891,3.665898106065548,-70.61139135692842,1.969058788685402,59.20606948849045,4.394044197844536,-56.60762354846996,3.366334713808378,-54.778351284971706,2.3029608386916607,-62.75907402889511,2.3543589940598224,-8.484225914300223,2.6431937776362764,14.900729546236402,1.7663255054703288,10.568478780977657,1.703323002035949,8.21910666634553,3.1481247964060524,10.80164930200343,2.123421755874517,-9.937130055853087,1.8509456097071109,-23.510025695050853,3.264566633994189,-30.865631548315005,2.6776937450142846,20.14890340844612,4.223056164767808,87.86483156349037,3.3223708989705045,68.75917233745064,1.2951556819893997,54.83138367640411,5.255353353592447,-24.99831351319757,359.9999131232847,54.38812795362056,1.5242868598612915,-67.5037894464342,15.998631496953571,-4.137174332691603e-05,0.0106209548586031,14.34822126403597,1.956595785052752,-120.1622607877001,7.656253885267091,-101.5779626974989,1.3253742406837716,-8.27296934709545,1.3853211854069487,0.2152717169613359,0.6089023470775432,-9.435621367461732,1.8069073479280424,6.368865702351125,1.208764498602707,-2.321104032498615,0.8905280710579555,-13.026545976129109,4.329724356071795,61.237160232194384,2.7174726519496275,-49.445651571201665,3.537896332141308,10.092416939528272,5.652917770755117,69.5676711021942,3.714684178960979,44.292061391591886,6.784116598737832,59.01423949676167,5.8202911590770015,-65.63503821488605,3.2672505627612907,64.85820967237433,4.718724201929106,-57.052351719258546,3.407082012731742,-60.29799357935391,2.997916963290294,-57.443325035751585,2.5920804366041565,-10.613214822503892,3.5844780288263465,18.44410043227635,2.6200573163348757,9.74394173073721,2.2106549667387654,4.193718638102023,2.5941645429183895,10.440504088433547,3.3507039427922702,-11.810370200483629,2.207697606622398,-91.43792178793198,7.19623281785681,74.22609918758822,2.7208444489770756,-53.30220628029637,7.6101523861890925,29.883718001974607,1.9936445865874468,-28.9761342580329,1.566718646579048,-26.63217924887261,1.869479480705202,-0.0002528831972303,0.016690649064269,12.585018157784535,3.0267143753254757,137.00465692624903,9.82401679278982,40.66518326843425,359.9999977054193,54.89792586445392,1.0026421294702814,74.02692577353876,15.031913691455712,-88.39459289150555,1.6308961848048114,-8.044706106774557,1.7499426518386834,0.6834954951824559,1.024310237961087,10.916600961198354,1.313354361881709,4.81225344425469,1.4031113275016145,-2.1052971583421134,1.6549078721990855,11.898579796685947,99.18079722222222,19.95505833333332,1979.158594115948,0.4547002407407407,0.5569375833333333,r_hand,4.99343530014443,4.055555555555555,3.9,4.116666666666666,0.38595556044649143,7.928050769571976,62.7726564697609,12.629783755274252,3.972563826090124
ID007,ZEN,1,True,180.0,1620,8.994444444444444,F,20,165.0,72.5,17.9,15,1 Dan,Goju-Ryu,Kata,International,3,4,Right,Right,Left,0.3782737858177744,0.6759252085661641,0.6973656245677751,0.2539176399859844,0.106753496585954,0.3035380546352995,0.0537119465521988,0.0242291505992955,2.144061940804027,0.3845476676989176,0.6726432260592355,0.6793513007649286,0.5135770081393043,0.3959032271690255,0.1792427346936298,0.1245176733427621,0.0981196431991999,3.277888265548402,-8.592973843226343,1.872496867501588,-5.374699309497313,1.8444273395708253,-32.503727130888464,0.9119449772580452,12.671212656136246,3.1464642937487284,61.67021465861691,1.4411536238623055,33.21376439034381,2.7651390863315513,-11.607316159001789,3.1987982082374096,-1.4007966220704084,0.82277117563326,-2.0909504881106815,0.7639508995988817,-31.14043994253977,3.675715854084366,-60.235856873877474,1.7743921905738915,-42.24601921998708,3.173136045748848,4.414280148416001,3.3075545916426994,15.24114513303583,1.7684846799095535,23.811804149083574,2.1538879372764193,4.723443594825426,1.98701605783976,12.845011748202836,1.6985814270586328,-5.366387589965724,1.889889131889233,-25.838537350831565,2.0892977386094636,-29.060236022313862,1.5319839141577951,22.430027483737387,1.9155705452767575,67.61678228381307,2.557558336163993,50.03699535976102,1.2605438034557253,58.02684004479752,6.382852573251647,-16.99941993885188,359.9999706214083,53.1562846131275,0.8784637848061436,-82.48684951458098,11.341994356397263,0.0009818448324877,0.0148088545234207,18.465428637765424,1.8531669910588384,-109.48658730283736,9.032036928285391,-40.86261954190953,0.8757747985784761,-12.40255924483655,1.275405300788398,-0.90975490093496,0.7115870994271324,-3.26926327678162,1.0107319389249758,17.67036191328054,1.5091023915470885,2.722873340290324,0.9700749899700188,-16.76302595198256,1.5284097846320923,-21.11704787807393,1.120598759923638,-24.326904283975324,1.1553008448524906,-8.199567652717901,5.831548095568993,70.33567399923163,1.562124776634931,26.708834235637937,5.766969365543808,-13.838894438539322,2.700219121230816,-5.38572480936706,1.1048353645973554,-1.8469510296233935,0.7239805787337141,-23.893526078322928,3.697095301243756,-65.26028017419017,1.120937282382286,-30.37141541059942,3.837029291742315,-15.409117794532389,3.0584572746602916,21.62476913827014,1.038306926602818,20.999709013000672,2.3270892010190103,-3.973633258834368,1.7674053279255817,7.971808685080354,1.3301184694998345,-5.9306107562914425,1.22658740136876,-41.26111549835845,5.52191511753405,73.46816590013928,1.331672433368837,-34.20578684390786,6.340979745364301,19.669803334468966,1.721307807476041,-29.99512801442753,1.6980872328993757,-22.037901960815184,2.6315933418798707,-0.0007807288999769,0.0132187147741333,13.43507177616706,1.150887763805283,165.6464034330526,8.920200496881847,13.33293422955373,359.99999960293883,51.35776215560203,1.6209781165553494,74.48199609730293,18.533650067371937,-8.262660668888996,0.7867509843372931,-12.370451322183303,1.359328031786216,3.0356642696929743,0.7927235549253404,25.03424025546927,0.9259954332668628,16.362117769059118,1.4020060389650857,-3.365097339719607,1.3541802587985123,8.675762443456765,54.13518055555555,99.7703777777778,5401.087415095989,0.4004255509259259,0.5891488055555556,l_hand,6.164504784355476,3.8777777777777778,3.761111111111111,4.0,0.4226458330713789,19.838704922299318,32.809200336700336,60.466895622895635,4.7990604658993945
ID007,ZEN,2,True,180.0,1620,8.994444444444444,F,20,165.0,72.5,17.9,15,1 Dan,Goju-Ryu,Kata,International,3,4,Right,Right,Left,0.3781937700557661,0.6406376263571887,0.6887881497688393,0.3966965852396253,0.1449770867859356,0.3660477748642754,0.1036680097207098,0.0293354075838414,2.5183197835338316,0.3644753290505149,0.6280056715187157,0.6636106701145446,0.5209953872200301,0.3825329467942229,0.1965299372564843,0.1254882452480612,0.1028042322470522,3.3434171728091924,-6.822341487385509,2.0530079838665136,-6.046626351316129,1.4758254844380083,-36.28781740701195,0.8415282772046737,23.176742557955613,3.161168682678529,62.90668584897598,1.2183093531447255,27.139635586549183,3.2907336860254226,-13.972888427632254,3.6055781624353145,0.9045439958325858,1.0743354346944114,-1.3613770929373692,1.008923819393312,-37.81845868103924,3.149172262686548,-60.427867045366426,1.5359962566729737,-47.93221534955238,2.71841721176245,4.123113287529224,3.110391392514297,14.931813740699129,1.7806049076864523,25.69049225581933,3.199663523824391,6.39046152613448,2.2491293888804966,12.578258312762715,1.2447737196305386,-3.4037412288930473,1.7976628312021403,-25.153749442009826,2.5986435429209003,-30.9944429435358,1.6599901904756322,21.804915630496573,1.9611380233519355,62.98370485819156,2.4802402174541953,44.85496809145418,1.8395769798492976,54.18456061105098,4.626721219935213,-15.999660730671916,359.99996498594584,52.768986809095765,1.1856950254014649,-77.93551100915258,9.155622138418693,0.0004363547634689,0.0097024600419598,25.196494514419104,2.670235095202667,-104.1464812483835,4.806457007407602,-42.309312722227034,1.196426879276487,-12.674232863229255,1.5609641536786008,0.361924326611159,0.7669534427098122,-1.972766915787496,0.8868289675521936,18.5983632585975,1.7442336859429162,2.61594577024962,1.4855800582652028,-13.188104561075148,1.7103070825501678,-23.231150662467005,1.5063410943175235,-23.377208929724105,1.0923757589281209,4.64949304108409,5.868483910715318,74.5250604331891,1.3428829914391969,14.814254551578944,5.441645136181762,-17.90317971093676,2.3150160065121206,-6.296823694683299,0.8081803030310413,-3.8421702464291823,0.7392254004683312,-31.067223371506675,4.73859807224779,-66.49803418279613,1.612172214122069,-36.882404504602,3.9895505719406614,-15.58580870068502,2.54280275541341,21.69039963522235,1.7455822095345788,22.050739168984244,3.8087721387820146,-4.389299641255264,2.357025314900598,7.819558804043532,1.97441459417315,-3.5550028865827334,1.8817375892945392,-47.61287668366132,4.469137651080864,71.63286250084286,1.6341181510460672,-38.96519150494007,6.143421665389617,19.614800426158723,1.4931158958146185,-30.44044925569808,1.317235266134304,-21.910748564262967,2.1435891459894982,-0.000477917749649,0.0116483532616149,13.530444548119329,1.1298564387437366,161.88291898043565,8.509821192524583,-15.99988716776588,359.99999965770695,51.53484139513796,1.4507314082237102,67.98076436594152,20.25088787022394,-4.648752596643872,1.067529658635224,-12.178117250510423,1.3606134181285672,2.5457425320250375,0.9315916986966796,25.044726830345677,1.2640484988263587,16.34369263796495,1.9279312713728576,-2.3907057871468824,1.034942742645255,7.8664900258795,57.77334444444444,99.9051,5771.851754056666,0.4057523888888889,0.5482452962962963,l_hand,5.907086548217274,3.9,3.794444444444444,4.033333333333333,0.41744736349626627,21.200557407003366,35.014148148148145,60.548545454545454,4.598660640857883
ID007,ZEN,3,True,180.0,1620,8.994444444444444,F,20,165.0,72.5,17.9,15,1 Dan,Goju-Ryu,Kata,International,3,4,Right,Right,Left,0.3574087013544896,0.6665429143952801,0.6823502671406144,0.3475216198084663,0.3506151528243295,0.9303757956013348,0.0981990355320222,0.0809083155266106,2.3584428126781396,0.3620750476399718,0.6492536192134848,0.6700119915675504,0.3792731089134749,0.2009981893017709,0.3327065679093577,0.1016127229738153,0.0484565764142907,3.207316010050102,-7.7338213163147564,2.7366094981090923,-7.495204097464999,2.0721129737516906,-33.54656171101092,0.8460059868161096,13.219067779681412,2.9403976961668157,65.6477503384264,1.7395976425183193,32.717300394557356,4.082940982998167,-13.241584983953258,2.842284788922385,-2.2002514086561407,1.156588310649558,-1.9335246556677452,0.7492364744417135,-40.95534957461528,7.407481346039553,-62.998629075223725,2.2354008089447817,-52.77579062641433,6.890281221371893,3.4264228539906236,3.3264051362970752,16.583799961957045,2.274282969508569,24.054356382848987,2.571445958370507,4.233062548618739,2.2267120864098033,13.894781708716463,1.8636925981321788,-3.621353665338622,1.7756843367040984,-25.996141595833645,2.3213133651323687,-28.790898654855617,1.918667243554644,21.85767641530725,2.079526691141801,64.2979759768736,2.109831629639011,47.991877686439835,1.4420981912803583,51.182843294586895,4.090163833245491,-13.999781247539053,359.99997143483097,51.57649522425405,0.93608540913349,-80.58452261382777,15.134839121459464,0.0008525876718057,0.0183218203541088,24.31728944716699,2.246219854740179,-100.91051554684078,5.189453598770299,-38.63290912228787,1.5297466038331464,-13.117182707165805,1.6304762949096805,-1.1001298883078277,0.8111096625454163,-2.4491020364499025,1.537527807479896,19.06066808817384,1.5552015601924687,2.897279466079055,1.5346461068391395,-14.388625873619498,1.8457099102528376,-22.174224374458905,1.6301360347851066,-22.935716767416785,1.3416898355605331,-7.3943384028597805,4.909331220978997,72.56576260276688,1.0528022393033467,26.597906356543813,4.166562239996896,-17.146971382146724,3.996840006413942,-6.627433752420519,0.937702056977706,-2.7868470547436788,1.1725241431081144,-27.20520921043008,4.766519231783388,-67.18847864856065,1.3628967012893156,-34.601703581272766,4.089174519574009,-13.89820714094948,3.402869629036802,23.61976388584471,1.1980917990555326,21.886563496844182,1.4337578570685316,-4.635703859942086,2.016361632547383,7.986069037701573,1.4293761659337625,-4.282530880653853,1.3837755612458031,-41.71180992222363,3.3859248100087243,73.12393925194138,1.1698188205691764,-33.13938439159964,4.355944147997729,20.789422093106488,2.1645600035775203,-30.54194923017689,1.70573043922532,-22.845927907361677,4.041618036135155,-0.0002922154669521,0.0114080300932958,14.44385977598596,1.287738143702585,163.05501679492238,6.405908785674086,-8.66576852842705,359.99999957416287,50.05038248855946,1.605706192376246,72.42075542333784,16.21981440627681,-7.267157241861489,1.0074804625855656,-12.475619978553391,1.3002822288469176,2.1293845260103685,0.8424231528097252,23.759401601090072,1.2016105444284868,16.408716394694675,1.6814300814653844,-3.1987299492940946,1.0719019503999658,8.148766623712133,54.4373,100.18835,5453.983265454999,0.3904639027777777,0.5637648796296297,l_hand,6.16178196499637,3.594444444444445,3.477777777777778,3.7222222222222223,0.41354561644885723,20.03299638367309,32.992303030303034,60.72021212121213,4.796940753903189
ID007,ZEN,4,True,180.0,1620,8.994444444444444,F,20,165.0,72.5,17.9,15,1 Dan,Goju-Ryu,Kata,International,3,4,Right,Right,Left,0.3669562136279871,0.6655533899748362,0.6617915948325374,0.8400916764884914,0.3970029661663821,0.5553102456973491,0.3156197891812959,0.1390495857053463,2.582155087037286,0.366887232764964,0.654271669235557,0.6524649068317742,0.5639932250501134,0.5230551038884368,0.2012832855924351,0.1624858672131486,0.1479664234475348,3.3780224860886667,-7.703094360280518,1.7857750301446345,-10.71682856042928,1.4782798806381745,-34.44296507966257,1.188646817796183,12.39987769124454,4.233875681874041,68.20755249019257,1.4869463077795049,34.17186814442082,4.211158516142696,-13.530101009414716,3.02902955244841,-3.1430743477259044,1.2670011061279816,-4.150220967807092,1.171622656531964,-43.75819314887853,5.005232646108276,-66.42961202086771,1.5315721527630617,-52.574430773367155,5.192052403840528,3.2691931804737555,3.094146484554094,21.63896952118464,1.5070671296491795,27.52897516442894,4.471586291980035,4.2732948429138276,1.6707284951427903,12.73058817230967,1.347797590674471,-4.9826643329690805,1.8870337656126477,-21.914345118618353,2.4005057003871286,-27.53495779067773,1.3051904244342154,19.171036485520276,2.2219033805998727,63.305438903517135,2.1072773223288763,51.283751491227214,1.6788982769474785,51.39659806807071,3.3425801467007688,16.00016119387567,359.9999862813772,54.38522435859113,1.1616706253576723,-82.83522342094598,21.25234695741969,0.0004193537643656,0.0150882809696824,22.503725707517475,1.8195812618109064,-102.74635131372465,5.814051455226647,-35.47531801104687,0.7399133479635225,-11.441334732149643,2.119141879118999,-1.137367884694022,0.946805654547096,-2.733500907080814,1.2051692474006217,17.16465995822337,2.009686440962387,3.079170557737078,1.3660820109106675,-14.402520169665369,1.9872472728328052,-25.22805312155108,1.5296279439454423,-23.998709581860645,1.2412043491448017,-3.337421592461359,4.778209925154613,75.29543285407533,1.47078566107227,23.99761733007919,5.142594781475633,-17.308312651865602,2.9974443082973217,-5.965334128401315,1.2368755064322885,-3.1797758525294935,0.6855234406797917,-29.39357511832167,6.279111810418932,-69.23560433616808,1.822747474030706,-35.214895026848396,6.292323935143699,-13.963038571969893,2.4970403515738617,23.88636447422884,1.0865541824514722,21.880355147568917,2.273512253800096,-3.5747011758050427,3.0278861775529524,7.392944027614598,2.1602652688159374,-4.833521972934235,1.3490605083794067,-50.62431409858157,5.334275108607741,71.96597642406505,1.6098516274503112,-43.83443221426036,5.263487067082693,19.315638396857633,1.1992486650361798,-30.60217555205221,1.6333609559010078,-20.9051962736444,2.19112557137127,-0.0008808591061454,0.0128462405634984,14.361658263264111,1.247432895712146,164.95457539245473,8.526030358939522,-32.666063852042285,359.9999994267167,49.14871671590343,1.093244300552506,68.48412644098468,11.947637991802424,-5.095600724141104,1.214990596383199,-11.70082359018712,1.3404392554790583,1.991022128302386,0.982586324898977,25.428861003457165,1.0819451984460038,16.01196859770076,1.3382435871325118,-2.5171930570303487,1.4894780650735058,7.204813923599133,60.58200555555556,101.63169166666664,6157.051709170509,0.3986459537037037,0.564540912037037,l_hand,6.083753966469075,3.65,3.5444444444444443,3.794444444444444,0.40108581505002266,22.615433275190114,36.716367003367004,61.59496464646463,4.7361960394346525
ID007,ZEN,5,True,180.0,1620,8.994444444444444,F,20,165.0,72.5,17.9,15,1 Dan,Goju-Ryu,Kata,International,3,4,Right,Right,Left,0.3647087577545029,0.6631652687804219,0.6818524827676194,0.2887028043992268,0.3853907364027242,0.5870073187312808,0.0592825468804959,0.0928662613157783,2.459428580481212,0.36556715146404,0.6477708922469885,0.6774376687577115,0.4826963978035559,0.2608620218136681,0.1718891079263595,0.1448983719605955,0.0744120502753652,3.363004434535882,-9.132106231480073,1.854723244847479,-8.92401440847265,1.3806264732477302,-32.306218566173804,0.9473101605410328,10.922186950213495,3.8856013133433738,66.4578400290752,1.8695047386855064,32.03368618509562,4.085059573335634,-14.574152897309084,3.107496917763955,-2.735446658749721,1.240268850603107,-3.0225254403240407,0.9056295009364534,-39.34500480018578,5.553435334759762,-62.12664953219345,1.8525811785143205,-48.14887455785176,5.343359561998653,1.0839338220012245,2.9396407888193075,16.037003887326943,1.6457900222499582,24.00849178926109,3.0787283066229527,4.5095292727921255,2.168092697602356,12.124968209633137,1.4993384577319055,-4.174117139871717,1.3579929597847915,-24.475393467013323,3.5798738609325795,-25.996098670488735,2.4012839024485224,21.284708090524415,4.215813997679426,63.42219214833471,1.9432405638679668,53.3065413167625,1.6755449153005202,52.102676784540954,5.111645849223166,-12.999353499164028,359.9999558937959,56.00558987284685,1.8622706949500551,-97.7454909840863,24.57922860340679,0.0005155249061477,0.0110261483073924,19.92897270291093,2.013895679455352,-101.64929230717928,5.616344409679215,-34.653058410076305,1.079261818316887,-12.770825252001456,1.8394860800743604,-1.2538720891432378,0.9713146706266896,-1.7178724774848433,1.5572437198544593,18.469720590843245,2.346717790905263,3.1577386428157355,1.4946762860026226,-15.37590293278979,1.6039898242869022,-21.516546550964303,1.878648720581044,-23.74333407891786,1.4617743985157183,-1.7401826454247926,4.812670550416887,71.38119727991652,2.215989334719822,23.339204371354388,4.490864363841105,-16.37326401232209,3.232696841514226,-4.813961624115857,1.1663099810241802,-2.3961304815445215,0.842788584461279,-27.55029252469555,4.823150243078356,-62.77459397726192,2.0170738074904833,-34.14350916553555,4.829696258804685,-15.698368674898322,2.5152373433510267,18.188974551823968,1.0002642091986722,19.51227085346957,2.2807552499231853,-4.144973357453092,2.350324308186738,6.123350944179533,1.751618107459242,-4.513938493779473,1.6238426896486828,-37.07647038701251,7.332621192546931,72.84706937765412,2.2366219185058327,-25.602403183247553,10.401183053944298,19.221053114637545,2.629349567643132,-29.90199544289666,1.703211879361621,-22.46028565247937,4.177964345539166,-0.0006341412055981,0.0119581556763643,14.189248570230124,1.3053846161794187,157.60473595495537,9.396911413665634,-7.333493507584548,359.9999987497994,51.02593370335335,1.9105071785183796,75.19363634343203,12.62329407817532,-7.800374030634095,1.5689347845314918,-12.526464361483187,1.4937090328303526,1.9679207292341188,0.9384975720950904,24.743071662641334,1.312916618142232,16.320012480303554,1.520332693065548,-3.1187669780715224,1.4653809550629258,8.310354490606075,57.03983055555555,100.86292222222222,5753.203992893734,0.3959398796296295,0.5634015509259259,l_hand,5.813713743333689,3.8722222222222222,3.761111111111111,4.0055555555555555,0.4132439289500724,21.13206241650591,34.56959427609427,61.12904377104377,4.525970010842612
ID007,KOK,1,True,180.0,1620,8.994444444444444,F,20,165.0,72.5,17.9,15,1 Dan,Goju-Ryu,Kata,International,3,4,Right,Right,Left,0.4317299006066323,0.5293635897323039,0.7284309909114461,0.205304989976629,0.2702305397237037,0.3459551038921593,0.0481401876523284,0.0673278599864382,2.073963511378193,0.4295431016003347,0.5268109565289197,0.7306341226407708,0.7107373431461117,0.5804210381711083,0.2170617150213383,0.2339974805518951,0.15053482946983,3.3836480977934644,3.2944100876692746,1.7855797875575607,45.17411239891169,0.7832175517785558,2.108287837970104,1.1513782660004488,10.16941528496813,3.859948122814588,69.83537979766896,1.0607557116491506,25.319010827256243,3.6022500001730293,-43.89231249737148,3.65203714389677,-64.34233080866244,1.3819276703335035,-39.6633504732164,3.719873622668416,-15.51372878360274,2.708403080072653,-57.92389582307708,1.018240274517872,-26.382576042955694,2.8167284951713327,-2.742683328551483,1.6862267923784646,32.46271323618229,0.8540965902967912,6.219208321704992,1.0866172745049916,2.839556134399213,1.9048401647965665,-29.54096983945119,1.029308998863769,-4.626717831281454,1.44952419499799,-23.48465067478287,3.190944727031713,-28.647228832538698,1.83680122867721,20.63817211235348,3.2254506875213806,64.21851902182635,3.207377671500403,47.441949334268784,1.8333312434224285,52.87451386363155,5.46052931445648,-4.000004849058306,359.9999907064267,51.84480403603982,1.1853816147497795,-87.53598849535341,9.486912929514231,0.0006552250123923,0.0186410068785414,28.530381329160942,2.123996086967935,-105.84183955445204,7.095196821082695,-38.57687814639625,0.7187115952819099,-11.899953202639608,0.9346815055608496,4.236303298099272,0.4921219025368843,-4.859969988680353,1.127377296195104,15.48609141936843,1.188255074667591,-2.3570028511354684,0.8588769773120501,-13.61001759979176,1.6707081095804843,38.4485666998542,1.5745265303320863,5.805663746037494,1.3613497753849977,-9.660457026057022,8.379093644194821,72.47074295249166,0.9706011719052156,22.617126308850008,8.613636078105564,-36.704637137027866,3.8789976506083264,-64.48930022618651,0.8596738716007906,-26.28225916273163,3.614919343850648,-3.782170017286879,3.945534204960852,-55.44959355215245,0.8908838935003587,-10.160325668636483,3.295007841622354,-13.229958520159895,2.0150637083006835,35.14121935136197,1.0468629457798144,6.670033139773424,1.321031529860906,-3.871050727250649,2.71616682414184,-35.60367463182632,1.5304031612381834,-6.703172760584523,1.635831765710841,-10.521247206055136,12.925511660992186,80.34488212597358,1.38344309321063,1.6037458015413333,15.39367180999908,21.092487798367912,0.9846219908613988,-24.663168797343538,1.866476117036978,-24.567012347720247,3.7887577724368064,-1.340483843558154e-05,0.0176604780334074,13.396265862600856,1.3517337735004542,155.87993063269536,10.459754016318328,43.99795724996075,359.9999995110715,52.994201814146365,1.579351709379246,69.3773818665659,22.202229839002666,-11.19755097533663,1.787363420656142,-9.662594591657797,1.8241010290375197,1.8332006501093032,0.8127227006134785,13.38615026108507,1.4136821833334174,12.38120524666109,0.9909126276349056,1.0200155307298755,0.7347049285214183,20.484180655389785,24.44488055555555,59.859280555555536,1463.252963322044,0.380472486111111,0.6671272500000001,l_hand,5.634078667256219,4.072222222222222,3.9722222222222223,4.222222222222222,0.4414733278251189,5.374666531945065,14.81507912457912,36.278351851851845,4.386124293781927
ID007,KOK,2,True,180.0,1620,8.994444444444444,F,20,165.0,72.5,17.9,15,1 Dan,Goju-Ryu,Kata,International,3,4,Right,Right,Left,0.4406404342246692,0.4251772017008585,0.7202989820035678,0.2670341355995143,0.6239092271708935,0.4940515639079157,0.0729368700782763,0.1885879926459042,2.26195690694062,0.4354324825734267,0.4281139924419043,0.7223418958318062,0.7866442997265577,0.4293230163703199,0.4214060846854717,0.2390517330586203,0.102642191757926,3.2259653809288302,2.6216428751667,2.4383875686849,46.777528809861934,1.4823864772211195,1.2857107534738064,2.37649133778509,9.982939809153946,4.55638854361791,72.06797411721746,1.4333207850430938,24.48615658076942,4.125064722374763,-49.623664445404586,4.2674007382459465,-66.00887692268817,1.4213226669187409,-43.94280960964885,4.683123623999656,-17.637765165359397,3.7020955832498874,-57.781546927208254,1.308313390228058,-26.791646962392992,3.5750454026118597,-3.738164670871382,1.8486076974415755,33.38166561736364,0.9002237717015262,7.35563663142888,1.3355804434219634,2.5158399520112544,2.5761023937329197,-27.96011229898338,1.5656147651716026,-6.323087580366924,1.128047511879271,-23.73702715945702,2.1983659027818163,-28.30637620730412,1.241705286266484,21.72884367082049,2.070517053048029,65.72507933803323,2.2509598756900004,48.896317201902185,1.5871682422435145,54.33026291426294,7.666405956613744,-57.99837749414006,359.99992416236387,50.4986851581504,1.6695018439463496,-83.34668348493062,12.733831140853823,0.0019172868735919,0.0232722239620761,26.463421191650156,1.574450786348855,-104.56696680830976,9.288105621305334,-37.904670231315194,1.4644971594731402,-12.915754863097067,0.717703402192317,4.13544626092061,0.7534231643425859,-4.148298172742745,0.6884402688755533,14.541300118266763,0.7097831049565766,-2.116712896734475,0.5276375367439599,-13.560876117297251,1.73844354496112,39.487722741760976,2.139528753960981,4.520341020327045,1.1776336002856045,-8.760294207677246,6.718749822636251,74.2573760823955,1.7948720114626582,22.522735930691827,6.551733279939171,-41.26402843057903,5.503326344389784,-66.7837924020673,1.6454365360993108,-30.48701178089345,5.706636918420614,-5.855180505785121,4.016733194938254,-56.6293018243496,1.2365438515970195,-11.832350401978545,4.118137337048518,-13.621429619943331,1.544671387127318,36.694405104701104,1.2340951777111044,8.434776949690525,1.455019645226125,-2.9590394592113483,2.5457420310316943,-34.20765113421924,1.6814782672265594,-7.740802694399688,1.5306677759151972,5.198720481613935,12.895402198267956,82.47154373611437,1.972689094300492,18.92524254567526,13.394116336250107,22.339702807297233,0.9748741886007934,-26.66928651035914,1.436198620018569,-21.882066856307155,3.1080494672931387,8.56221870080613e-05,0.0103564826643962,13.097823723431114,1.2035584894824929,157.38142923158924,7.476357845185675,21.332806872571023,359.99999789723176,51.751326612398834,1.175072360779815,77.24663009907377,14.43862045936966,-12.858169071734372,1.158090348957872,-10.503389825862074,1.4273804612983485,2.4001253921068857,1.1703837179854015,14.388432404842897,1.4943558733864857,12.478616070502463,0.7395013504956545,0.4205089694907258,1.0712131915246843,20.50378504762178,23.935200000000012,61.50993333333332,1472.2525563200004,0.3835532777777777,0.5606780185185184,l_hand,5.7234587582308825,3.966666666666667,3.8722222222222222,4.111111111111111,0.4365448375779199,5.407722888227733,14.506181818181826,37.27874747474747,4.455706600234763
ID007,KOK,3,True,180.0,1620,8.994444444444444,F,20,165.0,72.5,17.9,15,1 Dan,Goju-Ryu,Kata,International,3,4,Right,Right,Left,0.4474414126000252,0.472637967926275,0.7360715530557241,0.4124196511665901,0.5025324637883022,0.4941955848654866,0.1066718770021429,0.1483805646042162,2.077294064000494,0.4499971535203345,0.4780649800723107,0.7318720895970839,0.8242426098477917,0.3785012207542793,0.513869149055779,0.2753352113651288,0.0931151746100146,3.586497407911275,3.6377771870303217,1.904980666976564,41.510309792305435,1.0947640707838673,-1.5940632229076026,1.4698327928477783,10.33394930048455,2.4302353100267737,67.57562309973731,0.9309701610251436,22.57245630285703,3.263270120115603,-40.84379789463343,3.3713426907125026,-63.5682347271804,1.7586187466136352,-34.573814053371464,4.0251341922789265,-13.43390575773616,3.4295526529559837,-56.897083341955295,1.1463595711141608,-24.54127214911187,3.3296104561582105,-4.282981565581354,2.228887363499903,32.90751906811293,1.2080128429225423,9.11159302030044,1.3133940573809877,0.7735590618409048,1.835825588183073,-25.161334734759603,1.0212761288396486,-4.80134480169462,1.6875500184146408,-22.449662528577345,2.0035386368628636,-28.339627969761867,2.1795382169411788,22.527833160401453,2.182121566048224,61.93829354028475,1.566646224638497,49.69715552137206,1.1501200416897674,52.338584730426525,3.0599309371953183,-37.999290016446395,359.9999967733299,52.825292988730475,1.265676136704997,-80.72693221739391,8.820001518439838,0.0004188827492865,0.0207513713267223,27.452516870640917,1.978538138550636,-108.58803576841116,7.444523020240339,-35.062444951353555,1.170786805042809,-11.511065705727871,0.8311484903768118,4.733489284160669,0.5637669031340957,-4.818277363693478,0.8226384013437986,14.705860972644786,0.8789954078052169,-2.3003048699594553,0.6306661250073744,-12.469501302713404,2.6584741176895825,36.1967533380638,1.9201894861105515,3.505588256580085,1.418722794441735,-14.114231347052268,6.020862898385667,72.21356754317681,1.2308822090452338,26.67426074415474,5.497399852407984,-34.97265376800395,5.8124997984552,-65.09483195538667,1.841875487677413,-24.250501473428734,6.267646148724591,-1.9380666390183128,3.719152630600692,-57.92068026326,1.1621214164954026,-8.600346721291329,3.4590874388501627,-14.636725530549334,2.675897781254834,36.51229254529935,1.2555041602830457,9.948149531380702,1.8605400201102924,-3.2215306184167085,2.878847813019945,-33.717034511126,1.3520745947693626,-7.52464393195811,1.4639500945702038,0.2878873514832322,11.490646171968098,80.53444941072944,1.3041720050009502,13.99386443097418,14.101580008843946,22.799473059898897,1.6313781613493,-27.49081982709082,1.9361844339795695,-23.04961879367535,3.7824891003345726,-0.0001970226753389,0.0143132890314234,13.818501552169517,1.3823201411339117,156.2964763001341,9.48236728026859,33.99912762502835,359.9999992019785,51.80349625867382,1.1976420324719044,80.00854648907477,20.011505478491372,-11.599297421080037,1.2708377925643592,-10.043401545869312,0.8582782985014514,2.1807013635361656,1.1841407724217594,13.550069369818727,1.436290727621932,12.658987978747312,1.0711074355329302,0.4309275188549523,0.9183270279403122,20.008673725452606,25.63903611111112,61.11989166666667,1567.0551095488663,0.3912494074074074,0.5961921944444444,l_hand,5.755434798923702,3.6277777777777778,3.5277777777777777,3.772222222222222,0.44610397154892373,5.755941632870033,15.538809764309772,37.04235858585859,4.480599914152589
ID007,KOK,4,True,180.0,1620,8.994444444444444,F,20,165.0,72.5,17.9,15,1 Dan,Goju-Ryu,Kata,International,3,4,Right,Right,Left,0.4293695162315166,0.4058953055348666,0.7203693881592015,0.8693530840376662,0.6414084844439671,0.3379924302701287,0.2684481195538518,0.2065518261826561,2.349649907558708,0.4239004418613835,0.4166233416319444,0.7196344500822899,0.3918970963223689,0.8807877698750965,0.209252407355398,0.1103731945503233,0.2445564148704523,3.3203344046562644,2.9483789252217485,2.140198266250601,46.10157223022881,1.4202450704079297,-0.4704560235623465,2.236485349633237,8.146064118357364,4.263599698765175,70.6780679038697,1.260524651191005,24.95743686470786,3.945238930432709,-47.29448956422699,5.157370469898304,-66.75565048150716,1.3202561821670995,-41.74045690877446,5.043620591694236,-17.787185222902693,3.216392033954948,-57.12136743811767,1.3555067901301143,-27.653733979209797,3.229081354258632,-3.3233238878758673,1.7180745421123258,33.92363826642476,1.0208897753174924,7.6946254701923875,1.5219606914426749,1.9607287773462552,1.9269334843594488,-25.83124202503464,1.0989336582186162,-5.351519763799341,1.0918231428168852,-22.07470811633965,2.7333554195900263,-29.86443971531201,1.4605816918000123,22.45248793519758,2.1252748350619015,66.04963590872494,1.885233723356066,51.52738658502845,1.2918574713220607,55.47181904176696,3.759429298354029,-24.99920247801892,359.9999622724314,51.65005818925753,1.0042653510056423,-81.13837350151819,11.04149958618042,4.569601503367738e-05,0.0137990562499245,24.512573527747985,1.537121981441821,-104.560379737039,6.902982165964659,-35.036803053656264,1.357113073660031,-12.619179695769528,0.7895435497741463,5.14772782014877,0.5619413174107928,-4.372737407118679,0.9709430682404504,15.027459559213405,0.911794634761149,-2.4977670295625884,0.5969751650020392,-12.372633830772848,1.6978245849382123,40.07030682724726,1.737870752361168,4.679449137739165,1.521677814404467,-9.494873054858669,7.2765774179372045,75.27573398917454,1.6134823149132558,24.29341951445296,7.13555825117604,-41.01269483418505,4.040729023579253,-66.98285134516915,1.3356457757758875,-30.44433331693474,4.565957773931938,-7.717863435258404,4.39750126803177,-57.550543928787306,1.5864998697833883,-14.31532302611253,3.873874887761884,-13.97041251727283,1.625851296033181,37.13299959023088,1.032124267758519,8.935634680534175,1.7323976006866566,-3.2965385711613324,2.184611469648336,-32.23346697530189,1.7838828805246756,-6.37272483439527,1.6497128932772638,-3.4073149297190466,13.12000199190312,81.88002466098443,1.7250629775908806,11.851293478146138,15.075828579838133,21.87107959689487,1.6427707367703055,-25.94966466903311,1.940726565242528,-22.370742703771295,3.243959033287343,0.0001470809171817,0.0144502824266273,13.402024070115596,1.4063310783333964,157.57943457679505,9.28525409075317,16.66595641190813,359.99999908109544,51.94208998914981,1.3929751908984969,76.79956936901866,18.666549549125193,-11.045842495458372,1.578476350221537,-11.325914625671404,1.469853579278638,2.3175212539500474,0.7075879659110591,13.29466550198169,1.1840417762330393,13.36595428856109,0.7866056079397072,0.0752508283798851,0.8638630719886742,20.368805288102212,25.7142,60.965305555555545,1567.6740601166664,0.3664896759259259,0.5406516805555556,l_hand,5.693591895105723,3.5722222222222224,3.466666666666667,3.727777777777778,0.4365875079752736,5.758215096847259,15.584363636363637,36.94867003367003,4.43245527882641
ID007,KOK,5,True,180.0,1620,8.994444444444444,F,20,165.0,72.5,17.9,15,1 Dan,Goju-Ryu,Kata,International,3,4,Right,Right,Left,0.4570786915744362,0.3964272211533365,0.7261175591213674,0.295898702952474,0.5367572368633278,0.5396767535647551,0.0676593640495722,0.1383817262305793,2.32419253399177,0.448567938114976,0.4066698587740256,0.7270307044245611,0.7740185160502289,0.8882875205528828,0.2864109318447272,0.2107937528903026,0.2533452909126832,3.5706451243451056,4.897269755641252,1.8624952765790637,43.54484479902302,1.0118631532276794,-3.4163741902292712,1.1492924657323529,10.03359959376773,3.3666271560147987,69.70121478283787,0.8743783096334852,22.756267902706167,2.89658063126204,-45.64619368005033,6.402442649085074,-65.26292483196927,1.6178138493807095,-39.38263335268818,6.621742077242708,-18.155804784449405,3.039774388617193,-58.02514302801138,1.2180794175756375,-27.660541987547287,2.700302030651038,-6.109643473021256,2.239417138531274,34.23384541115603,1.2222258297061543,10.245763984951774,1.5488725428852277,0.093975269247174,1.983864341665056,-24.215034082055727,1.0927197385829075,-6.787812007118792,1.2961165549076563,-21.363580031322456,2.2075792652926296,-26.38944285836541,2.217920283697243,22.35089854572419,2.563868737152127,64.32498529008886,2.486700654383924,49.08279536367373,1.920323930007868,54.68198033392691,5.395691078303585,-65.9983407691819,359.9999869615766,54.01793480055054,1.2670997717058017,-81.07600612163478,14.013378533590496,0.0014442456216102,0.0237196361493542,26.388067851229035,1.7329103485266586,-104.88481413901302,8.35899817215487,-35.7217732466138,1.175608120071999,-12.621781967344653,0.7883781472522404,5.252977575352607,0.790172111469273,-5.243955450670848,0.8310940964481572,14.922960895625447,1.166528291734192,-2.652803093050617,0.7177533420932884,-10.668750962696375,2.4890999169269428,38.48122766360395,1.4367476963852468,2.82218310592371,1.4931487044650558,-9.502270026299117,7.750654948559548,74.94230527722475,1.350059273988009,26.018272685654416,6.185656589760544,-37.00004110576256,5.124118241202915,-65.25069693499182,1.088154844236911,-27.101549158680317,4.9966030211192844,-8.195128323306594,4.158605922694264,-58.84065103058633,1.3701962690537712,-14.521071758876666,3.45311343775926,-15.19796661817163,2.073121772020343,36.31248688188412,1.1557437264758832,10.12794303000222,1.9598518458252965,-5.294013823753449,2.4611350873401205,-32.12651454247144,1.4838793292767996,-8.307801550926701,1.5163428753536436,13.80279481008064,13.887317003603789,80.40839587029411,1.842725641721799,30.729231264858843,15.014471965446106,24.12943196374067,1.3266395847368209,-25.012135359387912,2.420671829397911,-23.94798143479128,6.868191007799634,0.0002845727118519,0.0119539846025816,13.81581220409644,1.469000468825847,151.13515241254882,9.322877841757446,37.32961024353546,359.9999986198568,51.783540203639184,2.410914652088671,66.68123553672562,22.655111834187053,-14.990616983630249,1.675987258568556,-12.116361561783044,1.343587788568895,1.9790164227365556,0.7712248701521864,12.941925756501098,1.4536888553978962,13.592086479301418,1.064016336151182,0.138939165890312,1.1909618880614568,19.75788810635647,26.050672222222225,62.29353055555558,1622.788346067763,0.3984784166666666,0.5121501620370371,l_hand,5.754419850134,3.772222222222222,3.672222222222222,3.9166666666666665,0.4400712479523439,5.960655081975254,15.788286195286197,37.7536548821549,4.479809777591428
ID007,KIB,1,True,180.0,1620,8.994444444444444,F,20,165.0,72.5,17.9,15,1 Dan,Goju-Ryu,Kata,International,3,4,Right,Right,Left,0.3830500177253472,0.607216946892223,0.6046987133298959,0.4364374707417684,0.4917312451887312,0.2898584712698993,0.1216818006199469,0.1337862867238851,3.5522811300078545,0.3876037635735986,0.6173883674663847,0.6046903410930087,0.329556420117838,0.9877968610567612,0.2777751891579694,0.0878769118138189,0.2424487532977674,3.5352035264805495,-33.14933532242055,21.959514825920294,83.46300910258066,1.4833584410964846,-23.582660353922844,21.135606567476607,29.056578885874096,4.734513265840139,71.02265283200805,2.1294161405490115,57.9549920056585,5.481432027964246,84.53854514727442,3.262745615075275,-60.060622713854215,0.2557692323430771,90.80199413511023,2.378524280682442,-74.6189423825437,2.974008262811026,-60.10217965012368,0.3217703040753221,-90.7303190446927,2.4478202988492797,-1.8688922156057437,1.5928530407625865,12.542706965513508,2.6100229281761465,2.721327468147386,2.1012419016933563,-0.8635822711524854,16.050119416622813,15.480135495944136,2.0039924502881235,-4.011864052429712,1.4075218576726245,-23.982342192898756,2.4797195408416393,-28.235135997720104,1.1715737434422415,20.704432144699297,2.5687344017277773,62.65090701555752,3.553806133823876,63.84834959899482,1.4772479763250814,42.02880285703148,4.2234701161825186,-28.99906383763269,359.9999609112021,51.909202403993405,1.617759548316144,-77.77513540119477,14.62520164654454,-9.496973863683886e-05,0.0055668193962505,19.054691926528637,1.253968810320515,-111.36851491769414,5.929180716226213,-106.4054443399118,1.248811172456925,-12.352807970382148,0.8010943624401605,-1.3332893463855249,0.8041091784167662,-11.64154985729208,1.3920589883692287,14.598464905983782,1.1794098656526175,4.069933844567895,1.0256086214394382,-24.508073575800577,10.850497890116078,65.24474582721061,6.216643352852948,-61.586389610710064,9.605420302958828,27.019563066671704,12.130166437850662,81.73796954438367,2.396332308082833,32.4504053784581,13.012256141184595,68.53256737475326,7.34045938492703,-59.93105309839034,0.3650616544795113,89.6488310525244,1.8383613993095196,-84.09018732516532,3.1510104465165796,-60.10918555817906,0.8183289696151803,-89.42918316034508,2.5680098182422313,3.9809369334146423,2.847334507218328,15.425713060357475,1.979110183816516,1.0819372485426604,2.65199677247234,-0.2051066476752357,1.798445828881739,14.645611330092011,1.9543265744932352,-4.697501083798723,1.5956017785240326,-66.84048637120674,4.01928276037259,70.98803417680406,1.3677306662056026,-61.57933709561561,6.118534892878621,21.342990047063378,1.6258073684011976,-29.123297578978494,2.3220857223113143,-24.604403836527005,2.469832085874881,-0.0006715610759444,0.0140835891619026,14.734483407546415,1.110552148008857,161.56812997022735,10.095950825750831,8.666266142290846,359.9999990562452,51.47187877643758,1.8147155777907216,55.616909671458586,11.262213724907385,-77.99297627598678,1.596273595308176,-11.384812107558671,2.5314395836796564,0.8513408421994503,1.5105086254446345,13.896221761891358,1.3592076895518783,12.709522938686929,1.7803583908361578,-0.9160065274018944,1.1049909050309763,8.53846177361727,100.8046472222222,11.392088888888884,1148.3755015686415,0.3767895138888888,0.6201037037037037,l_hand,5.287890346903723,3.727777777777778,3.6277777777777778,3.8666666666666663,0.3664840686847854,4.218091833126324,61.09372558922558,6.904296296296293,4.1166170519064575
ID007,KIB,2,True,180.0,1620,8.994444444444444,F,20,165.0,72.5,17.9,15,1 Dan,Goju-Ryu,Kata,International,3,4,Right,Right,Left,0.3745136346404449,0.5950584915135609,0.611270845002326,0.1986254820347643,0.4505516516047581,0.3251999417833828,0.0427260036388893,0.1354441630270535,2.5279976813414256,0.369737798302739,0.606740259088807,0.6098664320716372,0.4381100681955963,0.3543084620394432,0.3963788560742975,0.1153283249399213,0.0662753689646893,3.643942673364715,-16.921194125229125,13.154748305364876,79.6631002035811,2.096958629741948,-42.241279440973514,13.084348088028,28.503164400998276,3.5018312676390657,71.06283072826058,1.4441121533041326,55.33800030233213,4.070169862224226,79.00552355228402,3.2422652475707565,-59.876286654586885,0.2436561888146329,88.64480535508179,2.1533328669816427,-70.90636464741034,2.6073465420198403,-59.48207136258535,0.3521175462567143,-86.80314809958796,1.876238838561804,0.2023131895124963,1.8025101592407475,13.558733016073353,1.3100158778778646,3.0546807731406096,1.5633285488516506,-4.423022065620525,5.495388482340482,15.513039709074915,1.1489154417482723,-5.106803302466521,1.8799635053481305,-25.49582409540429,3.1723665301564736,-27.44105301681192,1.1531758243723331,23.542549306013044,4.050667357407129,57.7503749929292,5.072403983904685,67.24161112147837,1.2781597840484835,37.659440113295545,4.657669738344893,-35.99805368069369,359.99996542260686,52.31016888002179,1.8868013905500904,-82.97071540504709,23.019264895494015,-5.623251620090616e-06,0.0085184619024064,20.652902714259287,1.22260746920184,-115.26203260060733,6.221982226977943,-102.62183030383184,0.8737124628605955,-13.020359567502949,0.8247033506004264,-1.0940667117085454,1.1303940314401766,-10.199635354013669,0.9750941706342092,14.244860781535005,1.3310948870077013,2.7505602139186527,0.9234439123480233,-22.652931740475964,15.148786734394758,65.24794071084024,9.357687774715252,-60.18814604004891,14.738495107768236,24.632982379552057,10.483190534763317,80.48065401552049,1.89216382063195,35.411789568946865,10.034346379052554,66.5606585393137,11.886588706609963,-59.4576858975772,0.6118658878950782,87.38522999414252,1.9198284806155217,-80.67057663908247,4.318748420101514,-59.79417128700961,0.3318000005915209,-86.8437888335072,3.3064673849432324,4.814208533514497,3.631179641533408,15.829798624559128,1.2100242126824536,2.620344499922147,2.6086246275829352,-0.8630086649072857,1.513376899859154,14.999071589991102,2.9342988686743983,-5.6272662634081945,1.516135617529172,-62.74002426254666,5.26850626381286,71.30144508321827,1.2491419462499636,-57.16387682616648,5.547458276159567,22.4540477336864,1.5784648812637982,-29.515351491609948,1.3188536005522842,-25.821719389172127,1.6877199405368373,-0.0002127512977747,0.010625697407301,15.430551429347371,0.9237798416407728,160.22063577696,10.317515114538736,50.665830994227235,359.99999982313966,53.410436560755066,1.5674895572429008,66.55494391814011,11.891326652012651,-79.38600872465237,1.4295749819865191,-11.56991219921397,1.6288003568973703,0.7098080907697655,1.353321507209334,12.328185757564333,1.150241930152415,12.40657577350184,1.9708712908074928,-0.2746971915433314,1.1879755210663496,8.914021916227984,100.85429722222224,10.79095277777778,1088.3139587609646,0.3617766157407407,0.6092348287037038,r_hand,5.118159198493877,3.977777777777778,3.816666666666667,4.111111111111111,0.3704671787892885,3.997480105641743,61.12381649831651,6.539971380471382,3.9844815320780698
ID007,KIB,3,True,180.0,1620,8.994444444444444,F,20,165.0,72.5,17.9,15,1 Dan,Goju-Ryu,Kata,International,3,4,Right,Right,Left,0.4006577509975741,0.5862425309151145,0.6122869266898155,0.2489583815813323,0.2217066196412209,0.4293381498493565,0.0575875133352307,0.0443898782850933,1.9811249961066275,0.3998411150364973,0.5984382661411307,0.6123406494264332,0.3085596967371651,0.3018260582902499,0.2731532296540884,0.0731826450739382,0.0868144931798259,3.5396096770900067,-11.40615833985663,12.945812963232626,80.6136293604071,2.2477780437486103,-46.58297032095868,13.07270609290817,23.57546535026865,3.508213860189297,69.6377941692345,1.314833580718144,57.0951020766996,4.1566320748049534,77.45095233934917,3.3554319152022742,-60.168729372737296,1.5320263441952662,84.87726447916323,2.510733758634956,-68.77659794608911,2.2219119351845507,-58.970969255582915,0.3310516283366524,-84.0060097776406,1.5849656835408013,-4.665102845911083,1.9329770783650015,12.807850302136808,2.7159245204264,3.6854417329600695,2.3077534798020873,-2.4878216453605897,1.478785093173935,14.111072140021683,0.9923610528887572,-4.239314499516767,1.656502314641375,-26.094833802351136,1.9867173932936169,-27.478097688439902,1.9400975829852491,24.780956566447585,4.032662552078129,57.480041325195664,3.0393187823496604,68.70594288565093,1.1655410167899305,36.909982669170006,5.483602034329152,-70.99571926116215,359.99997867612217,50.94452208108528,1.6373376630741276,-85.0227894537796,29.342925729635397,-4.179945918169238e-05,0.0057097602146574,22.31618743680732,1.4300627106189443,-111.0404622643779,5.161431752584846,-101.99467790996164,0.830189274677295,-12.690610866866544,1.1670755480920023,-0.4312118722170027,0.8487701663903819,-9.1498494526227,0.7609035203446091,13.163800974348758,2.1409186887037723,2.203968019942532,1.181006662216059,-21.63009565980637,12.055258577699412,64.81878567848752,8.315787684635637,-59.93531173005201,13.664806296963016,10.80431042507121,9.675448758259405,77.84281592124005,1.593506687397678,47.568741921659154,10.613241787777769,66.40562930555684,8.211774788074955,-58.68382917876604,0.6733299168556641,83.1742528143707,1.9965592629494893,-77.4883138122279,2.550366481054482,-59.62505253946282,1.061291482258525,-83.63891987375263,2.675471081921131,0.1189715215820794,6.618207420785651,15.268192230908584,1.5068913509718715,4.006007785329405,2.6839916663614636,0.6952981634112998,2.9860672327831006,14.116987206842763,1.9098506436339664,-5.648168401891621,1.4917876495638849,-70.09634844677974,5.335714172014804,71.40554119813069,2.912109043570439,-63.8333764918798,7.055478160484014,23.156386488113515,1.8998494737864464,-29.474887530533227,1.4688176288616752,-25.72943165904951,2.2782915703908166,-8.592781355914051e-05,0.0262682338240365,15.803191976835055,1.4389062785061348,163.41523170354026,13.4935561723359,32.66602179180669,359.9999917049521,50.42256964889168,2.0809535443945535,57.14123701786411,10.80511853825606,-78.91337133197104,2.5386228395442174,-10.612802387364102,1.2519957120762708,0.5021077983734713,1.294888190310415,13.45245248305824,1.295982117777596,11.880751557626226,1.1591934886000352,-0.1189788349288218,1.3017607506400262,9.223242626065668,104.04357222222222,10.759711111111114,1119.4787800791362,0.3932801805555555,0.5978580601851853,l_hand,5.085632038899,3.5722222222222224,3.4722222222222223,3.7111111111111112,0.3710829858726155,4.111951441980298,63.056710437710436,6.521037037037039,3.959159172676885
ID007,KIB,4,True,180.0,1620,8.994444444444444,F,20,165.0,72.5,17.9,15,1 Dan,Goju-Ryu,Kata,International,3,4,Right,Right,Left,0.3714855157779737,0.5924389043786524,0.613681120078858,0.1973928146906445,0.218321318557596,0.201161358898283,0.0457641834948522,0.0620546322229603,1.9420855995471067,0.3764584575911451,0.6026856819613535,0.6143478675530148,0.202368785643503,0.6144095117570192,0.2972645211877456,0.0517257349174282,0.1667635036577257,3.189547214531868,-5.7724859383379075,9.333502101154597,78.51178551773619,2.3600815062428495,-51.17209405592769,8.800686250443789,28.31069268167977,3.448466635043925,71.23764860793233,1.8053759221348855,53.759792559434494,3.970964328256215,76.14987833116213,2.9248300959475557,-61.20738052260973,2.452422372336315,87.22167900833331,1.175421159753398,-72.42573590230849,2.4582547113571422,-59.42125071263983,0.2224351847923102,-85.96064950167089,1.1285462101879773,-4.208707886930541,2.704967062684981,11.763168002365308,1.8652175347414968,2.190436899612245,1.7408632698333792,0.3695337034017538,1.292685502240563,14.212464159062002,0.9435567430021212,-4.379102157999807,1.6029112114753885,-25.547078079456664,2.247346343867754,-27.286694496504833,1.8674573808595485,23.96428018557822,4.24161263151419,61.38295210528233,2.90050976508158,66.86126533390993,1.61116508309739,39.44500309007497,3.152495862731861,-42.998386376443854,359.99982909083394,53.42052425217274,1.9052767007228653,-78.29836199629128,20.062573062981144,-0.0002929286173478,0.0080367617878008,19.218636628776977,1.1252465580574658,-113.65909573871672,6.53613614270553,-103.30172340642808,1.1102356482574294,-12.109128927102883,1.353414056963791,-0.9068032201995369,0.855291141596135,-10.882519028834627,1.1076442348324864,12.947348842597858,1.5120436445855177,2.5900147964370133,0.8454464655435556,-22.367679559304303,9.89876410578183,67.79182511632109,6.026772891416385,-58.912991837963254,10.001778740514652,27.070267944183104,10.939785847102607,79.6372297754334,2.198312977844523,32.36755186099628,10.851645071030784,66.04642881464005,7.440840188656686,-59.18422106192365,0.4679558465193594,86.07125780635798,1.392304596352446,-80.45306911302556,2.6436025529546754,-60.60238013980276,1.9467505607969928,-85.02017644629976,1.8139044922668008,0.3394596865767731,2.0168907473401605,12.89936953521826,1.138189697396072,0.666326585195219,2.5115904013055808,3.0298918233309244,2.7263087646513435,14.964227082914098,1.3688063833293338,-4.940749585439119,1.8940056298030528,-63.17093979321834,3.846312569034048,73.0218619460425,2.167828789323906,-55.47197736513733,5.762637341015036,22.797749548057407,1.6370331632775574,-28.741845508800033,2.6026984680791507,-26.310271620074897,3.934333052091766,-0.000527803232283,0.014476162329367,15.089637367172696,1.060163697368564,159.00630487047815,10.443067356975746,57.331835334015494,359.9999997601983,51.7759668717672,1.6195855524300526,73.21460506131649,27.751743193008497,-81.40055311607911,1.3939550412541166,-12.157648947219666,1.73272553739959,0.8961563380155502,1.3720802135154162,12.082200467520725,1.2438769553486804,12.328055609779168,1.299414886406792,0.1625530916288119,1.210948627092746,9.69186985581979,101.84000277777778,10.816550000000005,1101.5574820459726,0.3647827685185185,0.6061701481481482,l_hand,5.145810452940196,3.827777777777778,3.7222222222222223,3.9611111111111112,0.3719279515629443,4.046124819268954,61.721213804713805,6.555484848484851,4.006008004469271
ID007,KIB,5,True,180.0,1620,8.994444444444444,F,20,165.0,72.5,17.9,15,1 Dan,Goju-Ryu,Kata,International,3,4,Right,Right,Left,0.3699078379586245,0.5928620524826315,0.6087672281567932,0.2119572282092918,0.627676243104347,0.848846160331096,0.0529165114166425,0.1774025821507897,2.4506236436724373,0.3741986383213744,0.6007508609164907,0.610385807990907,0.2170404229902334,0.289221140506618,0.3765214307425268,0.0557114888806374,0.0885275832398222,3.789729983985659,7.709677213364163,7.357443418827517,74.09884360693988,1.93914666766274,-65.84501284680458,6.510703238397532,22.264531572154254,5.0179738113555,68.7429184341717,3.2616333713690153,62.12388921171408,6.5654617361064,66.62956122027448,4.041922579289491,-58.21511762861502,2.005675876988846,78.18232792563154,3.382517311366115,-64.23585995476782,5.00207128295316,-57.9251206157472,1.0633294491513112,-79.83539818961951,3.6710584818216176,-4.33906698348139,1.6002235174511656,7.807957298336541,1.1544342561102017,6.887897623111925,1.7391432810634564,-2.303496630369419,4.287007144264334,10.674984195305443,1.0126072162093536,-6.483386001402188,2.2603592536765555,-24.618656123072988,1.9629778746082032,-25.75641028823841,2.1619180781056393,23.27157523765876,3.331304958523287,60.10080701236015,3.0213615955921114,67.53256327826442,1.456253042697199,37.45178105170961,4.96896277196263,-4.998950181137595,359.99995093444716,52.79528797610897,0.997842072186458,-76.6594172185544,18.5750530226984,-4.034933939068614e-05,0.0055661444052215,19.363423086904977,1.4519306049764469,-110.81224196999491,5.122100290985017,-103.51757328130653,1.1809231391317496,-10.66571371116942,1.6293660664192195,-0.665860264462831,1.3083729422858827,-10.694732331613118,0.8751158346074721,11.270052689257396,2.2406362063722085,2.313560130796266,1.0763067182938162,-17.905482157587944,5.269302370975799,63.37252222828966,5.840869764328019,-65.38679789659942,5.093925656217799,14.069013475575924,9.098601969221942,78.6006300328614,2.315534712907592,47.60085685080312,9.295727056062496,56.67001777405997,5.426405815848064,-56.39677225566588,0.8842600062634887,77.12848422893838,2.2027053602225095,-72.04719938698393,2.520584907703565,-58.66520493052749,0.6102647436592932,-78.12669139238655,1.9699506432974945,0.2456092684891613,3.664593985649733,10.023787511360378,1.174781231131611,5.473619518461018,2.663835444467175,0.6241624880982214,1.786038643079089,10.56269628510737,1.4935183307541138,-6.978411538536672,1.910152736167708,-62.884857096963415,4.989984789162719,71.30715642838294,1.338791050460216,-54.52869145200353,6.43059578350077,22.41005747024581,2.37196779572826,-28.3281195062741,2.714261915900543,-25.103958230958444,1.8197264480641735,-0.0007701747441671,0.0242799311378373,14.985728219878458,1.2729345026992451,158.9633504577632,12.269121787788947,38.6653874654964,359.99998486348136,51.30930443856032,1.9504484739115,75.73638944355366,15.22739276278314,-81.11850464661859,1.5453398738547577,-10.797863680886977,1.379732133082907,0.719909848386739,0.9495462857266724,11.848283779785366,0.9255604919202708,11.66246010779219,1.608742299066643,0.5353432582602625,1.1032629070109752,8.914189373288872,109.28756944444442,12.304491666666657,1344.7279874994197,0.3648879907407407,0.6009162731481481,l_hand,5.292369724964399,3.672222222222222,3.566666666666667,3.8055555555555554,0.36894983524654135,4.939313085397318,66.23489057239055,7.45726767676767,4.120104242997194
ID008,ZEN,1,True,180.0,1620,8.994444444444444,F,19,155.0,52.9,22.0,15,1 Dan,Goju-Ryu,Kata,International,6,12,Right,Right,Left,0.4016935453685749,0.6812226742248366,0.6650002342889153,0.509496529704806,0.3181291224803595,0.1531513569548392,0.1230550045354407,0.0650985684961493,2.636597977399916,0.3951775957148484,0.7034970579931257,0.6479075632913527,0.5503054589438228,0.495559489080255,0.2480206154276243,0.1397930523328865,0.119610014747772,3.7135149790186626,-5.956489922568192,1.383358874577664,-10.363672765142503,1.0872276117002535,-16.42271600142778,0.9453896899715488,3.033929701190126,2.827941788347456,60.57841164105857,1.086628783094504,26.183921985407633,2.6720144354315813,-11.907294339402156,2.6203973893412105,-13.152046712943608,1.4336707786522993,-5.363278362941823,1.3895179240070208,-5.753653845756222,3.709403037946272,-59.06767804212848,0.8268647509351652,-14.563771184530268,3.1216669699138553,-1.0910129773953925,2.7656195610763747,27.10449034528582,1.6242858591998228,21.504295531954124,2.0867558952176317,3.462955384597312,2.2744955774200077,6.984231723745319,1.0671941652906751,-5.577594279178901,1.4800707981725587,-17.88434131570937,1.759011702106868,-22.471419379065303,2.8422199918610644,26.801563510261307,4.667016524915923,39.51593992309083,2.4835239563613456,57.86933385215064,1.3318543946690935,12.609138304606642,2.5918923080582648,31.994055285453513,359.99990696110103,65.80680924187976,1.768270864353127,-72.60685246876224,31.81382959704166,0.0003433133643197,0.0180153850786732,36.59407462665854,1.4589145489525563,-93.13715259684427,7.520934423806082,-21.666118972666204,0.8889680081032658,-12.048107833417069,0.907688643236563,-3.366453692960554,0.8343867818817539,-0.625588377580049,0.7767118072044823,17.2125234332377,0.9234493213943686,2.2709964555731115,0.9647622470681884,-12.036179473248156,2.3648917892211827,-16.923127792421035,1.8900851915925203,-11.690048299985463,1.4709897864267738,-7.668587144820229,4.645227968712616,67.76725066891387,1.5404384558727455,15.365564237406447,4.737861683186662,-16.79453245153326,3.9747348538248186,-13.881271322276508,1.687670140265903,-6.2259835179958145,1.7013903070819287,-0.0205881003814477,7.735297579099885,-64.40180082635044,1.4659967844276736,-6.470234049011855,7.694034414562957,-17.30503188121626,5.253035008577456,25.85998843922288,3.354625868500417,20.47051567336117,4.702938886460284,-1.2648397364636037,4.1737855936622505,7.520103040707949,1.419085156489495,-4.509658090142425,2.1628289242024343,-37.51886495911731,4.319775878561664,69.93395785873179,2.460639628057095,-10.695794416462348,10.937462123075932,19.13631088220387,2.5972003928937077,-30.32918906527501,3.017206925386784,-24.409306907067226,3.4738260916986263,-0.0023785891862242,0.0585941451906511,10.816580421828675,4.6823119798837,144.02538483338068,14.1353578535512,33.992381978312906,359.9999997997706,76.59925096591859,2.8085501697829898,83.77373934917186,14.350576496156748,2.0393156466152975,0.9849769482991616,-14.140008978266112,1.4269069344426075,2.723741436957412,1.0507386962686005,18.672921387438684,1.6178142361000631,17.3494238777473,1.463358303380371,-6.571739368424611,1.7119884464776325,7.996464933898481,45.25069444444444,81.60380833333333,3692.628996394676,0.4083563518518519,0.6091890833333334,r_hand,5.392799323446911,3.855555555555555,3.716666666666667,3.966666666666667,0.42903240921865504,15.369943793526227,29.193996415770606,52.6476182795699,4.3316006534848785
ID008,ZEN,2,True,180.0,1620,8.994444444444444,F,19,155.0,52.9,22.0,15,1 Dan,Goju-Ryu,Kata,International,6,12,Right,Right,Left,0.3605007891383181,0.6767778331629363,0.6683051367696751,0.505010135669659,0.2469730270505232,0.159780675461163,0.1332006936809108,0.0565662885040048,2.3204430768271314,0.3536929266615652,0.6905444497894166,0.6527713269925564,0.5797213860353645,0.5244524246018734,0.3788297122973127,0.1425567028838406,0.1406102463876715,3.382746414258728,-4.767814547348844,1.3858485488012766,-9.04327640042852,1.6819007215828377,-17.669301262716893,0.798509938159917,5.931018548688639,2.581233175784297,59.642309792240674,0.9341004072764107,25.34670558461421,2.310356129216665,-11.46036410267678,2.6888207583834127,-12.130065176633154,0.8448730355845591,-5.425196997494269,0.9364097980551548,-6.326002600630554,4.439097722315679,-58.40469608843552,1.1800376596672135,-15.258757372177715,3.665657222027813,2.37849717772238,2.74953001338788,26.41390080626637,1.43202978932311,21.990500132542564,1.744794565511313,4.292969933044839,2.35678793844174,7.238853298679072,0.8572087455508592,-5.587337602099736,1.2799332474811465,-16.974832662099022,1.9150180473273437,-18.856673745375137,3.872839267327013,30.66905910268938,4.158766711492355,42.14548329431302,2.766085649542134,52.81020333187715,2.378609647912576,20.180864696087827,3.1066138833734627,8.99808939916398,359.99987139268137,72.65410221875844,1.6016233927690706,-80.88041667825823,30.01422232264278,0.0006430108883113,0.0362431509803473,40.77034566527297,2.090979461663693,-93.98685331061604,5.608158476529482,-23.446243454064284,1.1840710873202092,-11.75402359435328,0.9070098142886368,-3.682318494329984,0.7595959777460233,-5.177093833912106,0.986912240812436,16.70217623927215,0.9252232241260891,3.335864324574924,0.9533939938904852,-11.8092923236494,1.3538709538392713,-16.38284572727186,1.3000797313870631,-11.289648343244702,0.8385718503390311,-7.838661854494513,5.348202450696539,66.05841686674118,1.0830676140733857,15.633211989898822,5.162904504704331,-17.216364057510805,4.41653509488866,-14.297183661694657,2.631225213535874,-7.103983327712351,1.4036840855099353,0.3497715164555214,5.0632689282960746,-62.06221113209033,1.7313415479630692,-6.4543450530280575,4.135525968221628,-15.25023025281168,4.486822130492053,25.88336465503871,2.343462819318894,22.22491972275074,2.31682873039967,-2.173036814926512,1.99778777589884,5.753109290331781,1.4932143720254176,-4.3536114973851285,1.8970773025694376,-30.684044823550444,4.987808709266442,71.73432418821821,1.8225122926149735,-8.033219990378948,13.654390938493018,15.483167834813662,3.4400549589614347,-31.646818789664724,2.990040609367579,-16.974127427931762,3.8112741076016974,-0.0016053996391599,0.0659119972059861,8.67567904259017,3.5137968614682684,147.75292265589144,15.78402417436854,0.6668462132227736,359.9999991472714,71.6465268834263,1.8919855335671087,78.53600643339836,15.75922626249384,3.6324396690282215,1.3643261102939896,-13.287801450880028,0.7625560744145812,2.005543732499014,1.009778242038296,14.594428494568769,1.3539046573468667,17.114411107553735,1.2215534633583296,-4.591807473288495,1.09059116986231,8.055543489307293,47.225227777777775,80.16031944444444,3785.589344503318,0.3753838981481481,0.6085440231481481,l_hand,5.5345581636165795,3.577777777777778,3.4611111111111112,3.672222222222222,0.4311646043675323,15.756875523426922,30.46788888888889,51.71633512544802,4.445464093951956
ID008,ZEN,3,True,180.0,1620,8.994444444444444,F,19,155.0,52.9,22.0,15,1 Dan,Goju-Ryu,Kata,International,6,12,Right,Right,Left,0.3486579575875235,0.6745608060189405,0.6695508129591868,0.2164159444704605,0.2568269408975809,0.1485455758964082,0.0618342855391658,0.0632687925061023,2.585960768890419,0.3408130181917704,0.6945527148841588,0.6507851592018373,0.7469071962819429,0.9263350362166078,0.2933763717810844,0.2331304180785013,0.2030152784020236,4.099857216696395,-4.28640682261108,1.6917914302995158,-9.657014912850988,0.763092119814603,-16.115350877275215,1.0597331235675966,4.597310187683919,2.856037464924648,59.55948699449107,0.9101290534491966,26.259017876627443,3.116042785439433,-14.310847302234224,2.352336852163841,-12.414709533302544,1.0695986231821966,-5.389511857656803,0.9843999278197232,-6.450626198699757,3.3456212096646354,-58.59766477992777,1.007518438521018,-16.25013722501819,2.6349253446039764,3.754843111704634,3.010698309559414,26.694199900881024,1.397646630209497,19.623079772115418,3.3979486988820575,4.430930116323106,1.783648885191769,7.58203292884848,1.130491829580759,-5.413780791071123,1.4288273943924177,-17.52965194747711,1.7390778771256414,-21.868859932041424,2.8754601973665217,25.44902274765937,4.400020856102024,39.46629130464769,3.146529899040914,57.055443019144214,1.5653385831181836,15.43782875094174,3.2191432543594587,-3.000316761130452,359.99991637700845,65.3537568213397,1.1285387227107293,-76.60241251488176,26.341575944055343,-0.0002663118526594,0.0165941989938887,37.87204473111302,1.7588040529869176,-91.379631607452,5.295042275260414,-23.628509097368617,0.8978626232070468,-12.144171381062227,0.7364794951895792,-3.9427873407407783,1.143515182845337,-0.1648501859447566,0.7845617504655591,17.49977442480116,0.6284141350239238,2.051384867118247,0.747337040076784,-10.966820645153616,2.432269752461746,-15.824563489356391,2.5272596517385253,-10.340788136476782,1.487775435997868,-7.073132513535206,4.679005912068559,67.52975784362141,2.299884719024462,13.201567926089036,4.288328812303364,-19.601137190963495,6.56635268719975,-14.926069614963582,1.9127348161005135,-7.170211330828079,2.0630653885282166,1.12169175715059,4.88757391466148,-64.15645014095418,1.623673564022468,-5.5933328463197,6.064993081621177,-16.40539856110552,5.605413847950205,25.65546576539028,4.086478549482159,19.42820032743328,5.383010161980131,-1.5699077153473544,2.659704563764567,7.786204362051888,1.4281168808785178,-4.551935033924796,2.5742583124026934,-46.32240146663321,6.382740221694121,68.28105929805943,2.0274645054939526,-27.353975145491138,15.186000780568456,17.32245004799119,2.6067287097919163,-30.350878676385214,2.0916941724204428,-21.630878751601372,3.4037108848953928,-0.0027453666613278,0.092326088368639,10.167906297656485,4.3263102423508375,152.84381994470624,19.01813453582659,5.3317689685224465,359.9999992437548,75.78019628427833,1.6428281257791468,84.88673202281886,13.696268660601987,3.7489468899179736,1.1901388979878469,-14.402085506591662,2.0149927976235453,2.7640244139466774,1.4325042728342554,19.6444304781602,1.502519703196139,17.20389415506443,1.3511135489471755,-6.024702521192138,2.5078668270231237,8.327000963403203,44.30699444444444,80.10408611111112,3549.1712983022994,0.3584436759259259,0.600884337962963,l_hand,5.592708744443458,3.922222222222222,3.8,4.016666666666667,0.4319682664252818,14.77282538315213,28.585157706093188,51.68005555555556,4.492171764459012
ID008,ZEN,4,True,180.0,1620,8.994444444444444,F,19,155.0,52.9,22.0,15,1 Dan,Goju-Ryu,Kata,International,6,12,Right,Right,Left,0.384022166825126,0.6523335364363304,0.6800151264670676,0.2611001305188709,0.2324915085138545,0.1409273783514852,0.0679314257389263,0.0741861758472262,2.0172662692901246,0.3757863805778723,0.6642876145231117,0.6639306005762459,0.4409206552667521,0.5118257491462108,0.4200823806042475,0.1412026028640627,0.1456115429205024,3.451479285880831,-3.433507559858837,1.6092920317404746,-9.064827799983048,1.0247097533295744,-15.142981829478051,0.6736033854707344,4.378975732272694,2.314414438820038,56.431762111467705,1.0417495646557384,26.20921349078946,2.624405422098832,-11.842863823578956,2.2856476980000657,-12.24442697035794,1.2255633878810617,-4.788188817012472,0.705755239601138,-3.074865862842511,3.929961010278408,-56.84625252063752,0.9730465550007494,-13.909164042790424,3.0936518941784037,4.85070837807995,2.6461457307149,27.07477995466709,1.2956822993545885,19.30908906916174,2.586134997411513,6.007226360886548,2.343685903356592,8.348278677158207,0.8743046497827089,-5.55985167999809,1.7998291000195117,-19.42197200925161,1.706746516736107,-19.433330971254268,2.7500271115899153,28.13375433075943,2.9612988684327917,43.98816706050919,2.9101019992652013,52.81669961501063,1.2711514226866996,20.182848745109325,2.7291125397948015,-20.997927976476163,359.999819739706,68.6611020363705,1.774364219873263,-90.41725068408677,19.40022612241127,0.0004840382837738,0.0283099366315013,36.67442308671399,2.1922073900132943,-91.03664679885183,5.422275279243593,-25.107561302317976,0.9504590292770132,-11.264823126068636,0.8659841317773846,-4.096775386162032,0.6630507756995039,-1.938930618586222,0.8910119376540104,16.349694319510053,1.0258945841669664,3.124427164432741,0.644441287313291,-11.244163956758598,1.8451751528976477,-14.960761829619196,1.817021240955416,-8.935335554114767,1.5071441678208115,-8.275148686739975,3.69307309005126,64.1363648817949,1.9430066675996256,12.909477978671656,4.083834982538066,-15.472662672254494,3.358625586582173,-15.992920324863654,1.711660899613678,-6.266982054679751,1.4047931666623628,4.130348883729432,4.0248352553054225,-59.60580644906786,1.6558719532667752,-3.655129696915932,4.248349068859852,-17.443502532774293,3.687617131087342,28.750268767521156,1.995363766898567,19.089693085290325,4.55277773181804,-2.949229362293021,3.0737975556639716,5.660275875056708,1.5477167736143371,-4.7198868184186,1.7346680529601677,-44.16518520960214,5.159689660085704,69.68671857337249,2.1686228119396276,-23.78783033915637,11.244248540444524,16.607918500966843,3.14236268422807,-30.914811876285064,2.295807354117102,-21.05456969197883,4.187089666184043,-0.0079338484182181,0.1217901303522822,7.965997819295058,5.666372107825329,149.8946324366833,14.649949850598972,16.66626157287127,359.99999958050205,73.237516259017,1.576848011369492,87.75263480698675,13.037485694484758,4.896138071871754,1.3772796971909758,-13.07889041113843,1.434758214501592,2.584996787940259,0.8983573024292908,18.13984140809128,2.2515767038943473,16.50740631025481,1.4812518447332454,-5.197299817972816,1.3810533368912292,8.690724607090136,42.756902777777775,78.05661111111112,3337.458932440586,0.3917849861111111,0.5863659722222223,l_hand,5.538531938672917,3.844444444444445,3.7222222222222223,3.9444444444444446,0.4387194364303662,13.891608459690264,27.58509856630824,50.35910394265234,4.448655906885917
ID008,ZEN,5,True,180.0,1620,8.994444444444444,F,19,155.0,52.9,22.0,15,1 Dan,Goju-Ryu,Kata,International,6,12,Right,Right,Left,0.3666435890897577,0.654186775798562,0.6810854574317152,1.3083666089347967,0.8089226247711134,0.2297094428776569,0.4818622392479647,0.2369440299223424,2.897318447904386,0.3554063228556727,0.6790184049487626,0.6604581465357723,0.2964721198975117,0.3303132651822249,0.1786660263047634,0.0572885036067969,0.0751470189363008,3.6709489433350617,-3.1367487976905815,1.387384953956284,-8.564468551170018,1.071443981030848,-15.686624614849054,1.096762724969821,3.977715803823348,3.3777456152440024,55.03075675273282,1.7750204627137762,27.169320722533723,3.8479178530576057,-12.685586230050877,2.3135071267372265,-13.182782034949629,1.2863651692543243,-5.581663284836016,0.8776086671055126,-4.943034110538078,3.440123122399396,-54.72432620618726,1.1378843999072783,-15.366924498101673,3.3260969159739684,5.1854309212373115,2.6195975877109197,26.89889849887566,2.0750808675940817,19.548599420726926,2.477129668923382,5.658126121153604,2.1826813079996636,6.997976820762625,1.579132133004327,-5.548081143643695,1.716571018681332,-18.0699519861949,2.635032924642534,-20.74238360443617,3.5107571870989673,26.50968720600464,5.599717951898459,39.545459726001894,2.5335668128329516,53.312221264970546,1.9257769505187312,15.41908412670946,2.336750909571551,-20.999454490767075,359.99996924846147,65.85857072472872,1.2935303135462135,-93.55410859867588,25.7838320258882,0.0007467909901037,0.0191896408891579,38.69299040028709,2.0097529804629346,-90.84508433212304,6.276141861291052,-26.07726183561837,1.2961200951649694,-9.961892152906984,1.1696241188346512,-4.1942275960402275,1.3297036373064903,0.1977250788162765,1.07414983797013,15.878214714103166,0.9360086186893426,3.5995250866005133,0.9674642363756596,-11.746818420995726,1.8415832288209053,-15.435644613850595,1.820915943741925,-9.939606090895522,1.2880335187826972,-10.522412199776262,3.8959423087258376,64.26923503117473,1.258938986880743,15.817808196185291,3.4029450143856703,-16.63442234644654,4.5231311149352535,-16.12902339408147,2.013895829010597,-6.751324807096038,1.377505044028415,2.647575831047986,4.07072519930323,-61.18619218348513,1.1721677193922702,-5.52378643628857,3.7198181884782984,-17.76221062168302,3.3056294305461265,27.23538984885136,2.570764544797349,19.811307129599605,5.971170096602785,-3.2947163263138584,2.059261999368408,6.571718170170167,1.3983088166103954,-4.651662359412639,1.8062643716251632,-44.725634955601954,5.695175532002828,66.85505435702902,1.930602331335649,-28.80656082595025,9.92550016456524,14.16042431319188,3.872118700844153,-34.00016307072861,2.7241575320250604,-16.93999785376542,4.54512710191544,0.0031284290357807,0.0965006185825397,11.874251139425212,4.1170487716523905,151.67240348306834,15.64665711595822,-10.667218515054625,359.99989976284303,74.68975913117073,2.807215854944559,82.69292098675237,15.67624283072459,3.788212472137469,1.6188709866428512,-12.672434883433706,1.2320846176009557,2.1276288497064,1.100666474578477,20.156788873609024,1.3730710883599675,16.371283151219455,1.3102295733508171,-6.349759907084863,1.5362413096331116,8.948145219465296,43.59807500000001,78.7577027777778,3433.684232533265,0.3764558796296296,0.6009114351851851,r_hand,5.77460603358317,3.861111111111111,3.7333333333333334,4.016666666666667,0.4394099725365905,14.292130000138458,28.127790322580648,50.811421146953414,4.638275182970995
ID008,KOK,1,True,180.0,1620,8.994444444444444,F,19,155.0,52.9,22.0,15,1 Dan,Goju-Ryu,Kata,International,6,12,Right,Right,Left,0.4517352797250899,0.5592685083560355,0.6737742195187563,0.7772581824441793,0.5992726621371292,0.2158349828612737,0.2319746990789819,0.180088972398994,2.118444557913083,0.4478559116399686,0.575714089078078,0.6776565968491504,0.6464795192147654,0.4866406658966649,0.4780575835757528,0.1518016892233707,0.1200651902272331,3.2213029822639636,-0.4966880881686087,1.3985460685550546,38.423346113768545,0.7479860057939831,10.18636690507034,1.27130576971998,3.0281850706555637,3.3013944298840263,67.34770048648396,1.0810063986222644,24.44679333417712,3.795325936468789,-47.305961301025754,2.558021067250003,-56.10931555169648,2.163258517265227,-44.434478884930854,2.2789121607123164,-8.99385941593283,4.866392273973132,-59.93096745929578,2.3844654924693742,-18.74027601225501,4.651070755643584,-2.292888418633753,2.2297348865572033,32.59368581192664,1.3333660871433253,9.131428177600586,2.042859880943091,6.599738103385232,2.509568557635707,-18.322944365809267,1.924091257326367,-1.247975073895269,1.3763084248570272,-15.293594626536429,2.366328617194796,-26.731530600389416,2.718417393644718,25.346199715919777,4.512936126879055,41.774065709551365,2.566668650882143,52.938638211787755,1.778586742483391,21.98060182768448,3.3425187990299,-22.99495838227784,359.99992809994495,64.53860235023429,1.7791226097130846,-85.48707610248653,28.41715849007113,0.0002676596663059,0.0233739833516094,38.77292063662436,1.5087821819987963,-94.72194921143584,10.19552057782488,-24.435856039940724,0.8396568106503359,-11.033680766052065,0.747666900818972,2.2674825197154655,0.7927267615782205,-4.341340083819597,0.8166044106546386,15.270020899854188,1.328161792319083,-2.8798424098458604,0.5818649716922115,-17.547796544769145,1.9762484940521396,29.776756440496488,1.1675736145043842,16.007854227231302,1.5394095983259284,-12.066293701648094,4.671169972402847,69.94923782442036,1.3657153672327669,21.27067524008035,5.0822548614209815,-41.43467048019807,4.750606581519705,-55.83158475811538,2.160537278734168,-34.580319797206066,4.217843949394393,-0.308782349999801,4.979698966861617,-60.895708853356105,2.940069442564578,-6.555962992958359,4.4062612572632585,-14.338689842870876,2.538182629817122,33.3659503462187,1.9580138976491028,9.840021051835508,1.5367439691707574,-0.3034327915260228,2.3258989867997513,-23.95994592269016,2.2312341462173073,-1.0916951836152726,1.2247457816873306,-22.754871992570894,4.644089609497435,72.640476720223,2.6663790034129136,-5.287973523515567,7.905815150022877,21.59616432529886,1.5579340056915925,-30.745143659865096,1.89937345987056,-28.005548896700525,1.9506968591749327,-0.0036983798571979,0.0651070293746862,11.445013897158743,3.843828574741803,148.35058230138358,13.214943242545472,11.997905046194202,359.9999670277201,76.67881573397197,1.3920334638490743,80.92332416601319,10.752055603694911,2.439220876633982,1.2569867959792893,-8.849597800765851,0.8649504228863876,-0.9762798562047303,0.8508948846252404,10.731785363939249,0.9015478187749028,13.309096726886166,1.171529735117158,-1.9063924291504024,0.7638396080406105,16.68253872295569,22.97866666666667,51.06455277777777,1173.3953367629629,0.3830612962962962,0.6576025462962963,l_hand,5.720106742171031,3.827777777777778,3.705555555555556,3.933333333333333,0.4346930448508105,4.884059674351563,14.824946236559141,32.94487275985662,4.594500298697275
ID008,KOK,2,True,180.0,1620,8.994444444444444,F,19,155.0,52.9,22.0,15,1 Dan,Goju-Ryu,Kata,International,6,12,Right,Right,Left,0.457844116004066,0.5846969375092919,0.6758472807977739,0.3366437792407584,0.7588770103966191,0.3035593247353807,0.1068412811154567,0.2204651732679992,2.334207856406769,0.4529902453792893,0.6003870226890049,0.6770040252497859,0.7964207804863399,2.194725976107026,0.5665109562844162,0.2497581506973381,0.7129638309456782,3.9753836541283545,-2.203042782284754,1.8245313245884571,36.10596804597999,1.0279493146020895,7.27499377497492,1.4170787996245329,0.6115436577338956,2.6748954682797548,64.69193197558423,1.1532879813307773,25.60526455438206,2.3431563202959502,-45.85954443472782,2.8158491841695934,-58.02654080664685,1.425518541328067,-39.557322143688424,2.7691370871561816,-7.488593594199202,4.035510830881704,-58.54437677431848,1.5545671422369338,-17.931157617914632,3.595616840826036,-4.043911769564835,2.1121821328330403,34.75314194945673,2.4691640561628674,7.691908211756165,2.01680959177821,4.13851393947305,2.008298891310539,-16.76112317450538,1.1635521515521496,-1.0780398572253835,1.39002946265835,-16.208759659290646,1.5478778121614756,-23.970978068405845,2.0953082854473593,25.330773296899608,4.835872287987836,36.18567411134596,2.9642232994086015,49.38785561018537,1.5626426433013236,17.05426427793867,2.3162623945820773,-67.99258886401877,359.9998658602676,66.05893333369619,2.274208973374087,-81.88937140417255,35.242368227452175,0.0002198779910828,0.0419569395436353,46.60323913171126,1.9756697040369031,-90.8790848900604,5.993771585722314,-22.352945451744727,0.9748473694623634,-10.029335091795346,1.1639288140481892,1.771794119117163,0.7668632860685409,-5.115556099629054,0.8890604388632113,14.76120584486397,1.1965061864945756,-2.1210281715452126,0.9140866356330994,-16.537304110980227,2.5618495843460387,29.31295925635402,2.456369502351915,11.686840455812485,1.8909786933951889,-17.460458736631836,4.586569968503859,68.38040179744394,3.335544585112828,26.290404491476018,5.130489253262464,-41.60699741329667,5.414062080135686,-58.3393136577192,2.5669624243754896,-31.16984012721214,5.822638839367972,3.1204310529825814,6.274535528110923,-60.82144603234005,5.910174017799484,-3.7344160866548193,5.644102647055799,-14.96067136823131,3.028411768185453,35.3533272983743,2.024785893991776,9.40551457956036,3.763176465290046,-3.3597375709159927,3.853585571481378,-23.48693294855264,2.6896620466019705,-2.312637719743289,1.8936430458033804,-25.662207717459836,5.5435009372008075,70.70083492210506,2.7601856412059647,-4.032078056943427,14.627908362557502,19.9797438814392,2.1952126138300763,-29.834193268268987,1.9737929008724429,-26.451980655418343,2.9378009286023534,0.0001284458340587,0.0665441607227222,12.42836754401072,5.0955219262485265,144.51494047598516,18.43279734559573,10.66509169993476,359.9999987810712,75.63819915084086,1.8020615048540376,82.82609842660658,19.19157230512502,0.7322468939249749,2.6450928845188906,-8.627900013222295,2.2167980406440284,-1.458174220375683,1.1005651800412033,11.18810105500571,1.931513161161364,12.888093144465971,1.58497828944982,-0.3484446317274823,1.0516647275122428,16.64402046356572,24.354266666666657,51.27200277777777,1248.6920281840737,0.3921384398148148,0.6793269768518518,l_hand,5.42963033995514,4.188888888888889,4.033333333333333,4.277777777777778,0.4360305037404993,5.197469420121014,15.712430107526876,33.07871146953404,4.361184037847415
ID008,KOK,3,True,180.0,1620,8.994444444444444,F,19,155.0,52.9,22.0,15,1 Dan,Goju-Ryu,Kata,International,6,12,Right,Right,Left,0.4751289694655949,0.5744904184393484,0.6710383534833986,0.3326042700646625,0.9775943326972292,0.4487785551818057,0.101312875761988,0.3374384783184143,2.3214419645380424,0.4627655492019865,0.5837467137595055,0.6783911787659473,0.3283815895802067,1.3517445663989935,0.4901824458268256,0.094980264371079,0.4809000839191875,3.4531466204413546,-4.266262808812776,1.919513175313744,38.54123671115037,2.143242486776479,10.52843938251531,1.7341387133291182,-0.3783525097940813,3.40696169166302,67.27423318008049,1.4652697471957763,27.630834065556236,3.2574230852441595,-49.1433809989824,4.319217423604471,-58.09459115386442,1.6110156120671988,-45.11941026149973,4.3697318761397455,-8.625904499989836,6.10273908779644,-63.00514836159245,2.8155638504465372,-18.98340290050271,6.538930405916442,-3.0863221203444806,2.2882025889579527,34.04074515342678,2.0670722248442246,9.39434803872278,2.2899660311872463,4.856747559822781,2.589663157319066,-16.118397641593457,0.9447672818944692,-0.5940525910103217,2.102412708589762,-15.832427844287016,1.9949456033040924,-23.24560920861859,1.7801462411032922,25.932049669579264,3.5131444655958894,39.1977742650251,2.2145045734202,49.85340695721293,2.8668856489199186,18.86892426276686,1.907430614542843,-8.99979046310625,359.99996602220943,66.21189248046996,1.5465580285600566,-70.73769147883728,30.462573434311572,0.0006093079227,0.0291104261652156,45.91564256757695,2.7812388628118327,-90.6003502519812,5.8737563316507675,-23.21831830896811,1.498248920604354,-10.762006731000444,0.9674260987060244,1.4971627578522764,0.8143734258330422,-4.029856160046735,1.3466094428936866,15.319832987858826,1.2040545026899243,-2.0222912020484647,0.8431550612760565,-18.81837578998513,2.062987356747808,31.38735117571912,2.242990067790732,12.40826361472796,1.6323173344799926,-15.829949274755082,6.248319386014138,68.89236611527953,2.583589669146562,21.9201112529756,5.389013887296642,-42.259950247418935,4.241412175333529,-58.85982167878242,2.2014822238323646,-32.51585573476572,4.223529033926365,3.4020901436981847,5.346631468454555,-60.50552892567481,4.118615084698938,-2.8825077933354084,5.087598640440007,-15.938501680028937,3.4914404443769858,32.73833745342628,2.5437411626847606,10.50567556826462,3.4150722990165594,-2.3888472057828647,3.25600196683771,-23.477603455489103,2.613470861942311,-1.3299727688024143,2.501815562288233,-30.44902583676365,6.333192453345024,72.21678089281927,3.0707961670573383,-14.52285397900045,10.259073502682591,19.21398777373641,3.0715753096421956,-30.11509475447679,3.5393979733582057,-26.5861997702486,4.566691953860875,-0.0003509295813428,0.0556169546583367,11.373108655689688,4.81302731449577,150.93855150047517,12.693581771722592,31.32803814534285,359.9999527816722,79.05880564396217,2.1991494281934365,89.88459470093544,14.863988849811392,4.075517774529277,1.698436049610642,-8.483632211118111,1.6347736937022637,-1.1641776657423752,0.8527270402843933,10.985168021152646,1.4032115494574686,11.972289151175978,1.6455323480510682,-0.7776810830891995,0.6867720922108211,16.85444008211172,23.82723888888888,49.300019444444445,1174.6833405296445,0.4066448425925926,0.6664561064814816,l_hand,5.45786864112507,4.35,4.1722222222222225,4.45,0.4329279699892894,4.889420772235773,15.372412186379922,31.806464157706095,4.3838655871624725
ID008,KOK,4,True,180.0,1620,8.994444444444444,F,19,155.0,52.9,22.0,15,1 Dan,Goju-Ryu,Kata,International,6,12,Right,Right,Left,0.4803512502571476,0.5586652640240056,0.6713450205488032,0.5554543599598671,0.4456981065134702,0.2505914265236497,0.1592913212416471,0.1305631724094126,2.061541501053586,0.4714604631738247,0.5606792378455261,0.6675071697848322,2.131743334538866,1.0187267439337289,0.2695257037502063,0.5536001963270641,0.2762597733422204,3.8244802629018375,-1.1008949636073624,2.564597946180969,37.93293313557111,1.8771001228975663,8.567284170030105,1.7141761587497903,1.0516375772100883,3.82421359225695,66.35812504872706,1.2933616429362758,25.0996877489178,4.40458088378654,-49.36752113073276,4.203743405930133,-57.02452022828806,1.5150458723203073,-45.79429650529654,3.964387701286256,-7.162402070713743,5.130527311810489,-59.37476941764832,1.3810970208687507,-16.328526746365785,5.237633241532912,-0.1934250531575814,2.311942937542094,33.768113971719885,1.849374468832643,8.520779619614956,2.301418472209239,4.397761358301905,3.056611885593846,-20.124636930617715,1.2830281102638246,-2.8857996883842736,1.5939262256592177,-15.346753830766655,1.468014980841236,-20.642968113643335,1.7625716427177665,28.09283284343556,3.90659039239901,39.807369338193816,2.9394295485307467,47.35772299879445,1.9558719300873264,23.962766745457323,2.1930031745408733,-20.99608093119119,359.9998500428768,72.51101847973322,1.500351853882535,-81.50216201091307,28.072226524345552,1.549127124124806e-05,0.0253985828639164,46.42360222882951,3.059059159524516,-91.5040777765364,6.563846158228785,-22.62961675697465,1.2191059198758651,-10.276669917784025,1.5311972577386346,2.557973998512927,0.7601176704610895,-7.442191253277642,0.8887671246334063,15.323907205521692,1.6096044193244694,-1.868561024990401,1.3425363712699294,-18.456563939792336,2.6183577227212034,32.80494527857582,2.0375520768013047,15.31151309653028,2.102157036014697,-16.587009457821246,4.593033740410256,69.67129658628942,3.174331400054001,24.10146340071913,4.789134801839115,-46.73410407931457,4.838964459676944,-59.45539546748828,2.5711176070796213,-39.02653423931475,5.19368110589064,1.944152057533411,4.861898748312216,-58.319156156307685,3.45038754076095,-4.899006925852835,4.840483393296624,-13.734929894057904,5.647680237690238,34.296669665261845,2.915559582105999,9.845469591326852,3.4957594269742582,-1.3989683174921788,3.530684374267741,-25.346619607687273,3.0389816160934977,-1.64692098914413,2.1561145811488585,-30.008471391433325,7.591967783572805,73.94456719998269,2.5995815151139823,-3.147668098657168,10.450048863572086,17.624391195544824,2.552209293997773,-32.31029021566862,2.9665192615101645,-22.586860452664332,4.587112001153418,-0.0038315771938483,0.1006667023605863,9.704619199747546,5.720990413301017,140.9470078054519,17.24549364556478,52.66040928961573,359.99976196832233,75.36431428210393,2.21738591560333,87.22505879400717,18.208388351752262,4.2800302938972745,3.98755124535218,-8.14319300244363,2.1527649910366353,-1.7143035648999356,1.9543312351044535,6.904862571195608,1.269084943333656,12.341188648815164,1.6789641554522028,0.5702224626751633,1.3010783295763118,16.728063625472576,24.581083333333336,51.67752499999999,1270.2895484854166,0.4098583009259259,0.6593098287037037,l_hand,5.845397892083056,3.977777777777778,3.855555555555555,4.066666666666666,0.4331258197089053,5.2873654463492885,15.858763440860216,33.34033870967741,4.6951365720470335
ID008,KOK,5,True,180.0,1620,8.994444444444444,F,19,155.0,52.9,22.0,15,1 Dan,Goju-Ryu,Kata,International,6,12,Right,Right,Left,0.478629290884165,0.5559884862408309,0.6749988745455149,0.3681573041481534,0.2176717529746796,0.2198760020911239,0.1204185659587271,0.0654668647443574,2.0619466420228383,0.475614057651141,0.5672073283869403,0.6707499064817143,0.4785588918459926,0.851470394621745,0.4012638784556155,0.1367927534321846,0.2763008513455984,3.5658144592069054,-0.7399079016365401,1.986751124314257,36.24744819231393,1.193471302181635,8.778131656467265,2.0424091040753636,2.0167730878541312,2.907295158438351,65.21617330847026,1.3052828649125985,25.04457924128847,3.396269476125635,-45.85995528370016,4.019841718933527,-57.55060927777461,1.854245628767046,-42.88536147767253,2.938443698959773,-7.789145114082857,3.667646298063455,-62.345809513322536,1.5577372655158612,-17.06964456685591,4.218647175784792,-2.2754602853758787,2.200027205835988,33.177263239549966,1.6146874162861522,9.612532241057185,1.7129415837648363,5.704248786433627,1.930819857780273,-17.65535474383644,1.4948032822261794,-1.2203336166666534,1.3220328554472862,-14.24522289060251,1.8698373174953176,-19.82320155006277,3.21818022564441,27.910627665672145,3.4731205984222093,40.101631470847906,2.098335846751489,48.73948049229136,3.19505077657616,23.428295355702897,4.030592673233038,43.99526674626763,359.99993695079155,71.46674977815135,1.3234972235265443,-87.68939142079923,35.734096419607596,-0.0002912426760507,0.0248227135679584,46.86013749009932,3.018111900291501,-93.21741493711356,6.494176597337045,-23.624837903058744,1.0653093963016786,-9.202750500106417,1.163827005304169,2.1874159062486913,1.162441315199282,-7.842380508083041,1.0260116920461737,13.993526615108845,1.0566947044745092,-1.7794616192831818,0.9859150040828492,-15.430604382650673,2.0890182005733138,33.67752817415244,1.4887661033719084,13.646886926893,1.991921709932674,-16.324271428983895,5.387262024737197,69.9449759580307,2.174614989330763,24.336906421744313,5.902517089609788,-46.690457857293595,3.833415803329281,-59.54126939253016,1.840074630773351,-39.4220525390515,4.547151994062482,2.074738853740261,5.084939500077536,-61.65827943414053,2.582754445779692,-4.504600074812832,5.410547455648821,-15.110669303457012,3.2995400612306724,34.06666388384223,2.8953099008772014,11.4631443084819,3.066288355071805,-2.4083612566916814,3.073330132058316,-22.689551181111852,1.7864932880917834,-1.9926457932745103,1.9512298467128224,-25.215404121445246,6.391139010029413,75.94369280680505,2.9000146532072506,0.4303169038308292,12.275332500475,15.06093689910056,2.4093570130293784,-33.29467282651217,1.3812175002013731,-19.254823485078976,3.300877735455618,-0.00508243903002,0.0997370590847161,9.360206861192786,3.617736880030648,143.2143672404042,18.756341762920982,51.99503578660059,359.99999842395016,74.71546167250949,1.726309842633853,80.57927729007197,21.149215087644663,3.159259935238548,1.3200539275374084,-8.79813312381383,1.419963717657554,-0.1009287891726536,0.9378443183605903,6.741215099815002,1.349450369934015,11.343716336355422,1.3323972859127,-0.8987204515514767,1.0653073677889933,16.42330690324349,24.61497499999999,50.02231944444444,1231.2981425670137,0.4091338287037037,0.6473763101851853,l_hand,5.84919224828008,4.288888888888889,4.155555555555556,4.366666666666666,0.4354831448680741,5.125070312453751,15.880629032258058,32.272464157706096,4.698184272285225
ID008,KIB,1,True,180.0,1620,8.994444444444444,F,19,155.0,52.9,22.0,15,1 Dan,Goju-Ryu,Kata,International,6,12,Right,Right,Left,0.4150001809387105,0.596058469110306,0.5619261706153559,0.4769567165909261,0.4833151698712512,0.4056403830286825,0.1508555683614385,0.1232091475819798,2.3301773886134316,0.4085642830277122,0.6071009909548631,0.5471909903081168,0.4278708263913078,0.5013018100114397,0.7844751891560753,0.1196817362515405,0.1064603392047824,4.5334803794964085,-6.037045068550449,7.141717264797753,75.94293044282385,1.7240718963166728,-46.35848702052381,6.917536128385777,15.621955385512868,3.5105197025009396,65.95234182622123,2.6618520287328096,63.95035440045034,2.898766569304314,80.84253446156269,5.642272125916833,-72.13116477547659,2.2982412534117884,82.30505223726942,5.534647520494772,-66.24515064333505,3.1676740876887948,-57.80168445579841,0.6916089916006598,-75.99729753901643,1.182720308770996,-3.797950220051931,2.1100418326964405,14.152979778504369,1.3548693186469831,7.698102887722182,1.5310868877599804,10.618255230635867,2.4040329339843876,11.815585911316376,0.9772088273894256,-10.686818839047309,1.4555522819032127,-18.9385856021392,2.218617265263827,-21.530452388943328,1.887074457982358,28.83576843282642,3.8716562023883654,46.13049906398457,3.5173409772774846,59.99825141076053,1.8120260305600553,18.646368896658107,2.15178282891182,4.000679199600247,359.99991039693094,72.80943046723374,1.8754634248230388,-61.89526874760102,17.570787611259938,0.0008707531294818,0.0313534112562334,39.791624475573755,1.725893312251074,-103.2042731575024,9.212798548782883,-101.64047260774512,1.682361245195878,-10.14020436010952,1.2986113482287784,-1.344312143595451,0.8618142902794497,-11.786964532302676,1.452154183835761,8.270237263788813,1.6378546896382984,0.5848914235162926,0.8626588453109362,-15.332254025540468,11.05146857777621,71.3088853416733,3.0729533027085836,-55.70922520622408,8.505450324360758,-5.4594952400367,13.978039505647748,77.60400543591678,3.225359986379246,65.37112872358732,14.876499015932929,86.63057947275205,6.4931434994434625,-64.64948654277225,4.060196188221994,90.40394361101076,5.102169318018994,-81.83598630175258,7.403145769138305,-65.25996326798408,2.827502231190614,-82.72817490311613,5.552056853912802,-10.09037325234493,2.548935714529975,15.748860924614442,1.322217424991182,7.399860325571994,2.261635143105607,6.883157719154238,4.055208870618744,11.478029057520562,1.4643074096400674,-11.394307407782696,2.0764013270081474,-49.42833647929134,7.945422714773223,74.41461760670376,3.1668515711995724,-9.776105666021095,7.463287451259374,19.760766528340863,1.5866943695075513,-30.645875199531076,2.5010836857529775,-26.465182646510716,3.4858102261727915,-0.0017134687396698,0.0673798346234128,9.817329207022912,5.315936388231047,136.90594856182477,13.503933766531588,-12.664500590204254,359.99999845470484,67.24654012181645,2.0203133124910835,89.52595678405429,27.69047500332867,-82.56147790776085,1.7116672349045388,-8.904575267915062,1.1306528556254314,-0.404501921951682,0.9348359197993872,7.163657723357033,1.5495178068468878,8.221633635589424,1.245406645950455,-1.0357973408224406,1.3091571030070677,9.689144619193357,97.96899166666668,9.356594444444438,916.6561231561568,0.3833143472222222,0.6200106203703704,l_hand,5.7415557644028015,3.811111111111111,3.683333333333333,3.894444444444445,0.3625330133002296,3.815426110951745,63.20580107526883,6.036512544802863,4.611728567939893
ID008,KIB,2,True,180.0,1620,8.994444444444444,F,19,155.0,52.9,22.0,15,1 Dan,Goju-Ryu,Kata,International,6,12,Right,Right,Left,0.5033938217242919,0.5495922067926704,0.5705665980673356,0.35657691468165,0.6203345819609796,0.2888026470117766,0.1041680606304766,0.1287548528671326,2.465612560806695,0.5080090999233741,0.5546037794860175,0.5460860436888755,0.2376153603457886,1.3666313187182475,0.7287126676977285,0.0525854583597735,0.2918330375326362,3.7473606754194857,-5.440292439623407,7.965197373181121,74.20185563220245,2.1782292440218356,-47.947337911770134,5.976554071909497,17.798618609858302,3.4282563583276655,63.67924633847923,2.538581789230534,61.61731820287242,3.4246978688359775,71.30467684810655,4.448466141939264,-69.77027789362398,2.18341985782655,73.75741705450346,3.9901190759506022,-59.06573424324205,3.727146344116669,-55.61667669466467,1.2160940773701512,-69.21797127945143,1.951348655971529,-4.228778073558868,2.5424707415031227,11.644430244341258,1.7033637004593327,8.881135963848475,1.696095075211698,11.466178574351026,2.9623318792587305,8.336682250748487,1.4124143282992367,-10.717330815228998,1.4639613595372405,-18.4352962816816,2.491329857865644,-21.66488412507943,2.2153522475822456,28.028492301251163,3.4957409428608237,45.28454316393454,3.3678537954731667,58.247297603711225,1.4349777343439951,16.974878734440566,2.975808529315632,2.998657105707361,359.99977622631826,72.47110514015523,1.4461023892883702,-64.63750675843526,16.911475001275086,0.0008967895883832,0.0306147322365183,38.82505895859815,1.944418922150987,-104.06405790177202,6.961371731694868,-101.54965091058396,1.790603862460543,-8.943349502437702,1.392563731654466,-0.7886416502516176,0.8798223210347622,-11.074855841280256,1.50355821272424,7.502764049887969,1.659874072625648,0.6244651742076915,0.9031820203320295,-12.22558166805685,5.70376761055009,70.5838152061352,1.8961563354040436,-57.348610625059926,4.720934296405218,-6.202487697549058,8.639144304666411,75.16275862036031,3.046700484521068,67.59756487556189,9.453551845756373,84.83706094678483,6.893382188713204,-64.33759267549812,2.8305455584429353,88.71530778593136,4.29055461764159,-74.70004925648904,6.628408348553791,-64.00193137744367,2.644819251371409,-75.23993075180636,5.649050709624419,-9.84966098884096,4.0983802960977425,15.631348107001749,1.716414930811224,8.970095512492678,2.440563062656617,6.257157542887533,3.2814606429189697,9.049697054895224,2.090228553174292,-12.759610896221496,2.292287914945792,-41.365622355675015,7.256173542330643,75.269959188582,2.070301030009034,-3.9948984646278345,6.694300177971455,20.253627617527396,1.9951029177292057,-31.385274826102503,2.45896958651916,-26.638139413308597,2.7458557268951296,-0.0009161450442854,0.0404584000927509,10.11734992713705,4.904623059560885,139.41372132562066,8.771242210837102,-4.664206093701253,359.99999858497017,67.56462059670586,2.499161248178254,89.68497997561757,22.892804125221375,-84.02170029817299,1.945492838616616,-8.536927151873886,1.0394512045791702,-0.4456923462795181,1.14145698884749,6.963430587897561,1.09200342756745,7.783684943623753,1.3515273711667488,-0.6359547060869825,1.109565463569118,9.549258430675591,100.44446111111112,9.31758333333333,935.8996367745366,0.4820241805555555,0.5742525092592593,l_hand,5.530135274137036,4.038888888888889,3.922222222222222,4.122222222222222,0.36810748262408743,3.895523982412223,64.80287813620073,6.011344086021503,4.441911543632387
ID008,KIB,3,True,180.0,1620,8.994444444444444,F,19,155.0,52.9,22.0,15,1 Dan,Goju-Ryu,Kata,International,6,12,Right,Right,Left,0.4464308175200761,0.569978524413804,0.5606895563496582,0.262489097140739,0.6928352283184502,0.5474947999176916,0.084570249000333,0.2280181633253472,2.147675728913393,0.4558947026943005,0.5759276847162779,0.5440977286355443,0.285076275113294,1.620031941282157,1.218854453428353,0.0704202854521138,0.5445947082037457,3.8349417747716337,0.9438454799901184,7.487254354477402,74.74031904292295,1.7781608842741434,-53.7414484875859,6.797082724528728,13.646848192487612,4.549728811648235,66.93798042641984,2.831729331275469,64.51445063710048,4.56259177354832,75.72181627126744,6.025317665762586,-69.59435192865772,1.774266787037874,77.60599130103942,5.345898217814877,-64.72363489938317,3.31596141119811,-57.30801431503408,0.8848002758694236,-73.8948451358512,1.7643649188362929,-3.8028685150345938,2.8253711928589995,12.190617320747618,1.5394882200657118,9.659716590547662,1.158038887019849,8.94829390376281,1.3462250462547054,9.877595323347546,1.0047217456698547,-11.479815467276412,1.320784241363576,-19.31869261561836,1.325380213336942,-28.547269753811744,2.053613818784097,30.840732246268576,2.7802715483172307,46.641028110780894,3.078286385684322,60.158339490902605,1.6309898839233623,16.96101346876982,4.097856844427698,9.000132002087774,359.99978979996496,64.7911701651651,2.482622148001248,-44.65332294776369,19.501463447989345,0.0006784705459247,0.0283588348311471,36.189886750640575,2.0264375177984135,-104.9142427682242,8.606581518036649,-101.534909621744,1.1958040194979418,-9.86595467381837,2.01333544996416,-0.9490462868567748,0.64631402185493,-8.45079624071481,1.043511793030646,8.484141241833344,1.349613346664852,-2.3880266655562985,0.9903122098945616,-10.767312100981387,9.936978790634958,70.08082596147074,2.293351759884132,-58.91423878040464,5.853964485914581,-10.013738820242208,10.158675362377746,76.14899928323496,2.567218814060894,69.87160375334342,11.30567806341132,84.15260211151536,8.769734043611152,-62.13170525669204,3.7737132772664097,87.77808447449866,6.083231762291433,-77.49474872968341,8.469528732689895,-63.27955150508621,2.8243190438515953,-78.57956098050235,6.580805164360044,-10.422733390132487,2.5961245482512005,15.670769745597624,1.798144766229722,8.740712291016754,2.1250172794650064,6.4734807962055925,3.5844471802509927,10.348203439328024,1.9040548972779057,-13.162453920854514,1.7278420375510155,-45.98700587357726,7.811237518392723,73.51576333377042,5.056874734547847,-15.318356457874836,7.352574093195212,22.4892440278068,2.281796224411842,-31.753185932205707,2.0226319216833346,-27.93376958340322,3.498619592367316,0.0021816335530041,0.0717825285975713,11.643281371995368,5.78064559407529,143.61255644087,11.721035564176104,5.998026467373099,359.9998584200955,70.32580086153818,2.2014850604620193,85.42469053986014,18.65637477908939,-83.8667281301795,1.967364084202245,-9.757374424569363,1.79096183204169,-0.2130621647243786,0.7624569035097812,8.796516490258742,1.5344532356035927,7.906547416054544,1.9749717201255963,-3.710505711088624,0.8505878855779581,10.25671614335318,100.29251388888888,11.301005555555555,1133.406256638966,0.4250479027777778,0.591292986111111,l_hand,5.367225724909438,3.794444444444444,3.672222222222222,3.888888888888889,0.3617351976449408,4.717611890276653,64.70484767025089,7.2909713261648745,4.311059444829986
ID008,KIB,4,True,180.0,1620,8.994444444444444,F,19,155.0,52.9,22.0,15,1 Dan,Goju-Ryu,Kata,International,6,12,Right,Right,Left,0.4347855124255981,0.5757170434114111,0.5765376516017167,0.3099627867709453,0.5923596986412649,0.3022968305997908,0.0913511963613572,0.2275239970237105,2.132977519557138,0.4285105495115035,0.5866193219175189,0.5519422255495987,0.3187543341858556,0.8079005661054905,0.9203412257622112,0.0759509816066953,0.2663046082473314,3.2075492364852827,-6.866457717497371,6.9354514698729,72.76840203467188,1.609777917178647,-47.709152689846896,5.790593291156263,21.34156994889705,3.931180402230453,62.604263562413415,2.2777663269794033,57.84148565875512,3.497396300367484,69.34160946649,2.1547030744550852,-68.78678741892898,2.8670212633541468,73.9380632299997,2.2093952492854356,-57.842203085129746,3.9890626153106865,-55.17389570649666,1.3198508463619731,-69.29555954270107,2.221723948031652,-3.965012081689426,2.3565726491362344,12.358499502679324,1.0583145541491223,6.840855692143623,1.7456998345351478,12.048279629943814,1.6048343000769645,10.99626493025792,1.5198214392457707,-10.634071218931014,1.4036744859634922,-17.82328702675014,1.9193717557708536,-21.964027608442567,1.7709578916409718,30.273595154381272,2.935830221261181,40.02798288604332,4.764515168582449,56.337508286889026,2.042485469611144,16.28109830144297,3.2447471363347713,1.0001056957385943,359.99984342488165,71.239219561678,2.9634947750149223,-49.65098430058145,14.455155261045988,0.0002807775183696,0.0206793964532013,41.081624093932454,1.9014486618199056,-100.00672685541328,8.123657524208838,-102.75824192169316,1.0027820934091665,-9.657134368258417,1.526638171976746,-0.5705257127013365,0.7745476818296468,-9.873949936998448,1.3751258800578017,8.540704929914767,1.6877573194067417,0.9001268582193911,0.8127736508656107,-14.811743284118268,8.231507302596821,69.17813295977439,3.178665666799646,-57.669239499635275,6.261631546929571,-2.38417343157115,9.643432171322516,75.60594414995569,2.207425515971849,61.491148407579814,10.26866129682272,82.27587353537662,7.482515409206954,-62.42927665118355,3.5002003633892187,88.16016199665566,5.300409446147384,-75.63034439428922,6.940684033691085,-63.234781729253584,2.4479436238671397,-77.21681142582571,5.00130698594694,-10.13596582229499,3.004146659176323,15.75993402255336,2.099066862761415,6.680769891676265,1.5199817409071947,6.568553289391306,3.9124432649690304,10.924262281848282,2.2074094597924088,-11.9010310852359,2.0001899771134948,-46.33633427290924,6.797253851800718,76.3224330012432,3.5812184573836134,-8.155603880855853,6.416070855434188,18.374636773527342,2.7644855771100545,-29.838593704363312,2.515055291796269,-26.17211419821314,3.8879816391601345,-0.0009402835221972,0.0201844781619329,9.564111730250682,3.914736374266949,137.37491274744528,8.82653112221206,1.332860482920113,359.9999994838364,69.11163839086935,2.1915345657296115,86.5774262688978,19.910549886474115,-83.19336056969725,3.036004989343567,-8.109782237010608,1.0499253683082008,0.0836545680649408,1.114940655077753,8.724018517976896,1.8562257537645204,6.613716694593113,1.298622347059205,-1.1625907013963208,1.8759057079375223,9.211687018383818,98.34014444444443,11.997158333333337,1179.8022834228705,0.4089454722222221,0.6002776898148148,l_hand,5.29596504775632,3.9166666666666665,3.75,4.0,0.371959775226914,4.910727506442749,63.44525448028673,7.740102150537637,4.253821491549922
ID008,KIB,5,True,180.0,1620,8.994444444444444,F,19,155.0,52.9,22.0,15,1 Dan,Goju-Ryu,Kata,International,6,12,Right,Right,Left,0.4204911024482585,0.5633687737617238,0.5682610281754821,0.4889829323924677,0.3919855575209408,1.0869909183015114,0.1614246194493299,0.0894647784748181,2.226098045389231,0.4169552503115533,0.5735633808192554,0.5467368790791778,0.4612128999077591,0.8888979745484193,0.662527267941726,0.15153237794621,0.2690625332952401,3.776151509107264,-2.733580120528481,9.345958757790292,74.25127886301335,3.5137601672157643,-49.2763855414583,8.898828866225848,17.349574986216474,5.756703360811644,63.67354426222231,2.7111824216676155,61.41167738179588,4.764158557950978,75.9671666443793,10.553753641972564,-71.95912727212205,1.892399858522424,79.15989642658248,9.256155992257888,-61.17181197861283,4.872522995222404,-56.198684726381934,1.7183074785351025,-70.38892066427489,3.4103369787124365,-5.280505197513593,2.4967049733374376,13.912072250771812,2.766514894062457,7.836454817986857,1.3435236360003024,12.743675101401234,2.438166132834226,10.276708336448952,1.5402339893295345,-11.351047299140458,1.4618807019528504,-19.27220448505017,1.488327504403582,-21.29239591589228,1.6005285290017035,30.265659866427377,2.7440907829843724,46.51178526475736,3.919017476267051,57.024771788357995,1.3515895835955902,19.974883898302128,3.1585687280172188,-27.99690958816953,359.99992567528204,71.11886081944091,1.5232915931628526,-54.278479752959264,11.915947168233444,0.0001371413401473,0.0267676283338573,40.92779708035629,1.6102709187430122,-100.02053492653276,7.736723443877054,-103.91355650569828,1.2462152084964373,-9.793270743742044,1.4481308359701828,-0.8082581757246616,0.6611108439708427,-10.140097531335243,1.3635581277717286,8.016994813480977,2.127297110426638,0.7622220722249001,1.150870655956444,-9.674018582080391,8.741353128366079,69.4952151883475,3.3586296784803125,-61.182362645654734,5.83854918777493,-4.635328563263521,9.177414111621903,74.82001922281042,2.81274747658523,62.993785920263754,9.68055609052795,85.15816803296475,5.453564874442833,-64.24582812973237,3.368428296905101,89.80716521537461,3.0897682231930617,-77.40752560042728,7.825348810314608,-65.5944954607653,2.3682651091540663,-77.92142112568584,6.131320484893735,-12.41519443558638,3.813787722820482,15.543016876311984,1.5239664371034536,7.740730295305477,3.204963894361179,5.928647652271146,3.6346013652030456,11.06609491737109,1.6664637621917695,-12.771713651939356,1.73928134157309,-54.77067412869891,9.622475566053607,76.05880142721453,3.4621762706995725,-12.780279194409912,8.847191576437424,16.172472001194947,1.993718023873976,-31.12565358511386,3.2574131425382618,-23.704172292560344,2.6550237571286956,-0.0007657114005049,0.0680712609389289,9.49128489013891,5.2091899574912475,137.71565927832685,11.936507887964863,-0.6693573928860019,359.99990006498274,67.89170003171101,2.7276506577446185,85.82076109134788,18.359337212902716,-84.20179545437985,1.7463209908835324,-7.95617358156344,1.1033869243121908,0.6370800899273651,1.4892208416968613,8.104957589422373,1.754565247871132,6.617993236305614,1.7733006333473649,-0.5257331781434992,1.221189144995141,9.729922080145212,99.44574166666666,12.702438888888889,1263.2034562810647,0.3912545694444444,0.5926732592592593,l_hand,5.555580654455057,3.9444444444444446,3.827777777777778,4.05,0.3666200181777304,5.25787078576926,64.1585430107527,8.195121863799283,4.462349764935097
ID009,ZEN,1,True,180.0,1620,8.994444444444444,F,20,155.0,72.2,30.1,12,1 Dan,Shotokan,Kata,National,3,4,Right,Right,Left,0.3383849549758441,0.60545119884883,0.6537693536690772,0.6651017407432291,0.6131943328356648,0.287231822319578,0.2184633338402374,0.1944647550494518,2.555188933287071,0.3466102187127423,0.6354201926839954,0.6250782678076735,0.4723168293167157,0.698963579397105,0.5937096021559229,0.1321338202174707,0.1498084657208818,3.6280440342110936,2.074368444061366,1.8754993159560591,7.894370012854002,2.5832301544425995,-32.75665267024819,0.9559411958369496,22.26226185637248,2.92194254774774,57.52440770474224,1.0582002778881332,27.23742951415602,2.502064044863342,-11.86921710638824,2.852877880567682,-12.034868334994574,1.3329507240298568,-3.0082582730457736,1.9023638572647048,2.336236768931397,7.716697015646212,-67.45365363578459,1.1605741365946898,-10.284124520363502,7.730960211185602,14.857220017092148,3.940034023348907,18.61565009006493,2.0016177122487946,27.70477099395685,4.738325603832674,16.551247854742677,2.699437528742603,10.993153919651174,1.0936288049899066,-7.06131392706291,1.9238126171431968,-18.964196728719863,1.8399885736112012,-38.59324284688422,1.6794160029308358,19.05275933504968,2.2545406212203254,74.14732497510272,3.1513106664310726,20.451956032407058,3.680317616936726,87.91245943109965,21.521333931136297,-30.998669123370146,359.9999837372271,68.78687257675415,3.1454602520788484,-78.11192181192789,9.23388198323319,0.0025397298540807,0.0792661919459595,21.262878252949164,5.548704703503073,-105.6575430744489,24.58472693254164,-52.464082852153986,1.1312139213995709,-12.056947835886351,1.046592697338875,-2.29038031416255,0.637866189899847,-19.988912233718867,1.2893906541200195,12.981540701378997,1.4241654576249196,10.828716424343853,1.116740939394873,-7.1805014642837035,2.219434724809261,-17.372300030555,1.4644709816305728,-16.294613344604073,0.98262692269304,3.342215928026941,5.974769438002688,74.56169655286332,1.518013827610929,3.6757842033003496,5.514965750996681,-19.255930976964823,3.987231640784607,-14.582658272916204,2.03740248972211,-4.683705742707478,2.310549819548326,14.417692843904488,8.57012167637429,-70.40013081411567,3.0529987526312965,11.424032817938755,8.704715687755545,-26.21951871393324,6.04282649340076,21.142448113750113,2.531752999624739,22.45394485953631,4.95077897144958,1.5231841639958352,2.823649488991056,9.22095603192194,2.8044636423629568,-6.189455968018158,2.7342170566647734,-50.20131035380592,13.616207409933551,81.72565785929751,1.5313045140073314,-36.741671012791095,12.266619347466689,23.939717161438125,2.9738497018646157,-42.97139245628302,1.9038637103175304,-29.620922508700936,3.0692903403783056,-0.00025780492596,0.0417022429488801,14.780116687917024,2.621928719673896,158.82963586486272,10.498379394462177,12.666461271900264,359.9999848218946,60.50648541812946,1.1031035380535317,95.59596641553976,10.896334971737474,0.9819624596254574,1.0506069495933117,-16.340898761441785,1.2026722266318297,5.227426574736667,1.0593066644508855,24.233911113585904,1.660261348206511,16.090991106200615,1.1664653201397552,-5.334509236653148,1.537797942989215,6.268462077393038,51.04893333333334,82.6569138888889,4219.5472866529635,0.3670281944444444,0.5361721296296297,r_hand,6.126357245764178,4.283333333333333,4.061111111111111,4.394444444444445,0.4217866797865014,17.563152077639806,32.93479569892474,53.327041218637994,4.920808555559665
ID009,ZEN,2,True,180.0,1620,8.994444444444444,F,20,155.0,72.2,30.1,12,1 Dan,Shotokan,Kata,National,3,4,Right,Right,Left,0.4237400017186782,0.6056325519454634,0.6598558867106898,0.3956357876572336,0.4236026967990747,0.3282669622431178,0.1344215439929676,0.1241310544467811,2.4187103560769265,0.4222248833341777,0.6410644367911327,0.6336282679505055,0.575125193235293,1.1986364795485316,0.6350238505619443,0.1471175477303882,0.3241165135189472,3.970039142096376,3.660125367094106,1.9699652864305164,5.118189015408764,2.397795690077939,-32.886874607148584,1.0908428000249728,21.00433439783459,2.4677021985877587,55.99700660927491,1.302401331391863,25.192862024042167,2.9062558190482335,-12.136069506953294,5.796378399893136,-12.470052964561912,1.3418079139381387,-2.502468503364256,2.324983210131916,0.2443399642416722,6.7250661701814805,-66.99024327397845,1.5983058397847143,-9.278799097074286,6.337744050722952,15.252920483034565,3.2574342794587725,21.84581328784868,2.0153818677095323,27.02819066322815,4.740254888857649,13.240217781997757,2.462035850997996,11.369210278024587,1.1881542762893442,-8.04739931970072,1.7037793217539656,-18.01711171031155,2.225950896030376,-41.59727462912608,2.0985695392358252,21.12880501367339,1.9163273277838933,77.34604518021354,2.5918743527461316,26.83449214882505,2.203029294128928,87.48060571566349,11.022351268467617,-25.997874142209195,359.99997685053853,70.44137692886159,1.2465689751533944,-80.86478445889755,11.2782954494606,0.0010156180280765,0.0332593994667871,18.310831932001552,1.892789925800482,-107.0152631103691,13.633023693665322,-47.77895900865088,0.8830281319871531,-11.16851846989231,1.1313727132563436,-1.4477326768238734,0.9721892387109892,-18.58790259207938,1.671239110526706,13.358961605078846,1.427712993039206,7.960082526294963,2.265717295100303,-5.725691380796873,1.648544798365407,-15.51954790397721,2.241729048052896,-17.375502133850595,1.3733280334557492,4.937809861661503,5.511199571696835,73.59827547638375,2.1069890777864373,0.777314503453394,6.452460587794042,-19.11103310060048,6.618207820926436,-15.422944017799074,2.306533391946296,-5.085871237469751,2.107689575179618,12.098870826483031,8.599987537282125,-69.65760677257364,2.7382326104474117,11.438488159012088,10.104731629413733,-22.145156263152693,5.802322457897237,19.76226036413761,2.4929880360913614,24.38029124963967,6.704521177457426,0.398870244188415,4.715210402682129,9.470525244121228,3.098974661003764,-6.178939941728165,3.077679174534558,-63.76923150813055,17.982421201722403,84.40121225388614,1.3746539631249988,-47.5303780665165,16.427444606606308,22.712326430041124,2.6112437646346756,-42.76802386322285,2.2237267655251003,-27.973516065580977,3.941197872432614,-0.0001885794241448,0.0141600590659646,13.576609572016954,2.1086598526747498,156.51487770441577,11.785443021991142,12.66730193096889,359.9999997507581,63.0054822729487,1.6545177826791146,91.11547828934216,17.64836298146895,2.3213184564826417,1.38739896624504,-16.45222024897626,1.5587329827512342,4.864270885227092,1.3834612292125923,22.02082404363337,2.2836096688183645,17.173682189445465,1.7740943754766008,-6.988527235936656,2.1953041087343417,6.17771182294205,54.41061111111111,79.174675,4307.9424512736105,0.4531990092592592,0.5469083842592591,r_hand,5.579763222525674,4.205555555555556,3.988888888888889,4.316666666666666,0.42571347529721926,17.931082003220023,35.10362007168459,51.080435483870964,4.481773671031917
ID009,ZEN,3,True,180.0,1620,8.994444444444444,F,20,155.0,72.2,30.1,12,1 Dan,Shotokan,Kata,National,3,4,Right,Right,Left,0.4224479185217381,0.57799708976845,0.6473392540850301,0.5031642909244627,0.3092323793886908,0.2838707853124234,0.1611631940772281,0.0898753204310633,2.5483454619128048,0.4197732788880742,0.5985578752042362,0.6225738809843598,0.4972809041316472,0.2850016571904534,0.3363870382310452,0.1451568610163045,0.0766608815847143,3.446707625084505,2.2266164990331463,1.5749754797059548,5.967743397217599,1.8173005864712684,-33.703470168490625,1.269628630239616,17.22387673261282,2.441028558240019,58.24835955442867,1.635761693365431,32.04644091957531,2.833491125725505,-11.48956620799568,3.414765233644083,-13.833435206353291,1.661207792960525,-3.901765374157362,2.2088002952943895,-7.797448560078016,5.726691775206569,-63.94827908621214,1.658269966394016,-19.48116126327655,5.204996491194976,18.90335637665485,2.4524340498290016,24.95425326689694,2.1898662341529764,25.122656134040152,4.90154690595298,12.94637273877415,2.004684584613715,8.250618507616235,1.1997252153358875,-7.063771384088077,1.9874802075690043,-17.295036307262478,2.27835868921413,-40.62399292531117,1.042050814662531,18.38782650250189,2.1296661675154915,74.69810930563084,1.9264862818366024,24.01750230105502,3.013640305237878,89.40088154039987,10.573751287778478,10.998636109134091,359.9999837611815,67.48572005391294,1.5766586285635498,-77.83883013514547,6.79350880833438,0.0031456124438629,0.0625225202740856,19.194062282379996,2.978666939254879,-106.07416668281012,13.09578763485257,-51.33037949652362,1.1685335065315812,-12.524809158006429,1.167820397017989,-1.617151251216614,0.8663907249845049,-17.681562485129234,1.3996817457181443,14.28535846942121,1.4297507127183149,10.715941374473402,0.9845965172883986,-7.891336008505668,1.78567403185935,-17.584284022973765,1.5623735385005375,-17.16568677265692,1.2414778078159614,-5.044312907878387,6.729094879954892,74.88912142055682,1.3016361726620858,14.417411165840022,6.956117153389458,-17.890498245730065,4.683497494652306,-16.658078845671874,3.2455059694044692,-4.670698987495161,2.9519589477891968,5.01338862815916,6.606474704287249,-65.83763317381633,2.028628857379005,0.2019366686986635,4.946892379573669,-18.103956744285057,4.566147054348557,26.0642544198634,2.003916768545686,20.565368634105404,3.93940091879903,-2.535484440713627,2.098836378546338,3.989293864835974,2.250903138644076,-6.877615358213224,2.28027458384288,-52.89984422069678,14.83198724835934,80.10011163792332,1.8293141414448968,-46.02937500726801,15.583023359090994,20.370153763715628,4.152810931846531,-44.620188205171125,1.8275525337090883,-28.19743325394941,3.768447758118981,-0.0006215210883935,0.0171013700489485,15.090448321315328,1.5773080606770655,167.5677218066637,9.888695475370156,-33.332278100725794,359.99999926852416,61.0463771992074,1.6614079464210292,93.90587536632916,13.468455092540054,-0.6964974153673282,1.2450720245876534,-15.694567155365924,1.4087432832387687,4.912181829242708,1.1779109058783988,28.050139192804988,1.396590405255811,15.877939513334834,0.9835345300910968,-8.318080858630585,1.8329438570455976,5.479938857676792,50.78596944444443,87.84948333333332,4461.521176276897,0.4373478935185185,0.5215094814814815,r_hand,5.745665640948954,4.011111111111111,3.8,4.122222222222222,0.4176382284419549,18.570327476698843,32.76514157706092,56.677086021505374,4.615029700221165
ID009,ZEN,4,True,180.0,1620,8.994444444444444,F,20,155.0,72.2,30.1,12,1 Dan,Shotokan,Kata,National,3,4,Right,Right,Left,0.440644182082169,0.6395771110280606,0.6482636871512479,0.722399169360155,0.5855151165284789,0.1888721284959427,0.2495570117175551,0.1322941041342974,2.5768838222332127,0.4425991433356055,0.6604850083867299,0.6280004712844878,0.992902156258696,0.6818521610348571,0.5666218122818867,0.3203505620981536,0.173061057409442,4.258779778001233,1.1039054693598325,1.3824565401386666,5.127853331549021,1.3596019749324917,-32.216762216124316,1.114797079464374,17.026964541849754,2.5555975936899795,58.789385910091966,1.2897543060302894,30.815956499301663,2.2560000019170268,-9.968054354423948,3.450240669318829,-16.190950762730036,1.57308585695867,-2.7053965666187905,2.6481752468941417,-14.93237319246524,5.689058433964156,-65.6428024037102,1.061260415383586,-23.393060734074965,5.530454789958959,14.062922530913488,3.845619833813112,24.614190466387143,2.453195467304244,25.597746146553543,6.09985654476829,14.770134544488428,2.361675304535522,8.817078777027316,1.4917140612850197,-7.536252128265413,2.618232426781047,-16.59814411496575,1.7177834956220668,-44.17035931202351,1.6984475888802135,17.671722308886828,2.2573581088583694,75.14478542528927,3.4911193881735727,30.01625107101939,2.5283428088787474,94.86656670735412,12.72304191996028,-32.99808653243779,359.99994066807085,65.65114840598383,1.4988136260139413,-78.76501750865327,15.206058812620867,0.0032103927556639,0.0515018803257597,19.563831468863196,3.315268304952337,-112.94011932099788,16.323991231438626,-47.96286032737328,1.9217764938952513,-11.552394398736295,1.3516527129777651,-2.6071706144345583,0.9114147171836064,-16.607449462034356,1.1763225870337006,12.271805656395816,1.79859307448055,10.538311776153574,1.229044711708914,-8.903393216506187,1.6551984006411224,-15.993690857764006,1.560584566763163,-17.258450413498522,1.8152628046396015,6.882489385185845,13.24998106190961,74.2888247676686,1.3932463528074803,0.5708319397679936,13.153489407040688,-18.09036782922529,6.783048126990579,-16.5841471086101,3.246110692925706,-4.7816596122894675,2.462595721881928,-0.6509053142956412,7.506830193131203,-64.83310200307899,4.213715166669523,-1.4557595451293155,7.1086389297276735,-19.84490675118395,6.3846985816177835,25.04642933871063,2.524798804741664,20.91629937037433,3.745107846286423,0.5429721240039801,4.60251841796599,3.0909358792178403,3.7088724589155087,-6.273972460415191,1.782798451778718,-68.76360840074993,15.73248231382624,81.81431679019691,2.817893124171931,-60.32976779926998,17.494423941922562,22.667075013592452,3.258272345699382,-45.752483165073755,2.115970067268009,-31.775676843926245,3.1046463265474955,-0.0006923050602639,0.015404025474926,14.019805259131566,2.3707388071611017,162.732718226021,8.946025480579777,32.66583286016576,359.9999986864621,60.05957068290992,1.414029684379713,88.5596854915733,12.066676976836971,2.1044247391436355,2.348462276022877,-16.604394634934533,1.7798106997057117,6.400565648035837,1.6283537083855937,28.07417207183594,1.3547969966948017,14.08585430458164,1.8518616040858475,-8.685956189262075,2.492965248458816,5.721999560827204,52.03604444444445,84.10844166666668,4376.670608719631,0.4549385416666666,0.5712101481481482,r_hand,5.914614286984566,4.177777777777778,3.9722222222222223,4.3,0.41823463687177287,18.217151337022397,33.57164157706094,54.263510752688184,4.750732518308875
ID009,ZEN,5,True,180.0,1620,8.994444444444444,F,20,155.0,72.2,30.1,12,1 Dan,Shotokan,Kata,National,3,4,Right,Right,Left,0.4600085182679344,0.612487049436692,0.64888184264134,0.4316653355012356,0.8199452376194905,0.4854778153658312,0.1214218083645568,0.2568788901224826,2.650836575269513,0.465560455199257,0.6327300693530379,0.6275982063711958,0.5354869141684704,0.7225110839574778,0.3374222044614239,0.1509334990429263,0.185454573046059,4.219976911498103,1.6383469060007696,1.6191198613691735,4.570740727309863,2.2441174003345044,-31.39561137519458,1.358094389429635,21.27509893720176,2.9664260752027616,60.139552071998395,1.9382094430376284,24.431482588052656,3.4641162932731824,-11.730525207320596,4.924193875383388,-14.514659728569756,1.8835594461277907,-3.620027016346557,2.2639072254519323,-9.19872834122302,6.564810309675616,-69.52971719700699,2.4073413155815047,-17.173297731535577,6.323949019991556,15.312364357618051,3.713795176288343,22.367654502222933,1.9724813548219335,24.013690024045015,4.821041491623063,16.443795871795693,2.316359924409692,11.523350665026928,1.3565350785065284,-7.689754558022494,2.2455914356220443,-16.497535848776387,1.9981315602429213,-42.1411633082264,1.326070292092993,16.945689085456834,2.070957675041388,78.00860804810078,3.9132453954219386,29.97826092053274,2.9035736847356652,92.5277778699864,10.31876608923585,-19.99951133258904,359.9999684693218,67.888678270765,1.8916559262972328,-73.2010044671843,10.804879414326834,0.0040730316486859,0.0365051655267468,17.585004467074008,2.6588120062413623,-109.28616810851123,11.305817837278653,-47.80009071613542,1.5494414251519188,-11.646273356141508,1.160745239623866,-3.036346621283898,1.0530468387546763,-17.2718905401873,1.7698500016368754,12.236925883592631,1.2888679188632857,9.665997900302632,1.7842954449143915,-7.942128337598371,2.3174763062997963,-17.557501435284927,1.617221824530752,-15.537454513134325,1.4257111892769014,11.25449514606418,12.343701102367334,73.30204283833567,2.448649022214127,-4.692209149189428,12.31700948704898,-20.914316621605032,4.867736308030807,-14.692931325578847,2.80490570017775,-4.713077157893314,1.8831391542820364,10.253243214695566,9.988976869692689,-68.0006568729574,2.111151274944916,8.073948306429225,9.43549182838566,-20.36265830890775,4.564340335156125,23.76510074555039,2.220791980740877,21.37305483263276,4.063954938780846,-0.6293326955809104,3.320764312660747,6.981412459370891,2.493374922165832,-5.347805603443827,2.4335026525858625,-67.3795029151384,6.605949138866464,75.99654438920338,1.4765895420348445,-66.87187363637814,7.723152378861293,22.35320025162845,3.8696428014166817,-42.19068209373952,4.282944428468696,-32.47052047797014,4.552762410259614,-0.0024799225010438,0.0544477903916271,13.88437212950607,2.32780282952387,171.9738904080701,13.092539352121063,-1.3326649124023304,359.9999999224102,63.01341081220587,2.08469873016098,93.31679927210196,14.249376385188128,3.2121417287715253,2.460902497810491,-16.562172854203517,2.2137925489857935,6.014336154334463,1.9444552424409451,28.955053679641264,2.4812808824282016,14.50269877936649,1.408863402739998,-9.576789180448808,2.2740527639474095,5.652946978750281,49.99574166666668,81.48112777777779,4073.709415086437,0.4869537083333333,0.5307405462962963,r_hand,5.501861352995294,4.061111111111111,3.838888888888889,4.177777777777778,0.4186334468653806,16.956126597654265,32.255317204301086,52.56846953405019,4.419201383667475
ID009,KOK,1,True,180.0,1620,8.994444444444444,F,20,155.0,72.2,30.1,12,1 Dan,Shotokan,Kata,National,3,4,Right,Right,Left,0.4135641795855239,0.4625475019313099,0.6522690318198542,0.8143926873573848,0.4293185589333337,0.3361826196380257,0.2054962953204529,0.1047625888344536,2.695917939516194,0.410012438770332,0.4906601166028688,0.6513080028210505,0.5876618753535345,0.2018665568489119,0.218813152995434,0.1460749960553539,0.0482308133926484,3.611165632933244,3.865215128240948,1.0870353136866844,28.631484698261268,1.075904565484194,-20.294352708824885,1.2324049314061796,7.55054547259547,1.9268298333623024,44.099315006446574,1.835302334277074,30.824484579431264,1.389153544718397,-24.818433694399943,3.8759358932290233,-55.863176672578014,1.4226193033608538,-14.765943973924925,3.841133710479056,13.40424814162853,2.284523485786922,-15.507260497926902,1.3653770370816591,0.5807413777306116,1.1164383388404864,-3.501742441551616,2.608960943722795,26.946544468774103,1.4582219312151885,13.529878297816676,1.5336269555087352,16.928227407951866,2.283050791429126,-30.730946643095837,0.7976480439945028,-8.452162317256432,1.439277310383071,-10.660267442355298,1.7273278286003038,-42.82947960248123,2.0921254924047403,18.233539875074104,4.48116163123283,73.77875704589871,2.776073704085505,22.739448243648287,2.862834951344663,83.33979994509072,13.8063950415807,-17.998890100273925,359.9999823681868,70.37540282779185,3.255265427159131,-83.15818883475411,11.28652728611479,0.0010391449147464,0.0360645776832627,21.67611668946588,3.725389350989559,-100.24173517713102,13.29479910413238,-58.77974525596762,1.1460391689366318,-13.247466453222868,0.7961321264366159,0.9917421288358752,0.7667090545965004,-13.061230908933872,1.4703760171170437,14.729187014956535,1.5365431869253072,7.308055331491696,1.9818370736487656,-16.608121503901277,1.877261470475986,6.667939131767179,1.6059765797029018,-11.94347861570897,1.0142607450865704,-7.57904654490897,2.774141399242559,58.26064338067197,1.4915316590794347,25.431617463424445,3.18825725293922,-18.70985005372309,3.560527751739208,-47.23646256703343,1.8518750839432911,3.942325172801186,2.831535789505006,13.10520704918835,3.009342195042196,-19.5943545578686,1.912444661897311,3.8902996665210248,1.4183851183605751,-18.567633024852576,4.5449077648266005,26.92082565548201,1.6365375512312923,11.54736506505582,2.8098510064740054,-3.737736654468222,2.889665420278924,-32.130416180115056,1.899326009155427,-8.246005582163443,2.418478205309506,53.410050945017005,11.4328518317421,79.30132987999174,3.1495184789757644,72.23249661286981,15.093436025320386,23.465832608217735,3.2009127441240786,-48.938263464644315,1.1328718131293414,-25.467222851560713,3.795789039827774,0.0027995826184851,0.075983368994534,15.697260416893885,2.777398288453572,153.43218630262,17.473532842167657,8.666300786383033,359.99995309187466,61.954842667551205,1.1836833363912262,87.3422834289457,19.27037546311999,-22.93939613669597,1.246988488927201,-10.787112894895204,0.949481587283838,-3.4745382975068972,0.9213065850535532,25.28062419165979,1.4519637285966986,13.854345966928008,1.6181767481791436,2.811002094995746,0.9911893857782056,11.979698083924433,26.584127777777784,92.77155000000002,2466.2507393425008,0.3742245277777778,0.5653665,r_hand,5.609380238758758,4.122222222222222,3.911111111111111,4.233333333333333,0.4208187302063575,10.26535167260146,17.151050179211474,59.85261290322582,4.505562630934749
ID009,KOK,2,True,180.0,1620,8.994444444444444,F,20,155.0,72.2,30.1,12,1 Dan,Shotokan,Kata,National,3,4,Right,Right,Left,0.4376063122516381,0.4505573265026169,0.663341878959636,0.4252411791122013,0.4116274792510421,0.265798385556959,0.1032310228980454,0.1108722081209827,2.159258700948586,0.4301948001330947,0.4811550307012674,0.6648896222153207,0.7703985529688373,0.7228149591828603,0.3979919027763179,0.2498153340240205,0.2012024644637037,3.548039747353013,1.731810430988438,1.7673875029944353,29.985711998342772,1.3423226305150315,-13.123895710970924,1.7045104681562684,10.076429146707492,2.7502588932037426,43.97435950091308,2.771882469557312,25.165488997652194,2.1061775239195555,-30.780436039520477,4.425329559275472,-56.07325192065457,1.3289514862088367,-21.23479781576249,3.688955269781438,13.489535816714344,2.1727528535469194,-17.881577301652527,3.5424807744979603,1.9510196525468555,1.4424613268513375,-5.705375366485986,2.502957602789973,30.052160928645417,0.9590028408824658,12.20662992350638,1.4604387437524051,19.11495107071099,3.631017419210302,-27.483460434124268,2.3758983448076414,-7.218323003673228,2.0609032325130876,-21.315377283505228,1.7703135869646225,-40.392883536185465,1.0876595476336632,27.402530529176563,2.0311543591811088,72.12561988796892,2.715898046201076,26.154613992312942,2.247692509825459,81.04366793821647,10.926203423194195,0.999485007858632,359.9998134425959,68.1690460141155,1.7043937047173898,-92.02514909133664,9.206883906911756,0.0019562664710256,0.0532185688112121,23.39395977271353,3.77373202046779,-98.3990916407814,11.647941087241662,-56.52172365380142,1.2833730617149612,-12.749982481730989,1.0137304755675824,2.9791827340723467,1.036493254314124,-9.77229503398076,1.0331733496032791,16.824779184910692,1.0083295630639348,5.036685197027928,1.0407792772584372,-17.85214848205472,2.4307439725744437,11.313941227714022,1.850050325702,-7.102405467749006,1.7708891750335294,-4.322417855869855,4.645078835406578,58.679920162548335,2.053931000905848,19.34041137103913,4.117262532865343,-24.054851651308297,4.478525064184836,-50.632396352393776,2.4029226267610255,-0.5512131029390174,3.768530306517115,11.949677085659276,2.7225058446247914,-23.438370189078263,1.1902115852200763,4.141025255904227,1.447695680060613,-20.80490845353731,2.9389308890239434,30.17843763790919,1.5076632005279222,11.380597591176144,2.917729852968824,-0.1917584673011626,3.2463454914040772,-27.80035321081852,2.0232097062685455,-6.278583940178981,2.3061959169701005,51.01739448229847,11.10133427169957,80.12180205204231,3.860855722517698,75.44501624466629,10.219004907497762,22.504059820913476,2.1232580323759827,-49.29607771018612,1.159205910580141,-26.34252595035646,2.8270908887173327,0.0035172720802741,0.0584986202230719,16.48666856513553,3.1206559468909276,148.56903066569714,15.551560176566255,10.666187927665655,359.99999904282527,60.8868087329144,1.3796200435494157,87.10195017451153,16.174478211074955,-19.519519513050938,2.081219085337626,-10.434481464391329,1.2998604333104122,-2.410554981882475,1.4269473013983185,23.52507606162872,1.1852086861634277,14.651004169516762,1.4426577759196435,2.3755736629054853,1.8812841116571155,12.92711421700405,24.83598333333334,83.47347222222223,2073.145764886575,0.3885080879629629,0.5736249999999999,r_hand,5.584760046298768,3.727777777777778,3.522222222222222,3.8333333333333335,0.4279625025546039,8.629118688393651,16.023215053763444,53.85385304659499,4.485787216469585
ID009,KOK,3,True,180.0,1620,8.994444444444444,F,20,155.0,72.2,30.1,12,1 Dan,Shotokan,Kata,National,3,4,Right,Right,Left,0.456534105627436,0.4132784846349758,0.6624966731167128,0.4031628807456278,0.2592359657801524,0.3678925515120057,0.1085970034936686,0.0792373011393258,2.2134796073057617,0.459648032324866,0.444897760474438,0.6604678899824005,0.6822182204388239,0.543884116372112,0.3083568508007506,0.2072208001143814,0.1451681102059782,3.69662145639092,4.962606395918687,1.450596507484862,30.336476131112036,1.3978545934479705,-17.496622956632795,1.8874747322303695,11.3319669197934,2.03378709400398,42.30909485417352,1.6456348742564302,26.016808826513444,1.7877036802275512,-29.654663986427185,3.880117572150183,-56.48272730780049,1.793047011607591,-18.092595638848543,4.3844165413633025,12.993304597783172,2.5012169740372663,-16.147386758169635,2.6086137520571295,2.8102949382124787,1.393183889349639,-3.486413540395945,2.1681951976572953,27.629940047608507,1.3693529232758124,12.56227970377218,1.7927431731388117,18.589884380670902,2.3335717703313072,-28.4331289729894,1.5724526408973212,-7.782041459861427,1.4345019485501431,-19.30734568402635,2.333463494753925,-40.379323207916435,1.1025300917264218,25.38774079721343,3.4381511495403636,76.39888754177822,3.547458442486274,20.02716022533841,1.617230698706571,79.18666759936308,15.797661510096262,-19.99929685824774,359.99993500202993,68.38276615359504,1.9528051827459765,-90.56365240179608,16.81694035448571,0.0029707353546536,0.0406711730821261,20.133898234515083,5.095947571294111,-91.71946464383876,16.089436872942954,-61.73817952554761,0.9932710168181202,-12.19896349328037,0.7327048539157506,2.2595830347502384,0.7951409674966323,-9.706840854619465,0.96223975732536,13.952785803558532,1.0686864559569962,4.6472269736700635,1.3322896142046696,-15.5163209109986,2.213368977062732,11.294418029129927,1.8077079150105144,-9.960333925214949,1.0633952367930082,-1.4288492372861212,4.01835395339425,56.52929938878541,1.6814342936119289,19.50488153650413,2.8690148385439223,-22.493963058427944,3.817727763992284,-50.86511240061208,1.8394324776371036,0.5055686659099133,4.042659148691605,12.351146885607664,3.091382262479277,-19.369260772783612,1.6203602387698377,4.692767576257406,1.344572684741192,-20.51818943878449,3.5030334124563076,28.83687444484452,1.682093781127314,12.806924646505728,2.7806393064229695,-2.5239079250661027,2.461341777929856,-29.30770166150138,2.2497363201437537,-8.36602021956278,1.8987968569108995,52.09959347674032,11.76891206055484,79.1002305682069,2.9027506778806327,75.57216388443797,14.955923039258266,22.935038708146404,1.9953575818154403,-48.80967469381579,1.5303512726619315,-24.434467845869964,2.913039043459527,0.0052640986671597,0.0738825232716519,17.610857167966895,3.5561070432690993,148.9200749349906,21.789821476803723,17.332910569336708,359.9999987096248,60.83735352567145,1.7006101970040248,89.00503625281362,15.709553353534588,-25.278933677682236,2.2436553018687846,-10.226395686705974,1.5298347701002868,-1.8609962903813615,1.1315456908686032,23.497667132860823,1.1838592787604083,12.424774927400026,1.2483232433583955,2.502894799643065,1.9548119171170544,12.777940331015255,23.93023611111111,86.62089166666667,2072.8583897383105,0.4154651666666666,0.5319531944444444,r_hand,5.404756561404081,4.066666666666666,3.85,4.1722222222222225,0.42741720846239534,8.627922537932614,15.438862007168458,55.884446236559135,4.341204938132364
ID009,KOK,4,True,180.0,1620,8.994444444444444,F,20,155.0,72.2,30.1,12,1 Dan,Shotokan,Kata,National,3,4,Right,Right,Left,0.4746599824413935,0.4481218032764076,0.6637315361985262,0.7156392421946323,0.3396030744075851,0.2586043787666359,0.2045424911321368,0.1008295007833618,2.5344462596798034,0.4825797562588105,0.478143440982632,0.6632888790306835,1.7044209572713742,0.8302007918949639,0.3168226825705389,0.5236058432004528,0.2149176183544884,3.7965218417088415,4.348159244782603,1.580566343279445,31.028151832221425,1.7188059979014485,-17.23039263801691,1.3153086161186422,10.455604771264696,1.838357471356364,42.459933189181655,2.169539758460971,26.56504299234192,1.6770960209803576,-29.19168437052708,5.857340477048332,-56.3568807453623,2.263731770994106,-18.38370437425821,4.906684503862273,14.821180933272228,3.0901964465079956,-14.964236633746008,1.617662684280214,1.6718135621115895,1.5732820922978417,-4.292192667166938,2.498170854675549,27.49332469597192,1.1921433337425,13.326257931217768,1.322685341256328,17.747628203857143,2.269882052752166,-28.78661695089172,1.3575321813309706,-6.581442386256006,1.9827035342379515,-10.324044979600966,4.895154123306063,-42.96266300012197,1.5513736813718282,16.888988561046986,6.963711652480336,80.957639293924,2.5844863871921433,20.09476856648483,2.927404150042779,75.85888863571509,21.67157552926055,-18.99745397063966,359.99991754590366,69.93271449276617,1.3968395376743814,-87.8665365054112,9.745378176817567,0.0017791035346174,0.031797242176865,15.169515583828078,2.5888379228521767,-84.8913326471696,20.162522181412346,-59.896801701780504,1.319022602038899,-12.165755731388067,1.024125080759131,2.044754740078933,0.7119961304555311,-12.210205477494892,1.0477327245486467,12.83933417500094,1.2287665867041309,4.777687981635691,1.424378689084647,-16.462960831294186,2.8384108074735295,11.412430876767813,1.7963777173636402,-10.12505349799458,1.652674626489219,-3.17324716086432,2.77878159308678,55.7623424068383,1.9547728325579428,21.354435076038776,2.765712935546105,-20.874510815828224,4.602768443283388,-50.17855505782298,1.909356866353761,0.9335119342274631,4.210011332731373,13.565374360833038,3.2436619084552714,-19.521471341377467,1.42345638468365,4.362948412238235,1.1638115733764711,-19.33984900948297,3.27690275179474,29.043590420664263,1.549672512521585,12.717064198783486,3.255591783023281,-1.758258224986412,2.3534485891724723,-29.595514660252768,1.794494286746815,-7.185526117125948,2.001389240785856,56.501210556580986,13.64658538535096,77.88127918973534,3.6124338301508345,74.2596192953454,15.609489835392992,21.723288784013345,1.9601551345388408,-44.31402358279622,1.2309369905689564,-23.08934430920587,3.4029687221123197,0.0014694730151288,0.0902096544740025,16.354451207372374,3.2226697243678277,154.79780364576396,13.795902716185168,-18.666164767570287,359.9999718387786,62.02998472163955,1.163174328859391,93.08832207177682,13.951879750229338,-24.970825034491,1.3309088920406251,-10.1357707132364,1.5101183814100203,-2.04883704454348,1.2886483499247403,21.782606826135996,1.4512972753666915,12.63745366628048,1.466462909852121,2.763794220866089,1.7498777058559167,12.812671648612469,25.304647222222208,86.49926944444445,2188.833498271612,0.4376386898148148,0.5630638657407407,r_hand,5.326572396241679,3.9277777777777776,3.716666666666667,4.033333333333333,0.4282138943216298,9.110649316427105,16.325578853046586,55.805980286738354,4.278405905459817
ID009,KOK,5,True,180.0,1620,8.994444444444444,F,20,155.0,72.2,30.1,12,1 Dan,Shotokan,Kata,National,3,4,Right,Right,Left,0.5098836591891923,0.4560667561288763,0.6699293798779579,0.945369867685708,0.2621586001947285,0.1540169353221099,0.3161750612835342,0.0577603806744598,2.8471484051651355,0.5049968761221868,0.4909547194190335,0.6676645011527695,0.8026082005010982,0.404882842861487,0.3977287769819759,0.2671186825220273,0.1095081746614247,3.702592668709865,1.543825308128949,1.8029370770765196,33.92733869501906,1.0122157860583556,-13.189909980026831,1.9631206400814332,9.558217735065876,1.7636604266587383,35.99847208421057,1.574835575211374,27.226648490905887,1.347923011209453,-26.192413655444135,3.3879558187125625,-57.05814543698079,1.240508633123028,-19.050091863834417,3.217663642870072,14.956371553180638,2.15789507204847,-11.407601348342562,2.029349407348546,2.802430688449387,1.442299395299683,-1.1356037185673833,2.4079902417937,27.94890960935631,1.109546506349005,11.03316848505268,2.1439760785539104,21.240881937991336,3.2278160104498177,-30.262119711616556,1.4787475084550152,-9.221695026101322,1.7260832988835926,-6.859974422493392,4.500437910059242,-47.05561029167663,2.1815802842276355,9.410184901967892,4.751404499549935,76.00305734609623,3.0058894075128535,12.932346659227116,3.56616907236174,79.21089342230688,18.184608896891337,8.999983351204069,359.99994721922945,67.562348420893,1.075636959632746,-81.4800046050117,10.866721517956949,0.0061511749839909,0.0575518558744925,18.399831164579947,4.356724321840398,-89.6694428721585,15.976540339461096,-62.99185566783662,1.4267252381210938,-12.202468775304306,1.0410346371741106,2.451675009156738,0.8043346554953623,-15.552488970229131,1.2326105260245992,13.54043385981003,1.330893992600101,6.847074463862921,1.615966568280454,-19.476436969396445,1.9804791489317175,12.3604004506914,1.7367339389881238,-6.71935373345218,1.388600867941765,-6.187849661161897,2.856520043478544,55.78251594855236,1.9643227861936765,20.72661862185153,3.033903357535941,-21.126741240533875,4.227660944392891,-52.31329895328398,2.268935150432952,1.5835816812167387,3.442690836620062,12.021967825960086,3.755386238561467,-18.90304462422846,1.066136733817551,3.6420030667652,2.242869491420574,-21.77422294554737,4.272220130319777,29.01084885050765,1.9085280523453536,10.953860233622713,2.4650991069508965,-4.395743314145439,2.607157787978053,-30.66249230666523,1.938852146053609,-9.371402343248686,2.4221771043992613,38.35414973389558,25.128776157898905,83.43000418112656,2.9430746620778905,56.37943598921879,21.30520561221621,25.097395081690618,3.566261504161371,-47.5752337323893,1.9881445231663477,-28.386996797190474,3.934976809354769,0.0007396795621563,0.0329387686572444,16.994550002108657,2.5284789683896616,155.28438423353325,12.280714082472258,17.999607636038007,359.9999826936411,60.185076458103765,1.4529941403193265,91.55004214286936,10.255439669527291,-17.551184178907164,2.5466215170253825,-9.60759353005156,1.4679734397773672,-3.3603386030911397,1.0599446555184406,24.309416144813927,2.3778587470649697,12.689777089730908,1.2146794906046343,2.855085417250338,1.8659165736225505,13.161584470918276,26.69912500000001,82.39565277777778,2199.891832970487,0.4659398796296296,0.5816931111111111,r_hand,5.923884356884889,4.4222222222222225,4.205555555555556,4.544444444444444,0.4322125031470696,9.15667776470546,17.225241935483876,53.158485663082445,4.758178417633092
ID009,KIB,1,True,180.0,1620,8.994444444444444,F,20,155.0,72.2,30.1,12,1 Dan,Shotokan,Kata,National,3,4,Right,Right,Left,0.4421599560121704,0.5715387459519448,0.643357220151599,0.4615730626301828,0.5805565787603051,0.3064431884545748,0.1501972575589291,0.2014771077794981,2.1664302820624703,0.4499411706951047,0.5794112413558763,0.6437212656017939,0.1530636086802816,0.3682882516986563,0.1788802847808246,0.035759814843543,0.0982189852262347,3.4474926872238436,8.27142643666654,1.6450240161036298,37.61762688639443,1.0315491797576757,-37.64257485704722,1.8395167576592757,9.924447427442654,1.96916342020263,35.72768925368047,1.7936554545448615,34.01536848482576,1.8564563722874183,1.7154211711027387,3.629237604313653,-55.81203847530851,1.265027566980507,2.060716630057884,3.430358842572189,-25.99320260502863,3.849829824589193,-55.14162294488482,1.8410294425636948,-26.32495687814995,4.181794376626204,-2.611414367996633,1.7757857022874013,14.00229602868428,1.221080678590701,17.010509306039246,1.4817445485734346,8.870475351020248,2.931208521469487,20.825217988131836,1.6660820611770149,-19.30568056550687,1.774093416042568,-15.584269436611445,6.529342039857072,-40.57714170692376,2.3576780308076337,22.10344952547072,8.227853078302726,60.979174864282506,11.321138266050347,77.69109528167775,2.1518607413250805,50.98876734360496,12.807648886526032,17.998524502188122,359.99998962483824,70.47886627240443,1.6800056479985417,-75.59532790276289,12.977617452399713,0.0006010273217045,0.0121211405507106,20.389538723433375,1.4354714769708714,-112.11384390676768,6.728656795417706,-96.08878869961566,1.6433907845507605,-3.1209937589820407,0.939016147615186,2.000319082459676,0.8344137509472225,-14.572259406849778,1.5722577538238518,1.2381330065298568,1.250448496333651,-2.190113624325694,1.3477328063716625,-7.238274110654171,1.8082788617187493,27.804514003968027,1.9442519898314607,-35.77105137411516,1.3677559181866883,-5.498846426766518,1.6414145274704612,44.4027763447853,1.1387443157982131,36.29391974022581,1.834617240773902,6.606713241623324,3.896097477500829,-52.648105069697934,1.3961983367560862,13.72688907526384,3.1467626979654764,-25.702147715832744,4.098871533648264,-62.491637347611295,1.0281241974223363,-19.779573378364933,3.797141939041417,-8.457694133046143,2.401978855685581,17.925007588746638,1.3640237286448844,16.40100015529292,1.588846265747268,5.409567910349449,2.472416952669416,20.182682739070096,0.7789178070688116,-20.07922673081259,1.536839064898459,-69.21073491969145,10.34158836469993,79.39620220987948,1.223564003078721,-67.60310848670323,10.933635057186224,32.73645026190042,2.1009666002053677,-44.32308517913496,1.5339546600116023,-36.48617654707619,3.1511373177790176,-0.0010015352119999,0.0186345426721601,16.80565503232261,1.2210010239291478,172.8287020580861,9.998328427632345,15.999762682264183,359.99999855164197,61.038428252858274,1.6367060223579273,85.02631605330419,10.80170414541884,-78.25063292276097,1.0280747339714225,-3.212619325475834,0.8385148328101657,-2.397584568194475,0.7210799686027172,13.478639512060338,1.215536165101021,4.7072615016140436,1.0671329423215663,4.342129089764749,0.7668339422190895,11.109404635218954,93.14956944444444,12.713472222222215,1184.2544636439038,0.4384136944444445,0.5694789814814815,r_hand,5.305097861579729,4.094444444444444,3.894444444444445,4.205555555555556,0.4150691742913542,4.929258953772752,60.09649641577061,8.202240143369172,4.261157144140152
ID009,KIB,2,True,180.0,1620,8.994444444444444,F,20,155.0,72.2,30.1,12,1 Dan,Shotokan,Kata,National,3,4,Right,Right,Left,0.4738278430280464,0.5565537703116323,0.6378001209611992,0.3660204158632441,1.2890468560471435,0.5771378763500423,0.0866427047671985,0.3245481077715931,2.607099162710792,0.4769780577312355,0.5715424211626136,0.6358778972129386,0.3385501473393892,1.555294140638308,0.4215089501731772,0.0885356751011371,0.5092903742292378,3.5244185833177837,9.080400873282384,1.3238763498811448,36.27233445843952,1.763750103132601,-37.78656584052099,1.5345652543790678,8.772952140274672,1.806777898845506,35.97642295921066,2.805574915572464,32.96563714309859,1.5117355798710577,6.357229755127519,3.424654275326614,-58.91242519771034,1.590996308704263,6.426115660235833,2.992283883139687,-26.089297590209167,5.120644515998464,-57.594199852845954,3.3757769047772257,-24.09583781679087,4.232513220992768,-4.522496868746381,2.4164511223512823,17.026913346576535,1.99145266418304,18.520613561084897,1.4368335816276812,9.970063604713046,2.699687839186744,20.30816575655459,1.425319760378862,-20.594874948433507,1.4339266148388994,-21.58996724028711,13.43496953056084,-45.8713618343055,5.829509770633081,29.71089150747296,15.429695169781482,56.87003531463793,9.847945393770928,78.91019838730591,2.4218094997692816,47.07014510802618,9.59535711677504,0.9999618668061122,359.99997990050053,70.88300509220615,1.832599343528969,-78.25973918222863,24.878750362953824,0.0006434821436927,0.0090223261743555,19.778151496049645,1.2897613675320798,-114.15373084129762,7.591683537993532,-97.69382714232626,1.3340062113111486,-1.8674682594254264,0.9655003704639188,1.930533178323686,0.6262226587036213,-12.803935300947238,1.7350854748815667,0.1253121294933986,1.5030121669554672,-2.047376508717353,1.1154040672609993,-5.838157084438158,1.6357020900467,28.30898242447625,2.6587387113029486,-35.34283459957893,2.173756484544171,-6.141136291492357,2.263715621837501,43.90485273624888,2.491564593732889,35.794761061419614,2.849709424049564,9.731823098576534,4.676659754376662,-55.54774750831974,1.825162494209444,15.189384033732514,4.274392302658965,-27.20548855287693,6.121545668805826,-64.74270936462199,1.3927605698500685,-19.95924567473559,6.239359107638723,-10.531009711731194,3.476890325421701,19.29900552550367,2.0355949995123055,18.189921939772272,1.6700115262939477,7.057477633276103,2.812946437463526,19.546773937644115,2.335801019429123,-21.06981830514355,1.937718027445328,-76.36333500251476,11.1750908600429,81.61486092337111,1.045546360387149,-73.8919694277033,10.745810285949844,34.8389680140715,3.215951376940893,-45.072363159677565,2.898450738959248,-37.99629317111848,3.202490499601481,-0.0005253488405988,0.017396668462859,15.629679301521016,1.4525609415791862,172.0869071644622,9.292167416618952,16.666254749235,359.9999704614675,59.9403661491463,1.1448510435075008,77.62336186804951,12.24518606438798,-81.72671704359863,1.171296183710524,-1.4013751666353884,0.6658885056425317,-2.79595844037873,0.9791162796127272,13.4194676539171,1.80028233013344,2.3256481922466583,1.3581338111235797,5.028196855877575,0.8628813258080648,11.18795542726235,91.90511388888888,12.859372222222232,1181.8420686229483,0.471285287037037,0.5610473703703703,r_hand,5.016990570096058,4.222222222222222,4.022222222222222,4.322222222222222,0.4114839490072253,4.919217767421221,59.293621863799274,8.296369175627246,4.029743798822722
ID009,KIB,3,True,180.0,1620,8.994444444444444,F,20,155.0,72.2,30.1,12,1 Dan,Shotokan,Kata,National,3,4,Right,Right,Left,0.4907675531556505,0.5672878968393553,0.6241822680254964,0.3062363753095654,0.621032705217256,0.3792054699175873,0.0760634799404407,0.2203920052300028,2.114169259693446,0.4826962692232581,0.5734448954919175,0.6268621893785882,0.2768656239646949,1.7631294942880738,0.2464142223387755,0.086497067147985,0.4962977736707915,3.596276386490985,9.881051094908347,1.2325240675352038,37.676760493527,1.0118601213289151,-40.25035101414086,1.2078114458863354,8.088309131041385,1.3540191689000602,36.098538832065174,1.5462713128419523,34.62263611928021,1.4540497209397287,8.758457660982579,4.189593700153012,-61.742352772719755,1.0553974140406197,6.904988860658313,3.538029633880945,-29.604016899926044,4.456002223505774,-57.93786300939835,1.6832306758015676,-27.74522539816868,4.007937206395372,-5.906259978869352,2.197119953400988,18.291488481264093,1.1553508083533544,18.159584838160946,1.2205495403893138,10.030626736020473,2.470209788222899,21.00076695455565,1.1599386527804292,-22.402469395528502,1.8409669340515151,-20.74286922673904,2.2058816056330848,-44.30108405833585,2.175873912726182,29.30890266393767,3.5816237237673043,60.66561012239682,9.133121747466577,78.34991267219554,1.149352843301898,52.43043154852469,9.799394648647052,6.99933158343722,359.9995925377275,70.21393500725964,1.5253420853273667,-74.09212636556967,22.554759386963873,0.0004333721373716,0.0081066394746057,21.963196836204787,1.931226269138289,-115.963583366806,7.0899658401497305,-97.77817378323016,1.0004748917523614,-2.7489399525496916,0.6909822699400476,2.80183171283933,0.6635157597637678,-13.899947033755383,1.3433452017695124,0.5181056709748807,1.152946397312537,-3.9083821776476313,0.8134582765462421,-5.16124434858112,2.3226937327195767,30.32249338637899,1.168549753661683,-36.13378671310468,1.6988727314184828,-7.363459909612759,1.6669764334515795,44.64321138100702,1.2764512198385702,37.47255138764355,1.6027181314543029,10.916111431009622,5.735616717645973,-57.639038072561135,1.7065231204149711,14.68223368615998,4.853271322765265,-25.397826538451245,3.985832090197604,-64.4096177650829,1.1196296847667355,-17.076568606721565,3.967533391767238,-11.135744187290133,3.409016593776366,20.39010676351846,1.5143210772583764,17.39017401414528,1.7250771132942688,6.018900187256628,2.2856741465698445,18.801076599175744,2.067334236304035,-23.56262857520092,1.7147495193185378,-75.79833030513605,17.653328068272288,82.26168739205758,1.3548817528545245,-74.24099237987707,22.692923905946422,36.719316915708546,2.4487148753776964,-44.09045460719232,1.9317432323714456,-41.07265710794198,2.5995850842073693,-0.0004553135796796,0.0266427075600388,15.980124224129607,2.0754565857244813,172.8890381993445,13.688173405906356,23.333089920659894,359.9999992869987,59.96983823349355,1.333703917968414,87.1921688189662,21.194018618598392,-82.13514320400171,1.1240779970950996,-2.5737076673961345,1.5240793061225908,-2.2896486263726414,0.6429172311854356,13.941326309603305,1.051669866750661,2.8369331871614065,0.8198401801042681,4.230939946104631,0.8848467371948514,11.108295925026548,94.450375,13.33852777777778,1259.8289505590285,0.473569074074074,0.5717580787037037,r_hand,4.963904575439376,4.155555555555556,3.95,4.261111111111111,0.4026982374358041,5.243824976312293,60.935725806451615,8.605501792114698,3.987104101820459
ID009,KIB,4,True,180.0,1620,8.994444444444444,F,20,155.0,72.2,30.1,12,1 Dan,Shotokan,Kata,National,3,4,Right,Right,Left,0.5416970611094323,0.5788441486152768,0.6312736801806449,0.1879318825284137,0.7858360561450728,0.2615861048707479,0.0460902604542735,0.2530266091861954,2.193048275230867,0.5431528796311746,0.5894732750682463,0.6301684819378234,0.2084639920623576,0.3975080828760302,0.4456864814641803,0.0470248580253559,0.1081746907872039,2.973707756137471,9.16998621934287,0.945548939800414,34.13561598232667,1.202914334089883,-39.89056707510227,0.9628001158611496,9.864704961983284,1.823855088777812,32.39383912763841,1.5186680419586764,34.74147830678372,1.4704493859037768,7.035745462630507,3.407936831069133,-58.4192310194495,1.1375463854677363,6.96053254389479,3.096204254615886,-26.50363283920342,3.0143477772812837,-55.40481830536395,2.0265887089897987,-26.460434777945093,2.8437262189335684,-2.6113507361540584,1.492068568878297,17.59490791983509,1.2491944581908785,17.959764857089926,1.489774682540844,9.558469001673732,2.8704312314983484,20.05952203516152,1.6443666979102822,-21.44904597904053,1.4083201065626874,-23.527259411203985,1.746356568258545,-44.849124355580194,2.1622480838070217,31.033918393181224,4.761652347220771,60.13277798444216,8.88538745851335,77.96116625134107,1.507179963796318,51.24832166082446,6.778285731725731,5.998736016446192,359.999973448121,69.23335986602115,1.053070787714418,-65.81513120450262,24.187954813142944,0.0003132638228732,0.0097436721499295,19.275163341477864,1.6083569470815815,-117.34034005187036,11.056872932993445,-99.4516131497526,1.12148330557703,-0.7606442240815154,0.7250981025923906,2.885056979559937,0.8194320982630519,-13.35562449999555,1.5106981988073755,-1.479109750282953,0.9451957714963732,-3.087252234439984,1.400021944939161,-5.636226792926107,1.6661218834131617,26.742567417861142,1.2631566740013014,-37.14090786091305,1.3566784840926829,-5.23518198145526,2.0574588020351223,41.91272702965346,1.5946634964139434,37.23176662458329,2.114874708114172,10.83974127527962,3.3807071139321483,-54.81589394059024,2.531391495346824,15.997681647190314,3.359145608803063,-26.34201968281551,4.658406647796234,-62.88450765059295,1.928192149915823,-20.340616758471693,4.39587073311321,-8.410545785503334,1.9957994083471364,20.545955236110498,1.6132644238933196,17.69580462800535,1.7508236459551298,5.778544135574519,2.012646953922907,18.778115618537612,1.1163754576167797,-22.2495151087089,1.5928615930375043,-59.488826515049816,33.12105591024871,83.82491049640946,1.3052455045681768,-60.26296400286827,33.03564669875644,35.774561064569255,3.038099640589728,-43.175852547593,1.7173733406894058,-38.669883165352445,2.875818480355825,-0.0004959120358927,0.0204099301176709,15.791569074387812,1.909061539003423,174.88218413702316,11.293591636532682,-4.666458490186569,359.9999780383921,60.39092006958565,1.4134306914132893,87.57284883370498,13.400740536784824,-83.08140465783946,0.9080221262129128,-0.8451759653029874,0.5482839742891084,-1.8442616852539409,0.5442507065271158,13.79205789465754,1.4982896122509004,0.3932917617235454,1.285902419813779,4.708683664772127,1.1313303678849058,10.035066045741134,93.72263055555555,14.222402777777775,1332.9610011539737,0.5289874305555556,0.5843192268518519,r_hand,4.987061384584719,4.188888888888889,4.0,4.305555555555555,0.407273342052029,5.548224770672107,60.46621326164875,9.175743727598565,4.005704098521705
ID009,KIB,5,True,180.0,1620,8.994444444444444,F,20,155.0,72.2,30.1,12,1 Dan,Shotokan,Kata,National,3,4,Right,Right,Left,0.4668809763798227,0.5917885961762303,0.6333851848832446,0.2327131311048669,0.2269261734952343,0.3850306026093597,0.0576100915252636,0.0536112209711364,2.168924941962455,0.4670533920547254,0.6019440152523728,0.6336543661984021,0.1924843406662768,0.2404477088459533,0.2825815412465293,0.0385498417679883,0.0447918932673299,2.831559178131999,11.17679826882756,1.2531600174717106,35.71189526879819,0.8856390329388404,-40.38138020952802,1.4575536577019008,8.435715814324052,1.714873168960846,34.35105993349118,1.0669399107121291,34.247416572036656,1.5577860126935477,7.116272590447409,3.5386625148200386,-58.13124314003349,1.141753990179872,6.480110101158376,3.29752619146349,-27.133242134309175,2.8274457494211447,-54.88055471723697,1.9413080201389403,-25.02581672086991,2.5196844588602616,-5.008579724694802,1.8506037650886409,17.02185878293665,1.0508314347526806,18.33614415630632,1.1370543055525315,10.99637712255824,2.347569873807384,20.79576803374683,0.9695515599127305,-22.379545866715674,1.9958690293648047,-20.028330443680883,1.7754710096406008,-49.14026122880454,2.071182333272951,28.97173998847905,5.616967623116892,64.5135428965955,8.178584258159901,75.7383944905748,1.603342543028219,57.95912742590274,9.534789826439606,13.998632783652674,359.99979621780403,71.52269781640166,1.0826276865167586,-81.14844411299148,23.906328428913312,0.0004805503983654,0.0085500159860695,20.52282640986568,1.3775851992554884,-120.17012004657784,7.079735600072922,-99.431853332082,1.2653153646962494,-2.7949852069672465,0.9630836271584188,2.7439463769207197,0.869699359650332,-15.25330445783777,1.3753298664366138,0.7768665241089079,1.1525038693395646,-2.4796283104146344,0.8327358007457528,-4.632040861880297,1.0795465946665033,27.426172476704604,1.4025813737483723,-36.76185301680112,1.624322845257339,-6.6709152960612235,2.8382131917388422,43.657504372295,1.191534810868589,36.56262162286207,2.480081163827748,9.030360962766068,3.4444261588856646,-53.664375279462945,1.122702061548701,14.034421630083983,3.224453465525798,-27.72107131018412,4.338197867222011,-62.08884710848765,1.118891659698832,-18.95926906911718,4.163224686306311,-10.642213274744114,2.436952507061891,19.290153916439785,1.3676348502184972,18.190163750046853,1.4330019644656034,7.0831796285580575,2.218671631830799,18.48066343856459,1.0825847568850548,-23.12765096772298,1.4819757880926616,-65.00798726208001,10.981254850033835,81.40042835193731,1.1481237132154265,-62.615773562852766,10.361281417693846,34.209548962516266,2.5225798785925946,-41.4167534340054,2.4620362975160788,-37.968863004914674,2.9679589177380024,-0.0001435125548014,0.0203521417957852,17.060402055449707,1.1271689031966083,171.60366756716937,9.444011467348105,18.000098323475566,359.9999972505018,62.1253532302152,1.3436594137255966,83.60113754078127,11.121334201561751,-82.69774495106503,0.7923864089654558,-2.4667229686757355,0.5752763310895079,-2.1018991479160305,0.6257928750837263,13.580281069428862,1.0484747815410032,2.6740874502933143,0.8445020007947455,4.849290799193901,0.7981896899392407,11.155816929340409,95.36389444444444,14.65193055555556,1397.2651589073307,0.4573166574074074,0.594932662037037,r_hand,5.016235812863292,4.011111111111111,3.811111111111111,4.122222222222222,0.40863560315048036,5.81587995382864,61.52509318996415,9.452858422939071,4.029137563224735
ID010,ZEN,1,True,180.0,1620,8.994444444444444,F,20,161.5,70.7,27.3,15,1 Dan,Shotokan,Kumite,International,5,8,Right,Right,Left,0.330406044334736,0.6116206078876714,0.7487477828245641,0.5903618101859354,0.3071514225537197,0.2212501768002361,0.1742108247118926,0.0786564503709175,2.1781461445089243,0.3067016083602572,0.621054222661906,0.722713158542357,0.8971093082449477,0.5262096556779228,0.2508653109705272,0.2404612537663914,0.1464060903194541,3.920289772901796,-3.965589508645771,2.41364993165014,5.3880518711037375,1.2735283016090904,-25.31521787341322,0.6607338023640708,21.387030158603164,2.5073042980832554,42.64833338871565,1.631195604487516,32.51025648732015,1.373314153239086,-11.271372610769395,1.9045116329875889,-1.3045769759242307,0.6199920325899921,-2.4220343373575783,0.6267482133170326,-11.666514803502588,2.36971662289109,-47.98868422782691,1.5133427461880515,-27.809000066411,2.2014524698743436,14.365054135623057,2.164901151646676,9.226437978178414,1.447262391926941,24.834892874708753,2.0276272554637096,17.3981086987402,2.292612793394298,11.371486621196093,1.2799283857124344,-5.64591420247973,1.6008295243548538,-22.28337784783978,1.951766739438284,-37.01489539589648,1.1991598614903154,20.542615900101712,2.0889836570946265,61.394912569483715,3.0484738341308812,10.872576940278304,3.1536861163839287,49.17736777541768,2.095909558892558,0.999505710498816,359.99998163934185,68.48637060676928,1.0528674268118865,-81.79850646857454,10.6384956575248,-0.0006328641536502,0.0171009859466161,41.230186036175105,2.1810800835744075,-92.22751930120056,8.135740991831412,-61.22528497229048,1.0616373575968083,-10.806825643514896,1.2384625468806387,-2.663755544849444,0.670989786502938,-8.300764463099974,1.0604376137225875,15.801673226799664,1.2006809074143447,6.588379969571666,0.8275887089441412,-13.671150485935044,1.482851384908038,-10.331475660091693,1.164041169927918,-17.60338171104356,0.9376374728175813,-7.702668025179907,5.174939414060128,64.91098365204611,1.3833748026099784,20.64124721166607,4.4623655525471975,-17.76935353465085,3.0621564325167796,-5.528542681136775,1.5559917440372637,-5.549866300941891,0.7593313742226799,-12.334448063180874,4.452583051637475,-53.423644371385144,1.761793686504241,-19.04655806878695,4.007559352931462,-14.304493975106409,4.004729915848218,15.670650477488213,2.454076164472242,19.70861726140581,1.8454539496766775,-5.202490393239046,2.129636920647303,6.276063722570533,2.5682545238443755,-6.165714861375655,1.4682043318438165,-21.822434661943426,5.081887227493965,73.48436843912876,1.477557108993793,2.667844940878326,9.98553179320746,8.379341673517347,3.3867894398535014,-38.879765617848264,2.7905735069277213,-12.30861711543318,4.379023820154169,-0.0006325250183989,0.0198837476721173,13.397015679482736,2.412591594633799,141.80959994602128,10.007147597597507,-9.999409189842646,359.9999993171667,71.5552356496934,2.592685092147846,69.02401651055071,8.610980623644053,-8.09227280875923,1.190454704854643,-16.399918708033386,0.9133367449812652,3.221094844691228,0.8785886795468776,21.984312064189393,1.2056127010280449,18.240404966998913,1.7025264175959371,-4.861242485674904,1.4289427744684486,11.131569771220985,47.93370000000001,88.72786944444442,4253.055075589166,0.3387058333333333,0.5558966805555555,r_hand,6.977865965524343,4.072222222222222,3.911111111111111,4.166666666666667,0.46362091815762485,16.306319721608244,29.680309597523223,54.93985724114205,5.490809288776183
ID010,ZEN,2,True,180.0,1620,8.994444444444444,F,20,161.5,70.7,27.3,15,1 Dan,Shotokan,Kumite,International,5,8,Right,Right,Left,0.3722922816171313,0.5859034951792165,0.7641430831564814,0.5928454968275043,0.4896412026560659,0.2115369529998467,0.1599343915706419,0.142311339051936,2.230067227132516,0.3480973074666122,0.6084284067536405,0.7337599174127118,0.545504077622333,0.6228589992746558,0.3028387878454719,0.1672833263625485,0.1705521116635137,3.5892168980221393,-2.211542429468701,1.4141470867831072,4.646777251767405,1.0206271017174195,-23.524329436643697,1.0004199375124472,22.055700753830145,2.090254895297619,39.00272399190463,1.5999171705542992,30.27943682009608,2.0594116817491965,-7.738807002292452,1.8419934781307352,-2.5705801165094257,0.5673381409428568,-1.8128612244840212,0.5484895017677576,-10.865884964222388,2.3339621654808873,-43.33063900776542,1.6402588133592388,-25.7521794178611,2.0543181990084776,15.269433429160683,2.115656553677926,12.375750719814762,1.3600314809020055,22.037443530788103,2.030047297406682,14.973692697666808,2.1396475172692515,10.87409577677132,0.9120296623035956,-7.368900409248861,1.4743708075797617,-22.187710440806317,1.73780259586578,-34.9367211697253,0.9787250922655916,21.428356062643807,2.3452551088867395,61.557519170728895,1.2926384167791198,10.190415301077197,2.4017285173026313,54.73148572671394,2.2227390446401003,-1.999564245605765,359.9999500826768,70.01693229004496,0.965205517886332,-85.46677763831113,9.386295104004944,-0.0001811536174856,0.0086571704279432,46.38719097765404,1.1675163282884142,-100.0904259814562,5.757151792497339,-63.036054472959144,0.8891006620641093,-10.546357908513617,1.2665955003208378,-2.3666888792586764,0.8532631348473951,-9.423616930400383,1.4954907468858192,15.020048824632491,1.3608039597025794,6.867846735783884,1.1986375228998876,-14.415789721146693,1.474515981470427,-11.527504118921252,1.7001012486472806,-15.120142013309566,1.7859094278871357,-10.123028257342272,3.814371045759245,61.64064343822569,1.4202827681308108,20.438416049025037,4.193799355276347,-15.53883547130066,2.997944702771367,-3.766163792295093,1.0127559105301014,-4.60710445018934,0.9544488753775178,-11.352593131279566,3.1773638840540066,-52.89008593149615,1.7606627217713182,-17.920028319571358,3.656431339491792,-13.502946572281054,2.5314603685657957,18.09274652303072,1.802478562925753,18.003750737914917,2.40194116036502,-4.063721662287441,1.8529173626863829,7.493690233717451,1.6637004141591945,-7.584041914156018,1.5543090683406842,-5.703296038798386,4.861223517080204,73.58846538062316,1.213394092165302,22.05791293866857,5.287455590051032,8.634064914809136,3.533667245456593,-38.22174035853349,1.9395854713713805,-12.887240494830216,2.9620664896228384,-0.0003789642027492,0.0302691364152174,12.66350203623082,2.0673982760685607,141.6713212456675,9.345516589677745,11.332768491070436,359.99999955449925,70.8676350368529,2.492962603612511,71.1730242554413,9.901043934507657,-8.928843464045324,1.2259925634865194,-15.734840403827569,1.136499062562608,3.1528337753628244,1.0680595029391764,20.58675815771381,1.1762046563486557,17.290706114725246,1.916572336388505,-4.629604282258299,1.2743532259247727,11.656313166829063,43.06385833333333,85.34376388888889,3675.23175774456,0.3701198148148148,0.5408651527777778,r_hand,6.823413432437996,4.188888888888889,4.022222222222222,4.283333333333333,0.4731536118615984,14.090930643424398,26.66492776057791,52.844435844513235,5.369272216047129
ID010,ZEN,3,True,180.0,1620,8.994444444444444,F,20,161.5,70.7,27.3,15,1 Dan,Shotokan,Kumite,International,5,8,Right,Right,Left,0.3949555943978958,0.6105252046001491,0.7629597340683681,0.5364580106677008,0.3681635016198448,0.3084710098557375,0.1385814459638187,0.1120298900366404,2.3877770907262104,0.3817039232812327,0.6141010433035724,0.7414780496011502,0.9810327057201084,0.6530466750048425,0.2581201955610179,0.2426311315382022,0.2082449150181815,4.313747313647359,-1.0770088168201688,1.627588291202947,7.026264951136193,1.1817189332180007,-25.39959282078499,1.1971204975886849,20.600965748398917,2.480743906941072,39.0895105320656,1.971976407294818,30.15305761207543,1.9580959558395143,-5.094202244386874,1.6080962233674665,-2.177904877540178,0.8024912390944359,-0.7006903748400222,0.6918101930641387,-7.66876649439102,3.0582672848274273,-46.54927365544178,2.2469528674259323,-24.676897891485105,2.320933427344354,11.404595065888824,1.899350229320296,10.33256813833792,1.34855620159205,21.94919878682777,2.2652427478290917,15.074071015386751,2.776997984165808,12.408618564488853,1.26358459849342,-7.705854584247983,1.4557001200481563,-24.38483244157814,1.638293153548222,-36.00450056300868,1.1842049417329292,23.64242959908531,1.6933206069542877,62.476420888126725,1.8095567749518435,7.678660386353353,2.037305968412216,55.364840777486584,3.0571704039483123,-10.99942870868932,359.99996175643594,67.58472084832533,1.1274739214144347,-88.23773477005378,12.491161196922237,0.0002667026543612,0.0144484965238766,42.9735788487822,1.823257151849063,-99.1743369026552,8.252747052348724,-63.458294013448125,0.9415965694239574,-11.37161244170657,1.0475666683877574,-2.0039080394862503,0.936961545134934,-10.542388455528986,1.547560292730468,15.564259108033884,1.286184044757169,6.897426783033346,0.8266169265105034,-14.614756177694536,2.009496517417821,-10.788466639413024,1.4232901188252391,-14.727913423254288,1.3313430881820525,-12.764328249583627,4.21800468125174,60.19238653854367,1.4635033503753476,22.838240376845803,3.4219977507942048,-14.908320806474029,6.176038998302982,-3.0028084074244186,1.567014513397914,-3.607684180419796,0.9039202340328124,-7.0937364676166785,7.309041528813227,-51.781866644629964,1.545368566066287,-13.900797672950784,5.525607146546408,-12.220401992776026,5.659985082368996,18.103889620342052,1.562589679276698,19.05149442635058,1.6950469430668065,-3.078288166035778,3.3234897610213645,6.586167796443818,2.039261698284017,-7.872415289126241,2.0312530622866563,-11.12467211701134,4.83101538575143,73.61257894018004,1.278302370892959,18.75430557298789,7.271528142828563,8.178602863579005,2.1116885204006284,-36.37289643501913,1.7299446483976482,-13.7303776233352,2.17898701080977,-0.0005824689983773,0.0123118953899472,13.425130542905729,1.741831138809756,137.0677856456882,13.068709653846357,16.66594306532012,359.9999967122684,71.54779853266248,2.17324685860018,72.61508570173821,8.078535709837354,-7.945152400076102,1.1707503411642728,-15.727871110836023,1.182215855999612,2.0856607351501366,1.2770599625574006,20.292589347478323,0.9791561947279348,17.720686597342215,0.969457721470782,-3.493716196817506,1.5791668091579072,11.943556232422267,46.017066666666665,84.12497222222221,3871.1844550814817,0.4032037453703703,0.5565443657407408,r_hand,6.894632334771347,4.0055555555555555,3.838888888888889,4.1,0.47242088796802983,14.842218194678303,28.493539731682144,52.08976608187134,5.4253136207402655
ID010,ZEN,4,True,180.0,1620,8.994444444444444,F,20,161.5,70.7,27.3,15,1 Dan,Shotokan,Kumite,International,5,8,Right,Right,Left,0.4034781536858587,0.607830131932555,0.7624222170628564,0.5387637126971379,0.6974673277743482,0.3465478534950716,0.1566888337716382,0.1656036883226712,2.3499962448099083,0.3967602226853844,0.6012430413059217,0.7472464749836458,0.8513960268925536,1.058729656392976,0.3571358497557964,0.2961845042020314,0.343687378261197,3.8292571820469794,-0.239992434060662,1.792279458464678,6.93298563740332,1.4815483698244138,-26.613232358072764,1.047897290575463,23.220928346803213,3.058016661559062,38.84997668941641,1.647981008471504,29.756565642544977,1.6939107731643972,-6.808729908864609,1.5458875745922356,-0.7055734249726925,0.9125892579903392,-0.3370525306305017,0.7619039920693967,-9.388900411841671,4.854553437734984,-42.9609563479976,1.7440308822607449,-24.555326777805185,4.523324990980754,14.653057780974942,2.2391845665125327,10.237271814074552,2.0415318775577056,22.28576554774897,2.484946279263145,13.316043269712642,2.5795168728655433,10.113717572739684,1.4099621100788615,-7.8943152435956225,1.6456009718613451,-22.37327948650786,2.21093055184458,-34.490088092171234,1.1966426053225447,21.05956713730173,2.2891082443527004,63.57751441527597,2.6437753188339457,9.834795978959,1.661333660226541,54.18770928071755,3.098839816093893,-8.549113756180935e-05,359.99994199362675,68.64438575257446,1.231475951861384,-87.89625699234199,10.204338147168327,-0.0001193199693687,0.0094651085903411,44.6689398423436,2.0833615194192845,-101.4487189878443,6.59023649943596,-60.8776957376855,1.10061172129803,-11.329435775276732,1.3228169276932569,-1.520467289371474,0.8362715294058385,-10.88951902442398,0.9676550005658696,15.405475097612843,0.9976183577969788,6.694607486313884,1.2152480474238798,-14.269598805935134,1.5444643081766642,-10.81535613646381,1.3614739062306,-15.516421538775838,1.2618660102200554,-11.623798305374349,2.8184919901344845,57.06110932256197,2.7201243265376647,24.59194856893944,2.8191429930104626,-9.864275765728282,3.654970851319069,-1.9092941778559696,2.041243526640981,-3.022951737622414,0.8494208777917964,-3.841200182639286,2.9053759910877535,-45.29871891164716,1.4840465733092358,-10.68293126552874,2.464687049299254,-11.260844927327,3.986471088351273,16.25580467606102,1.413332146049731,20.33128089140061,3.277697936382836,-5.665878761485236,2.1952567973399386,3.3466730498074564,2.631431379731638,-8.744597049820552,1.7197828714056058,-15.78801871280424,4.065419208611013,74.01717725427027,2.1516426711273056,13.789544179477671,10.836209430172527,9.701133591460442,4.140179058358775,-37.65786058293254,3.491460372590069,-15.514933338467458,5.459352387450972,-0.000884765111704,0.0207698057081485,13.08800941386066,1.6909586260896123,131.6722253997385,15.24703012283662,-1.9990298793417676,359.99999951777124,71.2847863302227,2.684553151377145,75.97227813613448,12.27884385240644,-7.432684160341601,1.4852660104657494,-14.717446489940988,2.5221451291994423,1.188251852275582,0.9686912275193276,20.527483824620973,0.9294697979311088,17.24562317029777,1.183488219676768,-1.974561124355155,1.898080753590294,11.744258013610583,51.29498055555556,83.34283055555557,4275.068872792185,0.4140517546296296,0.564922837962963,r_hand,6.787009942120888,4.088888888888889,3.922222222222222,4.177777777777778,0.47208806010083987,16.390721171648096,31.761597867217066,51.60546783625731,5.3406266926500585
ID010,ZEN,5,True,180.0,1620,8.994444444444444,F,20,161.5,70.7,27.3,15,1 Dan,Shotokan,Kumite,International,5,8,Right,Right,Left,0.383352440980244,0.6264720153808776,0.7643618901711663,0.2727706846990474,0.4759924143354466,0.1474348544443948,0.0525059551070905,0.1523974397308147,2.389180384343359,0.3702845032907572,0.6244315608842398,0.74355164159665,0.9826480496756108,0.2558756975562404,0.2272535063556624,0.267507292632206,0.0615254242073741,3.36620440554949,0.3643601162935375,1.6684956422005084,5.94905014566465,1.680436305592087,-26.37395483327135,1.1746354969499997,22.94130970545141,2.0366330331353666,37.94093683368875,1.3572533856717115,28.437214078744017,1.78976626567977,-8.125412182256065,2.2234505914739584,-1.7856673905165052,1.380481190282342,-0.9737250005743392,1.016865242281168,-9.721440174463616,2.3900327767625633,-43.5915316241562,1.3511375590930612,-23.461452838865256,2.261785454114051,14.164731765160964,2.045621366361683,11.181451088444202,1.4368065081247074,22.794907271589388,1.2871240305914355,13.773645752915495,2.2373593725539536,11.181117101831294,1.4056549239968508,-8.570316566697642,1.7616280881343336,-23.840450460433097,2.1445480105844297,-36.53808421737744,1.7165390193830703,22.31972346925272,2.6555680047685293,64.2287786769968,1.8541318304894077,10.191743110482726,3.826400103244156,53.45581365009456,3.4322247321747383,-3.0004715814947627,359.9999443175891,66.8396458992513,1.3584037570459486,-88.02823881432444,8.193088900454157,-0.0006755024089293,0.0151963492137446,40.6900207845048,2.288515151829287,-99.96019362929556,8.29481318227522,-61.266836441785095,1.4984159168686304,-10.919235921874408,1.1927045685973603,-0.92092706529584,1.01886364915293,-9.970629198345216,1.1178079227747322,15.602920055715373,1.2676516778405489,5.875868953759101,1.284789594233401,-13.455701963805067,1.9575472343023872,-10.778222399521193,2.561383117134401,-15.287479623259602,1.25073096051573,-9.654543585298743,3.0961318476838287,57.29845851787622,1.7005882714652645,24.216529874042568,2.610650695502141,-12.210709788641308,2.8921524678068877,-3.3652428891326123,1.4359664864520123,-3.479238466090681,0.8231970337971775,-9.345978169312584,2.92105111228876,-48.03069619846928,1.161403841201313,-16.024704306638583,2.3498504806632,-12.681373353076042,2.743564340268577,15.53750403352912,1.4909573152445468,21.801185508771884,2.3286253191841517,-4.302049298614789,2.121851362888167,5.526095318915125,1.6644125600404278,-8.155032953620921,1.290216368428727,-3.5494346800039285,4.580842332642057,69.71742644926773,1.4715357117639485,24.709163979704996,8.474668373673055,11.830466229386236,4.40238143484242,-37.95184704484557,1.2947867763561618,-16.9918882614884,4.851328724875604,-0.0004443809507609,0.0122351490792971,13.6737301014093,2.5261432377524144,139.28065591327797,9.26439810170325,14.66619825029542,359.9999812823274,72.38999129777122,1.7831844616921018,75.90210505168235,8.393309991897667,-9.065749321428877,1.0480920299760257,-14.231112212960417,1.2955366195965323,1.1158589684569171,0.8438476581458083,17.723816548233966,1.4859439497293003,18.298522112790337,2.0395059155521835,-2.416526552487445,1.1070267190327343,11.50040635712331,49.62536666666666,83.02875555555556,4120.332438321481,0.3904390185185185,0.5829393472222223,r_hand,6.646078923189373,4.233333333333333,4.066666666666666,4.3277777777777775,0.4732890960812175,15.797457804911314,30.72778121775025,51.41099415204678,5.229729557100436
ID010,KOK,1,True,180.0,1620,8.994444444444444,F,20,161.5,70.7,27.3,15,1 Dan,Shotokan,Kumite,International,5,8,Right,Right,Left,0.3597976678834393,0.4862963275086985,0.7528246763398702,0.5026961731439239,0.3420798305167505,0.1799355073306641,0.1804545922847355,0.1035070912820941,2.2631041235108307,0.3418420191569887,0.5126786424660433,0.7469992781759142,0.6798072264601385,0.6052811525377955,0.3059748833597053,0.1655658605545857,0.1693431001315868,3.4493310012102874,-3.0543112753791553,1.3153993211490769,38.46671238124957,1.1976092715851578,-31.534640289230023,1.387139291581942,21.59227579091123,1.4946785137311167,36.96581309528789,1.592292549827533,25.882222302473817,1.6671107687175135,1.697417973088953,3.639091586380686,-52.43856277224624,1.1368914370118333,14.969964342406596,3.0858804102719564,1.9639424900165108,2.729096700631862,-29.23180268554889,1.869101531166887,-11.193639324626456,1.634114838621629,-4.567683972312863,2.258782700204094,18.597710073218657,1.0458784668334538,9.446277008104396,1.3879066637165032,16.692134391702652,2.5389703159444803,-4.964139603823907,2.0397747319889707,-11.038747583623032,1.7038697663602242,-23.32022122778939,2.596061034732596,-40.99235525239712,1.3567140308965475,25.632908187115508,4.106593588709913,64.12989383227686,1.5817143047339002,-1.6445740535028803,1.5481844042467827,60.81775227120555,2.3867365767594393,-1.000144523053139,359.9999421807377,72.35593829392738,1.0769809506144412,-85.23123936904385,8.03519052777277,-0.0002215615133516,0.0127185363634324,38.60288452093326,1.3684931575099313,-102.0276502527233,7.472658955880149,-76.71940395215131,1.0803616868733457,-14.786572518799971,0.9033491074843454,4.74540222883569,0.8355804507866518,-8.091783090970267,0.920280092383094,15.079240451200649,1.197977787008453,1.2221331890581624,1.126927664554659,-27.38000122074664,2.758362824179766,20.95203989172006,2.0312389284847967,-27.47579947113122,1.366874312265022,-0.0341376030836735,2.37041201645947,53.36316897348783,2.517259438688938,24.430240378518743,1.9498336868193853,0.9801348028957446,3.861327447886288,-44.14353849593364,1.8427023803444769,20.07168828390481,4.238082105227065,3.3104602552228273,2.3814565150131117,-36.63105204818184,1.7073533628152688,-7.2869979570970225,1.6227511329431596,-15.77233488025892,2.351556511019803,21.791486480954223,1.4268420580445458,9.229435493453614,2.1243763822661847,-2.531883123662095,2.0530022360787346,-6.860800940128987,2.176573757700912,-9.453316941976292,2.188021130410638,37.3360555745144,4.885391707079904,61.87677745521121,2.169314122858168,79.60639365599715,7.035041485400271,15.795307239226847,1.7404621915434006,-36.158099236660846,2.8307798446455408,-17.384251761425084,2.2699460590795297,0.0005392074476219,0.0320191386253071,17.926660399682625,4.538671310127448,132.4699452144531,9.731805707521048,-1.3329110736336038,359.9999930334161,72.192013644302,1.8588145704555217,80.25790870024846,11.42682089344099,-38.244433103457645,1.9028816115474496,-11.31425446596404,1.5294753151455058,2.2147888549427406,0.8794919139287747,18.888272410117487,1.8539411371675631,12.70987594662747,0.9206042514301274,-0.1495135971877252,1.3408489159070398,14.309814399771112,27.57131111111112,93.78470555555556,2585.7672943361736,0.3164784212962963,0.5596982731481481,r_hand,6.29525182094092,4.088888888888889,3.905555555555555,4.183333333333334,0.4661453104271642,9.91389659379913,17.072019263845895,58.071025111799116,4.953667402668455
ID010,KOK,2,True,180.0,1620,8.994444444444444,F,20,161.5,70.7,27.3,15,1 Dan,Shotokan,Kumite,International,5,8,Right,Right,Left,0.3638190977780139,0.477429681535724,0.7605303413990564,1.1475468975300551,0.6579544889531108,0.2358020232428592,0.376793868221302,0.217914480002944,2.550785767145565,0.3614804229734699,0.501599756622075,0.7541810341304624,0.7769035525087842,0.5698587379104114,0.2764225100283846,0.1832617436313138,0.1394018591370344,3.6787858518845793,-3.256601787448547,1.719436795947399,37.43464803132628,1.696619155368836,-27.4592474786026,1.4039117749283676,19.052390562081712,1.3573549432294811,34.098246007931195,1.0764869150659138,26.319604148370875,1.16742990184785,1.9354241943384136,3.2740982808008017,-50.72460940109215,1.825930410768848,14.06207595266978,2.731121871395576,3.788600048909969,2.599732924007682,-24.54796921730338,0.9641447267275643,-8.85707074525338,1.6485072315251357,-2.9360758319159492,2.0504374665323164,19.14827666907392,1.0479262435712933,8.83749360841276,1.678219511797268,17.713259025778473,2.1478267902081036,-7.613187525709946,1.4508616357622903,-12.54652196594543,2.0224287570229915,-22.560053893614093,3.428180013716954,-38.81644164189578,1.306337022387147,26.026873187145178,4.473318162011481,60.92811152960494,2.0254087404597314,-3.8853938375007537,1.413354052967425,61.92102270761318,3.29951918005122,15.99871276406759,359.99993904736607,69.95239504878326,1.0968352090504965,-86.12191814339036,9.01884230799753,0.0002721938747684,0.015941444501325,49.13531918461422,1.6423110022176886,-96.69193615852949,7.851528145523972,-77.00857393234392,1.046521341723107,-14.717991078821552,1.1704280944372876,3.558911868159386,0.6595084029488278,-7.339985025366864,1.5467748814180489,15.242036462448397,1.349859243417983,0.9622560586398148,0.9542117486817392,-29.4690647547157,3.938697660809648,22.89274749590234,1.9739242182964176,-24.050547676720157,1.4227012116085405,-2.701757853004374,1.8043436138650888,47.739579200088784,1.922770962072157,24.41185228990581,1.672663119854107,0.5106994040396683,3.841697918761108,-46.96259231430042,2.0852007590238273,18.049808878881436,2.5694401544634857,4.815189366892683,2.357052407858924,-30.73412282227267,1.0961281625185464,-4.201881985158666,1.7737230942876856,-17.454611316244396,2.855886614330739,22.455636933835585,1.7919290347445909,9.406329513571292,2.7098051516818833,0.0650919816571597,1.8319447070764716,-8.098775627100029,1.991921783812744,-11.478183848329802,2.0720195601554394,35.647966742854955,3.616302790925495,60.41296711318876,1.2232556208903702,73.33373702311931,4.4740616305716685,17.387747557811775,2.939412951510878,-35.16498383190637,2.2617230287546803,-19.36537641347856,4.255246907906052,0.0005060306768419,0.0211143420312542,17.902656006581232,3.991981682977533,134.1207891697153,10.749770040975392,13.33248732035201,359.9999686231936,70.08923203293575,2.227716459037495,79.71754201836607,14.215924264264087,-39.00303167596973,1.3961938977473665,-10.540004760093392,1.5838609472892813,2.603091183671688,0.6976151413427729,18.707146290388657,1.459564482884101,11.838576620519738,1.0464680305699918,-0.4003065888225317,1.1897308954691774,14.784948120883598,27.314627777777783,91.07576666666664,2487.700666075741,0.3224992129629629,0.5593252916666666,r_hand,5.919528288552497,4.1,3.922222222222222,4.205555555555556,0.4709166200613352,9.53790668395457,16.913082215342282,56.39366357069142,4.658014509385183
ID010,KOK,3,True,180.0,1620,8.994444444444444,F,20,161.5,70.7,27.3,15,1 Dan,Shotokan,Kumite,International,5,8,Right,Right,Left,0.4194748704278904,0.5092238734553924,0.7588735053045306,1.1515638933292938,0.3044092537321963,0.3433366110770275,0.410908175799923,0.0816818252600851,2.4743014655817603,0.406676631636016,0.534278862584846,0.7582639935990669,1.6666829056924235,0.2970778608441748,0.3987065259342226,0.5918261468863634,0.0621573895998455,4.784944451837739,0.4569048051536019,1.7508394318710985,35.100458770729325,1.5196255450847571,-31.93040287492665,1.4095872197083494,20.802830455889396,1.2888900603892992,34.51242878480752,1.4445096051288289,26.0679605256503,1.8955690665752696,1.1344167334165691,2.9171066253286018,-47.63516503604413,2.0310214894977534,15.661068724380064,1.777550293146522,5.83001346499562,3.0745114626855816,-25.099344677647125,1.2054231686275472,-7.704667014551768,2.0986902211442517,-4.135156648319679,1.740194782893712,17.79265840962508,1.530140656491767,9.304902849994848,1.0713439387579662,17.5302228264533,2.46210389668785,-8.54528339548701,1.2036501894309044,-13.062764546064091,1.4722367389962567,-22.41856351607203,2.9657926274030793,-37.8331166223966,1.214065133749891,25.347512266294896,3.7654079400279734,61.06263910458452,0.9819843064235272,-4.324330178312883,1.6848814362985012,60.78266112915049,3.3264998000173804,0.9993940046964042,359.9999954434742,71.07192989312307,1.4233365068586463,-86.82381912207903,9.958256114354995,-3.9777695623717695e-05,0.0145570804918525,46.74649252484309,1.396796792849578,-97.31154627346638,9.959439427295663,-76.01464448717859,1.0312171105418173,-14.285753485227378,1.3846894834275254,3.5934785115980095,0.7938648755964888,-8.523642225405654,0.8021796595571207,15.533158028971965,1.356402233648307,1.91056097029076,0.8924684610699569,-26.34882313728969,2.752131933155173,18.03530436103363,2.241633923077405,-29.04856792824639,1.4631703651061372,-0.9302658382266954,2.9475338903143533,48.89255413550249,1.670193510604186,24.50663992406838,3.037132984045467,1.8896856787891791,4.146806618259459,-36.94974868687088,2.443457837473936,23.4845823926747,3.652926870300501,8.4681728514299,3.123423857582555,-31.35286975154518,1.987494886103697,-2.381320987421425,2.130259840158586,-14.083189828742093,2.1705339687800667,19.150047236028534,2.4262151941427845,9.198124094252798,2.6769492820975325,-0.9991975295431018,2.8186904539076725,-8.968586659135285,2.0713977159157606,-12.055478455700875,2.0066084030922884,36.78944322868508,4.279136788108545,61.42425640224717,1.4250741305088468,78.62511624058116,8.751231188576412,18.63458834738109,4.557760611721079,-36.23966439086744,2.994613744819013,-22.22136142302456,5.9836039777141,0.0001166522302448,0.0221014793403258,18.72373595858962,3.748848171581926,130.32647362901636,10.952331865687938,27.332473682290008,359.9999806432648,69.75727044894931,1.7252216480111855,83.48689757553191,15.998083198964563,-39.27624528256859,2.1641125451395453,-10.863097521377108,1.5961908065295471,1.7223646036882343,1.3057773481471682,18.560417555709627,1.5938705149155936,12.489694182605716,1.6309477335448932,0.2037918145632594,1.0555352949007788,14.502872179231092,30.965505555555563,94.66815277777776,2931.44721077446,0.3822177314814816,0.5801183564814815,r_hand,6.0661079832785845,4.0055555555555555,3.8333333333333335,4.105555555555555,0.46989071535884247,11.239242054556106,19.1736876504988,58.61805125558994,4.773356528467302
ID010,KOK,4,True,180.0,1620,8.994444444444444,F,20,161.5,70.7,27.3,15,1 Dan,Shotokan,Kumite,International,5,8,Right,Right,Left,0.4313047678157112,0.5039619450609465,0.7558686192195705,0.6066425783856799,0.350748147196056,0.2210772143520278,0.2150682566781386,0.0807730669788447,2.4762471019309946,0.4243283953018232,0.5253371449368099,0.7546779517492634,1.2616530430476391,0.7790484883024251,0.4626539870762669,0.442442438552269,0.2464503003701918,4.303951262037736,-2.481432103793974,1.2451984083094236,38.07317953522006,1.8192894959483183,-31.168160708097545,1.4665457230555958,18.963965397599573,1.4301811970828808,38.86354176488102,1.570581417455955,26.73309608990576,1.3049675955001412,2.1903500437858408,2.9171088153523423,-48.51052428796988,1.7211166795142745,16.188018918249483,3.072835791103362,2.7618457506410157,2.321203126535115,-29.235618691710165,1.1480113186030216,-9.375255000639791,1.4628460961312335,-3.655564955531625,1.9357146578168272,17.15211471852775,0.975581451796124,9.06677937914348,1.5638167189349872,16.52007999776905,2.042394490573063,-6.1177501435854,1.212962005156082,-11.90654721632674,1.7738905771800244,-28.461819702304865,1.638658047372612,-38.80848375587247,1.1039486992278782,32.73113298503384,2.268635255913072,62.4690783495036,1.188033898667527,-1.9785338533175625,2.146186833555942,61.17428479261294,3.2243509798238037,-24.998996500432,359.9999755417268,65.98039066680077,0.9599883771600446,-87.72500521549264,8.911192911415569,0.0001226481482112,0.0137413261803431,44.25262370533884,2.1975286005056347,-99.12641710455716,4.520704796703157,-75.2840254747523,0.7079281967238558,-15.886515796109752,1.4119603194647112,3.1462898146490414,0.7308140473529812,-5.413644305629148,0.8365601754963441,16.48563113744612,1.6010386314981488,0.4735973423716186,1.4865919232782854,-26.355655993250306,2.714588098048196,18.52715640173706,2.113639404222429,-29.053262705735143,1.5826858843784102,-1.5666038833171028,2.4341683311386326,48.86356299899387,2.445309063379703,25.999469612501308,1.9181412159551632,2.161880635093206,4.442238396564337,-38.789345494705046,2.064333259047757,22.877341111417753,3.472807576770645,6.94416547289014,3.0744934496692853,-32.888276210370876,1.919645665560953,-3.659105169223509,2.0336207206871233,-12.940484356053876,2.7591644669966637,19.38640418266874,2.0061553898083027,9.13538296967868,2.5617983686533936,-2.9128117351789387,2.2515958125317272,-7.255764457158383,3.45493418409335,-12.098558459792647,2.820395532334123,36.73159369001384,6.033131724072597,59.47556043096341,1.3661164819919946,79.89374109500754,4.526330815245643,18.424644795966135,3.159069226383373,-36.51227888837099,2.272827186169181,-22.0977707485526,3.113228627157433,0.0005324910819193,0.0197029394888352,20.57947841470781,5.191045197604037,128.967690030586,7.25505483325847,-9.998957453156594,359.99997251634284,70.00001191464216,1.9406368243852512,81.50536806962364,16.921656254336767,-40.1683273899522,2.342782286337645,-10.782093536240398,1.491848386542225,1.7219837412547143,1.1875856906946407,18.16999374126666,1.8676405376510132,12.52013427954106,1.3686518714122131,-0.0585744993896427,0.8517531224173588,14.481688077163966,29.92110833333333,94.72276111111113,2834.2099968380085,0.3966850462962963,0.56826125,l_hand,5.766113148815437,3.911111111111111,3.7666666666666666,4.05,0.4680301047799198,10.866432140010959,18.527002063983485,58.651864465084294,4.537293750564496
ID010,KOK,5,True,180.0,1620,8.994444444444444,F,20,161.5,70.7,27.3,15,1 Dan,Shotokan,Kumite,International,5,8,Right,Right,Left,0.4093950759210665,0.497766196711042,0.7571669482664313,0.5328626978153783,0.3031153322447133,0.1811005559335665,0.1647460300865718,0.0688460958217773,2.498351693527957,0.4053875823353661,0.5144978379091627,0.7601791687905345,2.984252586359415,0.5618864260320433,0.8563728868282272,0.9589885980342924,0.1642951879320186,4.945941598611588,-0.3757780426844742,1.37512619605445,37.010091151248986,2.253457231983546,-32.03463430017489,1.4450012942186454,19.23860752473023,1.8265693378121777,40.682271300028184,2.7183583042539468,25.76227631441514,1.6084915180098385,1.1045419417076152,2.8434990177002972,-47.35869436859833,1.1772555574846209,15.048890311512794,2.09425159144231,5.272590473715154,2.381640995364529,-29.83153559781224,1.4851890901426614,-7.635103445491016,1.4688366491345874,-3.258058104226621,2.035961424364199,16.991862734891264,0.9802175613991296,9.888859931416825,1.712104030868108,15.94970266489562,2.4122769069486427,-6.1241262363871645,1.77293209097812,-11.077168370498349,1.5909452224357636,-27.60816431209351,2.136379080707716,-37.996709846481046,1.785914124880513,31.383590422411505,3.176893062303691,65.91955769996251,1.1056427968051423,-0.6155817940238658,2.6380070595749023,59.64265190617044,4.209473002537898,-0.9996852864658962,359.9996450146424,67.39265851440095,1.6269520454293485,-83.84235054950011,8.542765891249942,-9.740998151220052e-05,0.0146243105085852,40.44441195712288,1.5536589991335887,-101.44873914305644,10.460226251081224,-75.79256414382172,0.9298548681220496,-16.267069225974478,1.7764638947795834,3.092542276830829,0.8577829912856587,-6.3253142770843835,0.8414217430682847,16.451348117084294,1.7876904525170725,1.960041128721272,0.9350187530023396,-25.22632766216959,3.7306571360992784,15.65924096949611,2.9273414473242205,-27.57305830301612,2.669402844709989,-2.0587661588127246,4.135831966018834,48.7753343242664,2.560674718163817,25.51834515847872,2.248113598214747,1.7335861914995896,3.5000068569189113,-34.62968430268458,4.330326555184879,21.36944956044964,4.990588455573182,7.476036780066662,3.5577149770155643,-29.45586744226875,1.7039040239008258,-3.716730385158195,2.485106143845154,-12.322163956151105,2.629488140574452,18.524047116957465,3.262296865988126,9.583811592684606,2.2195543761872294,-0.6010245132577625,3.0986462839655267,-9.608468382435806,2.366207341399818,-10.488491542227084,1.749844909852234,32.73576984181029,4.806511014788555,60.9083315634214,2.539328925333642,82.85646315804411,5.000702405476588,18.9813814222711,2.969798598064436,-36.13832464294984,3.201631871603809,-22.76615527653319,3.4974882677524306,0.0004050478367718,0.0212830042859202,22.737007711988426,5.00154410488237,124.49850116149062,12.966798611564483,35.331797360273995,359.99997973774725,72.9646818431225,2.351494074651953,85.98772125627751,27.824162224840563,-39.94029018803655,3.578798449456251,-11.54971068170096,2.526810512291398,1.3615559105406183,2.289991614856358,17.263992858043782,2.37981232527164,12.774048724761396,1.4894233507414736,-0.2672885615927468,1.101239487108464,14.69045389769721,27.4154388888889,96.1189777777778,2635.143961329137,0.3817988657407407,0.5616206388888889,l_hand,6.093750960496526,3.938888888888889,3.7777777777777777,4.083333333333333,0.4688340236943847,10.103207972200009,16.97550395596836,59.516394908840745,4.7951084963078445
ID010,KIB,1,True,180.0,1620,8.994444444444444,F,20,161.5,70.7,27.3,15,1 Dan,Shotokan,Kumite,International,5,8,Right,Right,Left,0.4873066926808044,0.587461741400617,0.7576562639754523,0.2482719044355152,0.3434658543808588,0.2037191789012404,0.0697033060255821,0.1163009324182494,2.1472510958547315,0.4946170646091692,0.5937770155677113,0.7525546368396947,0.2517373458459704,0.8355721469904154,0.4004524788848718,0.0577995530678753,0.2647778229118573,3.4063920386457087,3.499783858918925,0.9784944942177204,39.126672022728926,1.1209560346740162,-30.32591211651012,0.9363970997179968,19.055308950379292,1.5061056260667414,26.70427286592485,0.9552575797804757,28.60879182115139,0.8575756794737934,5.162475891400017,2.24416191005271,-44.94219033426472,1.1362242268072649,10.165702925721304,1.7722455530358427,-10.170542141428896,2.8884971074352315,-36.916740609658866,1.03746251724192,-19.91439774423228,2.098328267568114,3.4830039221124744,1.5640674824436642,16.54293263013397,0.991852613222722,13.71668373710207,1.2341648205596734,12.5377835220125,2.784619263160092,16.8058098374676,0.6455392870645049,-13.92555447113392,1.2079954227255405,-18.14972000647719,0.9900194661600992,-34.19195589670139,1.016302419695549,21.177188717298364,2.0111320321429496,50.52034974548191,2.8728802742130313,55.82062439976191,1.334905622934123,20.14153684696523,3.3071362218944813,-10.999595335387127,359.9999737109231,71.1813582378927,0.887393793883362,-87.69639186737777,7.876715025289542,-0.0003364226186717,0.0090162327878012,28.811720547684708,1.0673564937961153,-109.96670037032024,4.8193736389677895,-107.03440200908548,0.5833569995453445,-11.795611641213728,0.8958946032610022,1.4477608601807648,0.4983292470331504,-11.237832273364091,0.8014813490887835,15.911732235909604,0.8016964013517818,1.4068016442114986,0.6873083288472386,-14.081727986808238,1.373787250221417,30.400149944633416,1.4585868540731963,-27.91969934346511,2.003564887402529,-1.962610936168748,1.540209405777648,39.44373326554586,1.0985451192102715,29.2799868522311,1.1634877256083165,4.935736567457141,4.073420752619452,-46.62362765115605,1.5682937226227909,14.123575072243858,3.7286350379775826,-9.398360169497028,3.2497095196117813,-44.173029504729925,1.5040205424623565,-12.858899569001943,2.6954511511915484,-12.019266047077368,2.603785527432697,19.590959076825374,1.8084673012386896,13.76686218750852,1.4834251817484017,4.1493709669786085,2.064853908050273,13.68402976302611,1.4874697574073945,-14.455509647608707,1.56991309736261,-49.738113396939234,3.1007764140652796,67.2613428564967,1.6999498891523643,-22.02909985633468,4.805305242415685,10.764217087754398,1.787733243172772,-40.10811548940936,1.9051911592967272,-16.01834417704118,2.7358237270535284,-0.0001703000253122,0.0209102965799396,13.320452142988644,2.444109614966674,140.6240419419797,14.690097137324244,26.666265360679606,359.9999993880276,69.4495835565419,1.1271904346901636,76.62990822154367,7.290965237622373,-76.96946930354106,1.2717834390883098,-11.558862365727782,0.8320046602147801,1.0931746795562307,1.0951950899183105,12.867694114003225,0.9593649217254736,13.507270422199982,1.1299603007236083,-1.152401699631102,1.097736619190921,13.385749503262886,91.49975833333332,13.646230555555562,1248.6267979942827,0.4554806851851853,0.601163361111111,l_hand,6.180035904058868,3.688888888888889,3.5388888888888888,3.7666666666666666,0.4691370055575556,4.7872664282961885,56.656197110423115,8.449678362573103,4.863005210279482
ID010,KIB,2,True,180.0,1620,8.994444444444444,F,20,161.5,70.7,27.3,15,1 Dan,Shotokan,Kumite,International,5,8,Right,Right,Left,0.374584302649809,0.5788630130161618,0.7543744471108853,0.2940575973252146,0.2923619053682491,0.2161279307164143,0.0801933263341844,0.0801178359835637,1.9242776131248365,0.3813192058921921,0.583551110206712,0.7481476027239731,0.5216769342909933,0.7693324191853868,0.2865334449599022,0.1190679778279151,0.2581814061398666,3.5223471225000824,1.5351534188442426,1.318137639701336,39.27402523479966,1.2288014396312974,-30.28017883396258,0.9360606406255164,16.714654485255924,1.4054412489873762,30.45337538205281,1.1590606658145963,27.82569759865481,1.2024732926174764,6.12781507346032,1.956823889356703,-47.9228413611517,1.3935586630210182,11.30460652844049,1.983972995870124,-11.823353699468049,2.462148388665508,-39.19524031514071,0.9263395174230736,-20.217542207581005,1.999933910998401,-0.2257176065669617,1.5070303174572055,17.24158920964027,1.1291035247751324,12.917142457658631,1.5610090436796114,9.776518885068157,1.7791866642070158,17.447325412872587,0.8690889413432643,-12.881991745315682,1.039215491034886,-24.02540790446648,1.7396663673055173,-34.244365799907875,0.9549294137608016,28.607031642825746,2.1336631589869555,45.084418090652214,3.714981685319571,62.624731095116445,1.4749234135296518,3.0712112040519832,3.900545249676768,-28.999238318183107,359.99995233363,68.50766308278592,1.4408950719538325,-94.93621498663003,9.850691687660586,-0.0004232007793217,0.0096108201019374,25.874477834232785,1.9039385322790636,-105.88675798256084,5.623217445667706,-101.86802060938842,0.8590704597574614,-12.383275937930446,0.5009183819679226,1.7177016862511083,0.5461327439965362,-8.56408559822607,1.0801462369939117,17.20733530146917,1.0702052875799346,-0.3854315834376421,0.8681326982032315,-13.056746346494002,1.8310500203458255,33.74599499665132,1.7217708720789062,-29.338092446145534,1.8045149684802588,-0.8380440822199675,1.638192827545055,40.47208022587393,1.1907003228414084,29.29007101596839,1.8073276794539377,6.982303746772918,2.913552849351433,-47.6303118317261,2.0788797396227494,16.634575377244847,2.796264269008626,-11.069466706713268,3.055971461972563,-46.51638475236896,1.1902254130438124,-15.231250733169391,2.7019152649580054,-8.491545364918018,1.8148914743585305,19.75679968250518,1.2309509554783735,12.68844050665057,1.5443976314942471,3.1796181888956743,2.8074657355111072,16.041847733746597,1.6422264848954296,-12.576611651052277,1.2596614451813526,-43.45336812071074,4.471605573978344,70.56730994766289,1.4493075074445727,-12.054320364093634,6.471230948422384,13.075037477908015,1.8276569860278256,-40.4268659259651,1.610668967193135,-19.941585010682513,2.7192745070417494,-0.0002434748289174,0.0194246299300992,13.415896893557273,3.0026285624205133,130.23663065628492,15.040038188864358,9.333390073828372,359.9999954482296,70.45641943317774,1.339227075440462,80.21965375296553,9.164512038812418,-80.60344845620895,1.5614384894863915,-12.90149163662335,0.9892086313624836,1.250932524879386,0.8409449160975347,11.75360562492383,1.2719204907126045,15.156359851873608,1.1803121711539202,0.1212564324300654,0.8154898516684768,13.549081392757744,90.2142027777778,13.531713888888897,1220.752780703095,0.3389998425925926,0.5904099537037037,l_hand,5.897775191790987,3.816666666666667,3.6666666666666665,3.9722222222222223,0.4671049208116937,4.680396747608412,55.86018747850019,8.378770209838326,4.6408972264869615
ID010,KIB,3,True,180.0,1620,8.994444444444444,F,20,161.5,70.7,27.3,15,1 Dan,Shotokan,Kumite,International,5,8,Right,Right,Left,0.3884897616055598,0.5703989005881905,0.7600173498129318,0.5055466417837828,0.6699488543955856,0.2854393115541476,0.1549927412884873,0.1557953517125919,2.240968701421342,0.3821914453891853,0.5804006055063263,0.7553453404064793,0.2027260093887428,0.7612380127666352,0.1782671324163431,0.0558055340343958,0.2199327906762983,3.144857701224759,0.6134117352223307,1.5242619425111317,37.201982807929355,1.4733381314195313,-28.878126394296174,1.4237799622871066,16.354260396498496,1.368055813860277,28.780160194492428,1.7762847959387749,29.009925207780093,1.45572531399797,4.972199828989037,4.63631781200844,-44.31316356717573,1.8548437003626577,10.630767256129626,4.08220483658298,-10.417394151590791,3.154266538099101,-37.15190999925219,2.160255475299806,-18.755882615335004,2.4109638316424125,-1.9197254109419273,2.0007739957174486,14.92814715802555,1.3665310725383648,13.73367296592838,1.4102073616775763,10.205725248451229,1.9266618944987144,15.744187845495125,1.385083015804927,-13.770950464549305,1.400919281492195,-24.187990789420823,1.2933774286072437,-34.12590317775251,1.176398950907334,30.77279661535652,1.8749435055423616,44.688063712997184,3.5835983039576433,63.91113639400976,1.1852496561024708,1.4128224546896715,4.016504015776605,-24.99924406745468,359.999908978637,68.73798369527177,1.056603998715886,-94.10861233457432,10.61197360698631,-0.0006423265661281,0.0088381276125151,26.511207020371607,2.0752157015481068,-104.14677983629684,6.704984980515292,-101.56666408488115,0.9633492807262058,-11.32900358079694,0.4892496563829294,0.9400575349220044,0.7431699765992038,-7.632040744809321,0.6499967508886799,16.97445762840205,1.2159252392930815,-0.3290558265901939,1.2083032526677784,-14.004734941568392,1.6265862853711344,31.339768452661666,1.7355224880931353,-29.239565317620016,1.1084866420340198,-1.7848526903697846,1.3351350726966191,39.950716557123975,1.7882299774124777,29.68239008137347,1.2116519475334044,6.454214730227479,2.564442792962777,-41.58073422447031,1.4880249194756487,16.632566534812533,1.5179771017739032,-8.530612796673044,2.6930803727903,-44.237951879824685,1.3153327277697713,-12.70355984712018,1.9182211743018005,-8.072644110962445,1.827299831378028,16.29329956830249,1.5027591394551862,13.552003009979556,1.3987152702554386,3.3372244160905264,1.6967509373514909,14.083639692722652,1.464126738518031,-13.9470710237971,1.5266358880738284,-40.84391294621128,3.6127021068207625,70.21093578551786,0.8619956645133158,-11.26253378608294,5.645555498069481,15.295118933873592,2.18536677303425,-38.45090042921267,2.127197717216333,-22.48377595826923,2.647051827938288,-8.729517804450778e-05,0.0181912868668175,13.085235986980784,2.5471393685025294,132.98796250157648,12.091145345953151,26.666281203067463,359.9999774252195,71.75086251316593,1.0156561084628493,82.15057920833085,7.27877826668842,-79.32850769165057,1.256422474852016,-12.014757902190924,0.7952515332415331,0.5238187625601948,0.5404687368344061,11.095702670996824,0.9830564802364314,14.75058709907874,1.0633661948928896,0.6798172234920313,1.1156614699035126,13.717559834069313,91.46881388888887,12.186330555555564,1114.6692015745916,0.3609780185185185,0.5834420416666666,l_hand,5.792485938189325,4.044444444444444,3.888888888888889,4.188888888888889,0.47059897821234165,4.27366964726813,56.63703646370828,7.545715514275892,4.558046220958816
ID010,KIB,4,True,180.0,1620,8.994444444444444,F,20,161.5,70.7,27.3,15,1 Dan,Shotokan,Kumite,International,5,8,Right,Right,Left,0.420542451823901,0.5981420504445623,0.7622230571795097,0.2431918277112754,0.6970510826892817,0.2533449683104094,0.0675595693236347,0.2631922772965204,2.2526346881057115,0.4219494069618021,0.6038757020415126,0.7582617222101636,0.223687243431303,0.2589896641104483,0.2327107853700827,0.058873103087441,0.0638424450589968,3.315651221424068,3.745012268214445,1.3291967197810233,35.757397637446296,1.0425446404805,-29.9221574346623,1.2288845833020725,16.3808275649225,1.2084705467831842,29.271484556010016,1.0275381892385234,28.446670797379593,1.4965783257298924,3.2272080736134368,2.5121727726263976,-41.831917645374034,1.0894332520928032,9.633973912242206,2.0247357527968717,-10.111948231479309,3.272467227141423,-38.19455586179864,1.4292768079944906,-19.328292788706825,2.4809126026233024,-0.1420583059554855,2.5566166913727892,15.265429072044215,1.4125330674120775,14.28997831956831,1.5361898150683313,10.99222873463886,2.779706344092947,16.91224635957336,1.5019890422435402,-13.255562585518174,1.7056720650699475,-24.89224810133841,1.711082529403246,-34.297244393419206,1.34290716321199,29.643719668616555,2.141179748891215,53.020993224385094,4.405421932837804,62.7808028590296,0.9335918459560162,10.5160273528917,5.063454035372714,-37.99846656302215,359.99990850725067,67.21493169839621,1.459171689208219,-97.86802413508926,12.91198903569051,-0.0003969426882797,0.0104722162337585,25.15967352789196,1.1863106421519731,-108.94416473219866,8.60895174730554,-103.92936230377164,1.2049633586055393,-11.686593675241443,0.7416405898561944,0.7873013803316251,0.8228312270254978,-9.523522442562449,0.9909299131153766,16.860053116217337,1.1192997393298825,0.1790369480194985,1.090034485290719,-11.78105393284016,1.7221273829656027,27.427026750921655,2.177978519589544,-29.436113369894592,1.451218794128316,-1.4615943910809972,1.4247996079973624,37.850949991449674,1.5335876606528274,28.933748871682,1.2416596561190083,3.883723315570215,2.812698102996551,-38.82598308705835,1.7080350872631411,14.668095562815346,2.48833550197946,-8.786361104451561,2.7494652614131807,-43.965017678673014,1.3812880423272773,-13.307123488680912,2.9506887896427063,-7.469526830702209,2.2570573138496517,16.848520151593508,0.9991211291068574,14.059008889147895,1.7025453446156735,2.9265921535319563,2.025816115674246,14.62406348559014,0.9318428191570725,-13.265749030170657,1.2176436543531928,-35.987916918630184,5.7611096293274215,70.26014400660937,2.2565754259980224,-7.387050066526927,9.336563262695233,13.200286696690624,3.5847529815549297,-40.41608378595533,2.10035469979082,-18.11526062250015,3.874636459788394,-0.0004969479991824,0.0285554973323277,13.325444075101007,1.7602323973649965,138.2587510234249,13.224675350020815,31.332931309069043,359.99998243029046,69.97402947729151,1.109363797883418,79.56580599218735,7.930338219383103,-81.01982773126835,1.3427834759793171,-11.244471347833748,0.9550290466136656,0.4983471354217827,0.7455909390442566,11.543513777570944,1.516541051011485,14.147799480146809,1.3042742324847936,0.4198796054922673,1.3037061561836114,13.59035384481151,90.75611944444448,14.30134722222222,1297.934776716474,0.3961187685185185,0.6019381944444445,l_hand,6.157746977904962,3.9722222222222223,3.816666666666667,4.122222222222222,0.4719647412876221,4.976314454145919,56.19573959408327,8.855323357413141,4.845466288871794
ID010,KIB,5,True,180.0,1620,8.994444444444444,F,20,161.5,70.7,27.3,15,1 Dan,Shotokan,Kumite,International,5,8,Right,Right,Left,0.4198461858800676,0.5829452636940408,0.7535216994576946,0.1825989978597286,0.7779836635092963,0.1646483804538134,0.0503479245081657,0.2435256265225515,2.329402937382347,0.4192253253531439,0.5833393459322792,0.7476533697008744,0.3218843355811018,0.546748854268081,0.1714773849628703,0.094744536152881,0.1687466598336967,2.9814484961513057,1.8348892570523463,1.073918227092755,34.63137734242163,1.325255952967062,-31.46088856930623,1.0985918272054498,13.049429697359647,1.619578360392886,28.06853473746506,0.9624542281152592,30.389806038667576,1.637480769355271,3.794358498506426,3.0926182015680044,-42.12612338596223,0.9715732653176588,9.452258661147244,2.9259145078098,-10.370021373050625,2.5529197499416902,-37.068267756457445,1.1742261503471738,-17.96449923697464,1.6564635932798917,-1.5370301782071285,2.2952463410062225,15.515357641428317,1.9264574154399483,14.47878990200603,1.5981914467264922,8.622749195142886,2.1837206032222634,16.267376842505005,1.9164343945510576,-14.149465094208695,2.188322795023149,-28.68577359637899,2.626673839190694,-34.11180942154295,1.7845041021579249,35.324199015114196,3.463489228897707,44.02727512004027,3.186894817844859,65.30359224409416,0.9342571723602902,2.8304183074374487,4.533836851981792,-31.999109492077125,359.99998220915637,66.98795491163787,1.021274438396247,-98.03265638477733,8.313114914722334,-0.0004036636468772,0.0106208072628512,26.66923741107764,1.2067895202915722,-111.990837031751,5.2904780307538175,-101.48004459487964,1.0492159284907956,-11.270485521831436,1.1198113664688645,0.9957331312848297,0.8389121742315965,-6.829436701376871,1.3471578521162684,17.510297770211068,1.2288880487476312,0.0843760275627788,0.8084597850541115,-10.874842126685245,1.31456906650941,30.05185572755099,1.2628313062474916,-30.890666816891205,1.1656752146175648,-1.0647154559428127,1.361470038540129,36.232397537077205,1.251865298598588,32.08682367084338,0.9999518227718198,5.9310304536354685,2.6532211193020627,-42.32451785487955,1.332987442178279,14.907308852560348,1.818011793208452,-10.489698076750503,2.6626858385672474,-42.24834009583153,1.118390156351154,-14.9421345036046,1.551032287602398,-7.201022803352087,1.805096450889054,17.54530856188909,1.1388267944057269,13.710085059127724,1.3453780331720662,4.006287729785459,2.281489299838695,14.508284002540671,1.547608533895822,-14.3221099664204,1.1562512035638992,-25.715534448206306,4.032416025521041,70.54842191338089,1.6538567426558046,7.076867981321811,4.491788933283031,17.252750776063685,1.7343376961666197,-39.1129391040265,2.6563589467294264,-23.6421770872316,2.3597687255727315,-0.000130142000807,0.01061846899308,14.040432942486168,2.069659758387221,130.13741425781845,10.750069848140072,31.999159346167605,359.99999980375964,71.3229992310635,1.5018699046795092,80.56836499289511,9.465629165107757,-83.69620649087891,1.24429527352207,-11.050891306063122,0.8932381549881239,0.5784603546560725,0.6803107506237164,9.587577889657084,0.870949175977886,15.520533452775805,1.1318445851374772,0.881743029856519,1.1225885476205677,12.93393606404374,95.56045555555556,14.904275000000004,1424.2593087252783,0.3923800138888889,0.5901813472222223,l_hand,5.5989348017827565,3.761111111111111,3.5833333333333335,3.8222222222222224,0.46657690368897503,5.46064587497351,59.17056071551428,9.228653250773997,4.405742868775623
ID011,ZEN,1,True,180.0,1620,8.994444444444444,M,21,184.5,84.8,25.0,16,1 Dan,Shotokan,Kumite,International,6,10,Left,Left,Left,0.4151022006908467,0.67970418530917,0.8148096264730523,0.3020624233068758,0.4242453741793661,0.1639987182914803,0.0776096863314124,0.1065798021908061,2.1689044100975816,0.3804187308087528,0.7179765167819857,0.8042493731154209,0.790776546619737,0.8877367876243158,0.3323622504225021,0.2362095057951933,0.2114564084700065,4.117793100861296,-9.371524447689149,1.2254192740875638,12.599773501641817,1.1699072340019487,-39.46444693973821,0.65890362833224,14.49143054527119,2.0238089880360164,56.75719215702779,1.1892321013862244,30.595860570442408,1.9835690486867676,-2.6242273644145366,2.766733730143264,-35.992115942634086,1.1807553676218134,7.24631745524475,1.7863345193985394,-18.67177852621263,3.2080973563256237,-51.48857075309027,1.3081855845301291,-25.866877129721367,2.9135703084199704,1.6260314900183688,2.1112077237705447,22.36305118269456,1.2010153730426223,19.406456842253128,2.477660570864753,1.6844661289085296,2.250742166745557,-0.1234030615220547,1.6005582726606784,-8.32460311254749,1.9180429583377008,-23.242310483509623,0.99065868865042,-25.286357717086705,0.8333802983048777,31.03289562525004,1.5358400882877064,62.617312435012195,2.922819363528852,56.698600177565694,0.9365284070381534,40.779480660783754,6.843539322908782,4.99976825893302,359.9999729979569,71.21625090146205,1.140529091578415,-70.56807985985425,8.6020377805945,0.0037927174489752,0.0407602181969669,17.966177594741186,1.8568564592493215,-105.47477566062716,13.971065816196344,-31.63743148566291,0.9263598461479176,-7.671562868896513,0.9307500781755847,0.934692113738538,0.4554852114252606,3.5782138873505107,0.9095982680420552,7.967931385867246,0.6614966574886996,1.3068427629992914,0.5091451282994719,-14.320499121764728,2.131840257977071,-14.562071636756466,2.044001766257459,-25.479295281025173,1.6609183654583042,3.6168038712738295,6.002350539083516,66.5235968277994,1.2712413033505785,19.175740995770383,5.876744267072265,-17.470607854854187,3.3183198497204103,-17.21962568166431,1.300719908895399,-4.107571393837879,1.5661764974880836,-17.9515572617495,9.768013850716232,-56.683325294225334,2.8304781639815957,-23.71607934820555,8.884778315326066,-19.019054534654305,3.3851415430308833,19.156371134043365,1.7615301649247357,18.694228806836232,2.39076788907699,-5.362496142977768,6.408585172578351,0.4825114991592569,1.8274611192249743,-8.817645617833909,1.9095820494113251,-72.27918413858752,6.315157882372404,73.34008879469998,2.404451018580616,-45.11181280942271,12.577514374938724,23.664412023835325,1.5752468155207922,-27.900555316881768,2.5285302730060266,-25.438186562331353,2.309264113904703,0.003237212930726,0.0577275960153407,11.8213238755218,5.167695939861813,146.02143442884204,10.925220932723278,23.331997719673783,359.9999992689925,66.30794427237609,1.3544787570718313,74.23578573612089,17.014758683254186,-2.4094329360180233,2.1100455112159437,-10.722377622161437,1.1263600017745858,3.615395402125056,1.4211253652088631,27.938507320687048,1.8099895866021996,11.548119283120544,1.1395297992320683,-7.311475127021952,0.9437301332231218,13.6487837504068,76.38689444444444,103.17429166666668,7881.163726921992,0.4064080925925926,0.6187959814814815,r_hand,5.71009233409512,3.9166666666666665,3.794444444444444,4.0777777777777775,0.441631233860733,23.152484858137036,41.402110809996984,55.92102529358628,4.20382806988271
ID011,ZEN,2,True,180.0,1620,8.994444444444444,M,21,184.5,84.8,25.0,16,1 Dan,Shotokan,Kumite,International,6,10,Left,Left,Left,0.4127080959107908,0.6623367361394678,0.8176910455527951,0.2977877043933596,0.2673839543357537,0.174682365758394,0.0668398507673652,0.0727985619747058,2.3617840869805,0.3778380069431372,0.697759285192796,0.8001787874100009,1.1971915061499472,0.7217710294811108,0.4205035503216048,0.2943816608721897,0.1817507980868484,4.645013114104926,-10.254014045323313,1.3339690268846436,12.735032369569604,1.5762952108884694,-37.19829913593627,1.0252954853684102,14.753279600642768,2.3264797720524744,53.30757208549041,1.3568435404531345,34.38616428957589,2.032906706295087,-0.0950937018663606,2.831214388886643,-36.36056758038009,0.8212425723030066,6.5621558332422865,2.112404463958965,-14.96460890887275,2.5384030069138035,-49.885231746253034,0.8683343381544617,-24.19412138079072,2.1588968170088343,1.6723723853687391,2.480525509910382,21.531508327519564,0.9387641363438952,18.853463838156056,2.394755453049232,4.162193239612536,1.5244029930321648,-0.22945082444795,1.454459127043882,-9.551572799938947,1.710657358363692,-22.13978160806619,1.6104264765315008,-26.63470279870559,1.335317143134489,30.255857436621973,1.4371661953689063,63.67479282045915,3.0829289424711916,53.214651033276205,1.0452990100180557,43.819657007267786,5.905338918586168,5.0008187520415115,359.9999983090861,70.66549404848062,1.113435205424253,-71.30724166348914,9.749587690229532,0.0034292449885571,0.0519609260203391,17.812577753803314,2.501531682464986,-110.8252156042851,16.454724959244544,-33.89445605023224,0.7026375091780963,-5.874050708488126,0.6910325892432923,-0.4318631003231991,0.5463309518286261,2.9346615184375264,0.9073332082520243,7.644852605304168,1.0171783092463356,2.529114206189054,0.6968471796039037,-15.039371418373266,2.2495622741169328,-20.50504566645941,1.79328994490227,-25.56435170593765,1.3129083243986417,4.4189572412299665,6.026121796961837,67.11698887092282,1.987995354232126,16.30619061828794,5.6103459958193085,-18.112400218720826,3.7012541644406394,-7.581572005911369,1.290502489651339,-3.9109954938119103,0.8009822898913654,-13.1796022298895,14.782245518062686,-56.69082919328018,3.987013976045951,-18.709988581216138,12.280395222303436,-13.910150291710725,3.581660766256805,18.6562887566396,1.8048505881567536,17.507657589109197,2.343370540993853,-3.886942936000017,9.499438632622828,0.5638499714913289,2.060663964860752,-9.53013258347274,3.1253306595016603,-79.21612349381243,4.471187929155192,71.49875569710966,3.435229234964126,-51.73974868619331,14.647934099354949,24.150004107374993,1.4929273322704368,-25.605506765180607,2.2279885624011833,-26.301740240505904,1.8775656080951288,0.002451677237406,0.0539867423550828,12.263040413287554,3.7956775538080905,143.05075165045113,11.288453062752922,57.33148073744798,359.99999937564854,65.64921254307818,0.9288634055074424,81.05231118076443,16.751420221512916,-0.9533778294254226,1.1999688586800437,-11.105018170809815,1.2561873439837417,4.622383163801045,0.4796661839676952,29.043005997055268,1.6746930623752905,10.857321772170796,1.0609121859119348,-7.824961686545508,1.8825029859190063,13.046814386757818,76.95180555555555,102.95793888888892,7922.799293778551,0.3978499722222222,0.6050453101851853,r_hand,6.39951265609515,3.922222222222222,3.8,4.0777777777777775,0.44319297861940116,23.274797611000363,41.70829569406805,55.803760915386945,4.71138632498588
ID011,ZEN,3,True,180.0,1620,8.994444444444444,M,21,184.5,84.8,25.0,16,1 Dan,Shotokan,Kumite,International,6,10,Left,Left,Left,0.3998819101080861,0.6584415100019322,0.82459847928326,0.4341029456374212,0.2543263164747511,0.1987634042846409,0.1405035506415743,0.0485218860883348,2.2002882205894525,0.3883259734613379,0.6866390143579605,0.8055018747947382,1.0383086086913795,0.7360314517119271,0.3653330672032107,0.3367018624715931,0.1715356901692962,4.116623813933087,-7.390759216396531,1.1367645437778648,9.928224543960663,1.621120458701775,-37.06479154508614,1.0258766101349153,16.737956028599584,2.4813214585432455,53.42735855136858,1.4649419197037972,33.22429875486183,2.0368577110549495,-2.451109050361618,3.5863694944839395,-28.808442180741977,0.9957045613702816,3.859512889396099,1.605717948576422,-14.419203213203996,3.071842076405016,-51.134709913448205,1.4262440980067908,-24.12559808204039,2.669637316237324,2.832434766038155,2.798700482873236,19.585895956037895,1.355389930274132,21.60818148142492,1.464039735596824,2.216410338920272,3.0254934261690645,1.5354232015321387,1.615313023369283,-9.344873824283969,1.6460956330693577,-21.427334722727416,6.322717773343118,-29.377067428579924,5.548323348949182,25.906909187884075,4.325753390199093,68.75366133118382,2.826638634582224,51.7898821464148,1.9969581774044016,45.49629753076323,9.002049833793528,-35.997971757795035,359.9999405753176,67.50860292039702,4.038075030070132,-73.31524157475081,15.115176207183907,0.0005132306121113,0.0179986883787939,19.69140731807833,1.3289502471547614,-106.6662393846466,13.881494952073908,-34.377282308054234,0.973479684337299,-6.250540724172673,1.2657704672083965,-0.3344353267660865,0.4846420216230184,0.0690618074118876,2.489697828045174,7.556871485124946,1.1602627206642744,2.1485129365370375,0.9832062628817716,-15.43776361381222,1.913160307653266,-20.317150736723036,2.4642098758731485,-25.664805967439595,1.113823976051297,5.737285133622682,6.578122791288614,66.64547702731781,2.0272617028646067,13.596302675338242,6.396760227553401,-17.92635720341918,2.9506258724655936,-8.127476262429825,0.972727823138885,-3.5958100054372832,0.8194829282762264,-13.347822079073302,11.032491964967884,-55.5187464013887,2.878384073115292,-17.57134713853371,9.479405929232016,-15.67464775837401,3.216754781156114,19.67654674260851,1.689317832674881,19.74326717499929,2.890904290506409,-5.1030947680149294,6.76395527562166,1.0849375521445304,2.2049364023179328,-10.262158633916382,3.9231508755513302,-79.03068339041018,5.590193567125553,65.74923595235443,4.6848852334810545,-51.00574349769685,16.405406164475643,24.563145870872464,2.099108140165822,-27.00954772877506,1.3508599893633146,-25.90138904102049,1.8096735557485888,0.001473145080836,0.0464803933679465,13.579100207160067,4.193074470824188,143.7126581139598,10.713751451728598,24.66558498829723,359.9999983374048,65.4085782208259,1.480364964971386,77.22491927575862,13.244669463098049,2.1113016303001606,1.9272812226738791,-10.868001225714238,2.0820792190134405,5.55514663843883,0.9175531286507416,31.225377550592924,3.5789689000245133,10.609748256196823,1.2986926425997147,-9.527095435122009,2.5225841491985097,13.098990150027667,79.85589166666665,100.2584,8006.223929073331,0.4073250138888888,0.5985550370370369,r_hand,6.540674312313211,3.838888888888889,3.7111111111111112,3.977777777777778,0.44693684513997833,23.519874058132157,43.2823261065944,54.34059620596206,4.815310972448636
ID011,ZEN,4,True,180.0,1620,8.994444444444444,M,21,184.5,84.8,25.0,16,1 Dan,Shotokan,Kumite,International,6,10,Left,Left,Left,0.4152139640541311,0.6749453398663041,0.815352721873052,0.1911345748972559,0.2975495808526962,0.3782060331446346,0.057881378308442,0.0631472407361141,2.234481009273184,0.4014566489680328,0.6883663069421194,0.8090866169486871,1.6767091115488353,1.0243215579478826,1.131122993710154,0.5726260859551331,0.2956803645234409,5.220545890342461,-5.896971669592801,1.458975882142897,11.789545636609928,1.4634795102917195,-37.98969743375534,1.569336498342501,17.08163557047194,1.806621344144542,55.822935000369064,1.146506140242927,33.564912559408,2.038349786083174,-5.57253173284494,2.795288580675119,-32.23101258083872,1.4467038901589682,2.754316738347728,1.7488487770512449,-16.478290592335927,3.268623008722919,-54.66947333331475,1.5961430933050167,-26.017927599817124,3.1997257745797008,3.569870729787904,2.004301248098145,19.45008005197816,1.2395182748946958,21.15634054241257,1.896991019276527,3.7125802477938254,2.3937394106118166,2.4141323791430542,1.5296948457110344,-8.75527957501217,1.1907240939213146,-22.721758571453353,2.573052748445143,-28.786569693552124,1.7171916377744232,28.634744023315548,3.5276913444808677,64.43024055335961,2.182573447644913,52.81741906935071,1.1012167610259311,46.696294488404185,5.690093432644005,-9.000021540083551,359.999929533181,71.43168493042964,1.4058531805803651,-75.30738474541604,13.17699764690154,0.0012692293910398,0.0183095528321874,21.2606049813558,1.4126823664543586,-108.35364269084091,10.055863185651802,-34.97607207972518,0.9169167441710472,-7.088685124437853,0.6545497713555344,-0.4167959303322062,1.0031725216770273,-0.599790411458475,1.1231769163373382,8.513170134331583,1.1210984502682215,2.8184030739455497,0.7361330826676249,-13.632081865493165,1.6857232324864435,-18.65959991767839,2.5094865959120334,-25.697355105109825,1.289257037353181,9.717178199591023,6.107669958177928,66.93359560153988,2.75742650968347,11.010350757954756,5.873011590998784,-18.67030075324794,2.81710618477333,-9.654696403944728,1.5904775928192674,-3.3915164387428263,0.8287584789506481,-10.26922695753298,9.331827379598629,-55.334176201285864,4.75891194645974,-14.30952899654922,9.395072762378176,-15.102575412460794,4.308294601513952,19.356898701264576,1.460108970644125,19.39459291969139,2.773025492972547,-4.308042724511387,4.559233287788781,-0.0597223201738737,3.070745116701606,-9.49376071938907,2.02439750861512,-86.0271475366652,7.548561195170635,68.60060540461099,2.2477239456774782,-57.175276535666534,11.15351859642508,22.836514724625346,1.5435678599339688,-27.36388930806782,1.8539949615107787,-24.95913611507284,2.463186078158973,0.0009619880758794,0.0311325433070155,11.427962793487302,3.733476324264396,147.38526804988066,13.880083830759588,-0.000713027834754,359.9999881080587,64.90168675527653,1.5336615387738846,85.71546532080488,15.630356773235404,0.7696527292252793,1.3904190290672342,-11.343429699400634,1.3213211898736326,5.145382213887696,0.6557286251816841,30.10926584918659,2.353675560381408,10.565257615043434,1.0594499368193215,-8.449573803451285,1.7746490731208464,13.278083561026996,80.15946666666666,100.17201111111112,8029.734985594074,0.4207698379629629,0.6052500833333333,r_hand,6.847403306591871,4.055555555555555,3.922222222222222,4.188888888888889,0.4419255945111393,23.588942459570873,43.44686540198735,54.29377295995182,5.041127978645937
ID011,ZEN,5,True,180.0,1620,8.994444444444444,M,21,184.5,84.8,25.0,16,1 Dan,Shotokan,Kumite,International,6,10,Left,Left,Left,0.4263397235694512,0.6381727306672066,0.819624977490108,0.8807588392704679,1.5227353631198204,0.6097603172914745,0.2522178199783709,0.4403565501065736,3.2132737082509166,0.4099566768645565,0.673717822180838,0.7977019219141877,0.506633890357655,0.4599149277509817,0.4063980707673442,0.1013769882934765,0.0922773653439622,4.065394276288433,-7.97562629087024,1.1464064971750023,10.898145141263804,1.36449228131573,-39.14935179815816,1.112981971437904,18.964633485223356,2.110522465327364,55.71655440705311,1.2473465034234223,30.275845759350428,2.5964571868618833,-2.227785679599206,2.970724419549526,-32.41608607525356,1.4513003915383995,6.403747477932888,1.8337694385835404,-15.30812260127597,3.677207099232554,-49.54383333872223,2.6775635292636366,-23.090987011339827,3.786962157258945,1.3233300347074126,2.317929336312315,19.04624011432657,1.044804627088162,20.660335201453645,2.168338747194678,3.254593137388831,1.6992300136170169,-0.8203064121216865,1.9601244553309556,-8.708681334950448,1.5450244077918829,-22.784379302913027,1.3101904271247982,-21.0143980241646,1.8125615893165303,34.72323791194522,1.8690638895154237,64.99658749915335,3.5851394239519365,53.26125845400386,1.4191291077340935,40.141368177804445,6.7054265442200816,-42.99722652164811,359.99998681194177,73.27151346389101,1.4793617505408037,-76.04299199871849,11.581138210873675,0.0034459055127174,0.0637747419140043,18.92110584354386,2.238205821781989,-98.49697251386225,18.066460016024298,-32.963909502120096,0.7121880911432754,-6.585069186622017,1.0301557267482613,0.6442299741481743,0.6448548892032662,2.323709056788049,0.9753414535003452,8.626684406457205,0.9989351402644732,1.3983188072655075,0.7775785283228775,-13.145430377520617,2.016186840113072,-19.1245162419391,2.487600818210961,-26.948772004816355,1.05331785706883,13.256682969341997,5.69294320602191,68.83198791697507,1.2433857037693483,9.801750026860727,6.005443451244378,-17.473203637136518,3.282153818057335,-11.670540004642753,1.017441753309436,-3.1287104892508624,0.9296504891132038,-13.888452843743144,6.168260914526142,-57.78676837207813,1.8318975887279192,-17.61959751204316,6.571126783776148,-18.693879539133924,3.6753172344685936,19.08055174483252,2.6399693993934896,21.102828354178673,3.196467004693403,-5.5705496989609955,3.105673091221429,1.1676522441855752,1.9985637128910865,-8.982674351819933,2.061491428952156,-76.9512393693386,5.41489851590805,67.98471960777495,2.6620981840906666,-46.43056975392396,8.26566809895575,24.45314575608936,1.6586413419497923,-28.692591819951183,1.582326671034714,-26.5692417210041,2.322682484966151,0.0015407735848194,0.0439274649747198,12.579478066804864,3.732822483821256,142.63002045498789,14.287773165444378,55.998195636094074,359.99999474720335,64.30693222486832,1.379293213947555,84.09309454074965,13.688940066387246,-1.018732306533339,1.0989244959262192,-11.14333793246982,1.403482196010362,5.547306116485599,0.6497058273960112,31.794490335142473,1.3939130228649823,11.351522735370466,1.4430749188421623,-9.428258597296596,1.4507832018869813,13.05054665923819,80.24362777777779,103.70546111111112,8321.70241992281,0.4254213194444444,0.5854135694444444,r_hand,6.376048418489344,4.322222222222222,4.188888888888889,4.455555555555556,0.44424118021144066,24.44665482751393,43.49248118036736,56.20892201144234,4.694111714539266
ID011,KOK,1,True,180.0,1620,8.994444444444444,M,21,184.5,84.8,25.0,16,1 Dan,Shotokan,Kumite,International,6,10,Left,Left,Left,0.5072335036992399,0.5137580195773089,0.812224434487864,0.3624381365631146,0.7469275045623669,0.5358745302906476,0.1030778902444844,0.1998482581334551,2.5421784168692967,0.4960466775399443,0.5335196220132983,0.8081147461987604,1.4682476836510028,0.5996264350811575,0.5766008144369006,0.406989493883146,0.1654481713119975,5.060284752926793,-14.318480286836706,2.6301133456379855,36.14473771421588,2.81540419015478,-42.054647333186,1.9865847715847949,15.02714363566087,2.084017790044287,54.91602781268059,0.9810360481514736,33.708121303310875,2.4648480495390146,26.187036654986432,5.922003714172732,-54.34332557272235,1.931257767885505,41.79254001238103,5.935625294834857,-13.734033308520091,3.019677935655606,-43.796594602325754,1.8078803822996503,-22.802328105429417,3.0812193859470796,-5.838370666947376,2.226154278659756,21.900702512253243,1.2204839689367226,6.979699628060562,2.485140227478838,3.3777908951701816,2.3402598192238337,-1.874751579918946,1.605402693232631,-9.949034728896606,2.278702882711828,-20.366949313044323,1.6640852883100905,-25.029470527034626,1.2300236549757386,32.427503095747284,3.1116062745153457,71.94029428945933,2.030230550414146,42.225491394252145,1.2303761757098286,60.63792053157653,5.991994079251221,13.999224517437597,359.9999251047215,71.50547131835013,1.0350624961231745,-73.34528510084759,11.892241881602445,0.0013842595159018,0.0345736745326363,16.316445904251054,3.1830830264807464,-112.71048285297265,12.158385871461917,-48.06037787376879,0.9979227392559764,-8.712969924789387,1.081372096770707,2.4197410327170052,0.6589384455888658,2.8158592543714422,1.125322859354779,5.049845809788918,1.047983935639648,0.780817405406457,0.877546990353405,-27.328248012041943,2.2173668382013254,26.237503414733222,2.2077198369910818,-39.80521720769006,1.423207868812817,6.333322231261926,4.565877880723963,62.2346601155532,3.0276794476191213,29.408657081173725,3.928830246375842,23.9163306860809,6.651487999351055,-54.48907733523231,2.7931925828711357,39.61018952206348,5.562176092234132,-14.551301955473807,2.9479152799165504,-47.499792144391726,2.387589527825746,-21.073603811687786,2.6541638839266355,-15.791578827561365,3.6280016060745712,25.25003348800941,2.558756443467601,8.552673516537887,2.8162988852607667,-4.48659382117782,3.6187692464346224,-4.3833202860745635,2.4473942315506543,-9.55377596515073,2.510113012134921,68.35445055313424,23.750670334006152,80.6726532942488,2.513261680092313,107.79637969552468,20.040605709941687,24.530190404304747,2.5364713994628545,-27.391289196175695,2.3106046704300702,-26.931309029369036,4.175793718089572,0.0086691130403614,0.126402388972043,13.615586816233757,5.974177610105947,136.34812991574088,18.025363604181663,-40.66564975533297,359.99999711722205,64.88308379920396,1.3794089759501702,70.42276613309437,18.008177493257833,-28.134185555777087,1.51129945207758,-7.055391312594813,1.1724561058288554,1.8481345255707835,1.1714928557180115,24.238583699005563,1.349352996676764,6.0329768612726955,1.6556508907999454,-1.752839302901555,1.0424920118415617,18.81947582876621,56.02541111111111,108.98758333333332,6106.074162256482,0.4464513564814814,0.5499924861111113,l_hand,5.960599517323172,3.4833333333333334,3.3777777777777778,3.688888888888889,0.4402300457928802,17.93780645634648,30.366076482987054,59.071860885275505,4.388254006793277
ID011,KOK,2,True,180.0,1620,8.994444444444444,M,21,184.5,84.8,25.0,16,1 Dan,Shotokan,Kumite,International,6,10,Left,Left,Left,0.4631000988657411,0.5166727945903304,0.8087364909270901,0.7397226302080284,1.3224874526851726,0.215349896852135,0.2414628033886441,0.4912534183813914,3.751338802520929,0.4553801374806742,0.5531015004042261,0.8043773821047683,1.111143111719748,0.7105061595253037,0.3969457471115989,0.3533710804306545,0.2008613379571642,4.319700713140222,-14.563966311229496,2.535180951669952,35.24610852104948,2.5948887882743037,-40.76386200546071,1.2527706202785822,18.058435427063504,3.305141475806007,55.06390547129886,2.3813353878928822,32.085031779647416,2.6436038428165105,24.4255903544844,4.651717154978492,-56.6350762602298,2.492599328953773,39.00592224540612,4.570050912139031,-8.084131718993238,4.9729494157866565,-42.30526771093339,2.502889725395306,-16.67586320830771,4.853100508133096,-7.578477622796445,2.9034764378490054,21.81572925226649,1.7352339412866584,8.944290668569916,2.5346010050106056,3.9324445159160697,3.443700813151551,-7.232275057914311,2.617574809311402,-9.562304166475798,2.973471259648969,-19.378904968359763,1.898717635364907,-29.269807100133004,2.3158695297730816,28.515948817714364,3.8181161409703464,70.1600193180836,2.1931994678693627,39.87109527300051,2.0019400374022425,58.257841326480026,6.649721880054713,-14.999120725646922,359.9998386559655,68.80851884305397,1.637729137279834,-73.5105127378906,17.923656216619804,0.0016627171325094,0.0563373554796462,18.413067711818247,2.139527471093946,-116.94508864404408,18.715517776397945,-46.80279362977468,1.3143922896539664,-7.545259604025442,1.261246734149399,1.741881494689738,0.58141263424258,1.830686172945259,1.9635195957821856,6.075445328728212,0.8591467747538006,0.7997070030427842,1.174010230762918,-25.49684001720609,2.046722402139366,20.133996837083966,2.9723829410673908,-38.43893072584924,2.1570445837520253,7.718615704352104,4.629790811377739,63.551064061461226,2.504568244027105,26.214020310255737,3.880363442190219,17.580269456228024,4.848472823879284,-53.12465072205621,2.367960229927064,33.56403919685503,4.18130430967685,-9.21723244054014,3.6811156334048327,-47.16172629752823,3.3241658889012484,-16.210440780917175,3.0466085721700544,-17.70888895224516,3.086278056946501,25.98328264583949,1.941898581826152,10.59812883880392,2.9021091924956295,-1.6491020529103178,2.758974993608291,-7.6251930205681,1.8281871027499124,-7.76469559983988,2.8967879512982044,62.07111747038949,29.639364141667237,83.41677513256987,2.4624618279491557,91.69118932744188,33.821652781764044,24.5788667572072,1.744224504634932,-26.848980001897985,2.948525896686533,-26.947605666035447,2.598446513575631,0.0032116736809753,0.0728045733556679,12.3728197255733,4.351946352702388,144.62940317871693,16.96136258394776,9.99981527218995,359.99999588870793,67.43731457422427,1.7147833526591685,77.03773573339042,20.80444853750079,-23.543230590302603,1.8572164358700112,-7.031982045671206,1.8340322952096104,1.3749819015841285,0.8599842787505608,24.37351792274608,1.9924538428870484,7.098231527767057,1.56242579638994,-0.4297337956328741,1.8147885344711256,17.246581206016973,58.86720833333332,110.46146111111112,6502.557844032175,0.4042851481481481,0.5613672222222222,r_hand,6.2228333208367195,4.105555555555555,3.9722222222222223,4.272222222222222,0.4383395614780976,19.102556074153906,31.90634598012646,59.870710629328514,4.581313200862693
ID011,KOK,3,True,180.0,1620,8.994444444444444,M,21,184.5,84.8,25.0,16,1 Dan,Shotokan,Kumite,International,6,10,Left,Left,Left,0.4452772877298852,0.5290769908125985,0.807936538172588,0.5566250495928404,0.4279077021593802,0.5461404747377885,0.1660277702118163,0.1270266809501925,2.61154500103068,0.4273178494982928,0.5675933956481264,0.8083640089116166,2.021982426030411,2.1863310123681035,0.3425600666837058,0.7820498885908362,0.612537943937508,5.248300482446237,-18.03012199765319,1.790261000457097,35.76009653811351,2.2464873613957295,-39.98174148833969,1.503680543353255,13.17146309578792,1.5598061506586056,54.613341737475864,1.6530153860637,33.54471718953634,1.62410358057501,26.64758474831293,5.888631033147018,-56.639764965646854,4.587270015230217,38.613323226500086,5.252582682381089,-8.391681219002567,2.583861801952194,-42.4181711728905,1.6979822374114306,-15.826039895189698,1.7789710480103782,-10.60812448218184,4.9163058908004444,21.41033804089396,1.460387279686337,9.597932594966798,2.140674179777001,4.151871302839207,2.4740381756751386,-7.175885987894366,1.484641497515991,-9.892523830765116,1.9786476335070144,-17.416004960144555,1.0853208437014883,-14.652838383348184,1.5712963623346674,31.2093606281458,1.612467538739665,71.32060965646187,3.1795926345230328,46.817618024453864,1.480133758772638,57.86148348822192,9.925913433151194,-21.99896394108698,359.9999236908514,71.66181694967986,1.0786717071480325,-80.63375256758916,18.96763259122183,0.0017894324107495,0.0342702688899061,17.619939993694338,3.3564348307601506,-115.4241998106764,14.654075696023384,-45.21488632092141,0.7679628275711394,-6.291910791097794,0.8798769085491225,1.397057025625734,0.7160410532910784,4.145023074889319,1.021388482166305,3.674996752520821,1.2754096845797769,0.7427479151580246,0.6042847435906459,-25.950974550887945,5.5064791843181915,22.257079355622785,7.979941664304729,-38.594654961260595,1.7018602774612717,7.326875308258174,9.292006463623542,62.02491490294377,2.108596269516653,27.286599065674988,4.067003315354839,18.067534838865363,12.664495060339606,-53.97757097531836,3.439848389534916,30.42730575910356,11.757044665307353,-10.10339039164781,3.2057534635246867,-47.69906008805416,4.960379224142713,-16.742166699189042,4.535616160284059,-20.988892543046425,7.8487863956193,22.866949210250116,3.3392538909085374,12.75939134290607,3.0820054165923114,-4.38392987151801,4.452579328336399,-6.463074413270404,5.579826343731433,-9.26823958678451,2.3957705606801323,79.97355715536003,49.70450206332194,82.58118519289823,8.153333672589952,123.39494857185446,51.101929512781226,27.92530934682165,4.152131963833654,-26.8189523856992,4.58034117166919,-29.908481003564965,6.973521758713606,0.0032864424088545,0.0524216142299056,12.415529910522586,6.712159822045326,136.91009706985704,14.236128409374745,7.332998873689517,359.9999925518422,64.40168736507219,2.1157402207243123,77.88671488328532,32.408675525709384,-25.959501709711308,5.163082594597224,-5.783276480560936,1.7891299613557117,1.234534005539658,1.4037754775585745,25.11683816995144,4.11588752426357,4.809902770604126,1.4978096623071893,-0.9784506170320144,2.3645009838904314,18.179923383882866,58.381708333333336,112.06748333333331,6542.691125617361,0.3887656481481481,0.5698514490740741,l_hand,6.011874274245882,4.955555555555556,4.855555555555555,5.133333333333334,0.4379059827493702,19.220455565447846,31.643202348690153,60.74118337850044,4.426003004500554
ID011,KOK,4,True,180.0,1620,8.994444444444444,M,21,184.5,84.8,25.0,16,1 Dan,Shotokan,Kumite,International,6,10,Left,Left,Left,0.4323286926817137,0.5177264137164482,0.8067711820219823,0.4112241597118649,0.5871263199346055,0.3635645818729882,0.1233284805757469,0.132652703330619,2.482684910294676,0.4200661741102175,0.5498363351336085,0.8007513747826746,1.449989712698796,1.5071605670809118,0.6654144027054221,0.386730696703343,0.4441830208744629,4.995967523524941,-11.70784652686716,2.001274965652648,34.166985185557515,2.202745576650422,-41.61962602071408,1.5344348213581895,16.886390108787303,3.697029452031469,54.48230776189879,2.385572880775456,33.84756442686113,2.4002398055955183,16.26230708102109,6.1401524996383365,-58.535200947798074,1.8051062963183,31.647455151299432,4.4468089929187045,-8.62807864367558,3.308826740430356,-39.99125881695026,2.0142004847499493,-16.901333557854926,2.2587226085136223,-7.192195395511082,2.888017638711088,22.0536928586966,1.4346980948628565,11.58408806587397,2.363394117431758,5.444234115496907,2.9005199839101854,-8.188818983392993,1.529762783758029,-10.15496046148513,2.3235287136344507,-21.5197089475333,1.7697465356857798,-29.934126566554532,1.8706317563701769,30.72033564482736,3.6863152542498128,72.72532816182527,2.118129604527624,37.672786280099416,2.4268179469797815,62.43453926059086,6.4420050632700665,-1.999086397672471,359.9999772451073,68.7130788095988,2.05347500789739,-73.66652161917025,15.803042319760834,0.0009868237495898,0.0195373306785553,19.492500845612273,3.1215921816557604,-111.5082803133073,13.94646707022659,-49.40748761768361,1.7626716666990063,-8.020191977090544,1.115669443362675,1.6007865693914984,0.74236958383246,1.3199639926496187,1.2144055044349222,5.848900651151298,1.26798851764495,-0.204142369738058,0.7604789792782216,-20.75933392892408,2.739712594158714,18.065217274633937,3.9605458756393617,-41.60264869495571,3.444287407457317,6.894259662393456,4.748167447298431,62.68796817503976,2.194035925306246,28.56170060323692,3.218448804654699,9.939505514455062,11.545769672767324,-54.22788855217498,4.683448392812558,28.57129954392638,11.323463480991492,-9.773540987199464,3.399941575560284,-46.28106206103176,1.8445975215958583,-16.83028591008248,3.2913460636242373,-15.363698044893257,5.148697694309492,24.93392265033782,2.8540198705792292,12.846497507419864,3.462934303719816,-0.9012678327993116,3.216957606538001,-8.592885016190845,2.5592221893495104,-8.79469752148259,2.261043841439468,73.3704279532793,18.952380577579248,81.09900385539375,3.960052027431317,117.7731459846546,18.553610050865657,24.382140753840343,2.4771839118690373,-25.45442414959392,4.5735779044824305,-26.80453199540152,3.2936684132056797,0.0071159425053569,0.1039805378511913,14.463631311314222,5.154194139443968,138.33948254505154,14.601415301403108,11.999589905463896,359.99995941368104,66.67860692441312,1.423655861177778,79.95558370347366,30.95570245476621,-27.779291535273284,2.0447426076430446,-6.473286616520699,1.4972432363322703,1.8966262139200585,1.04816514077057,25.07573821771694,2.2042772731405975,6.511075964882171,1.8128341630305889,-1.5041663230717457,1.8986781397935215,17.331134866155317,56.81913055555556,115.15153611111111,6542.8101639699935,0.3720306805555555,0.560394537037037,r_hand,6.3022882691551745,3.911111111111111,3.772222222222222,4.083333333333333,0.4372743533994484,19.22080526426802,30.796276723878353,62.41275669978922,4.6398087421760605
ID011,KOK,5,True,180.0,1620,8.994444444444444,M,21,184.5,84.8,25.0,16,1 Dan,Shotokan,Kumite,International,6,10,Left,Left,Left,0.469440354489763,0.4999052788967344,0.8061662159106373,0.7903242979074521,0.5609459548946039,0.2957251374173797,0.2676111765205398,0.1673734736236258,2.8608917793636692,0.4539765871443904,0.5373613686328752,0.8017118200377278,1.061805630155388,0.9036761735377596,0.4691104582976058,0.2937928935715998,0.2672855764234639,5.41607706347948,-17.868887320687143,1.843177984411593,37.61015615806916,2.343943581867393,-38.99496147975759,1.5827504019841854,15.22597910441516,3.3755297574148937,55.69347312628878,1.5074198155715737,32.19773671953796,2.541090651970862,26.644730348014335,5.259697906080682,-57.885061572193194,2.5933826971081473,41.35798332902044,4.04377603929548,0.1281239805294708,2.684649438300412,-39.983812092826376,2.0193554676610432,-9.290574684035,1.8684323840514576,-7.578303778789001,3.476600898450057,22.591627054836596,1.777030078198532,8.872945082514285,2.6084201364633746,7.8522537246577,2.835238767619793,-12.861538254459676,1.667759454493062,-9.012411983671235,1.8135745639819216,-19.92646900336886,2.3838361408691036,-21.11293623875697,1.3998427506907092,32.29209104781929,2.7804370107857466,70.65872749021239,2.574104237411646,44.10759744378501,2.271440452629321,60.63904368111702,5.875729870897196,3.000049317278107,359.9999703848732,68.85745255518363,1.1372670323352168,-85.23429760821487,14.748708783719408,0.0007976319364176,0.0388491265297687,20.360966491029487,2.423582216515072,-111.04397524871528,12.486810317305611,-46.46619410106689,1.2401267598610417,-8.282256495065461,0.8905666832440788,1.4668278196382147,0.6817354930236479,4.613899720581675,1.6789032387074183,6.949721078108108,1.2420829277415546,1.056541044997973,0.7910173406507869,-26.50491489146956,2.2025433247857897,24.10679576559546,4.086106150547163,-38.57759831751435,2.888304304159689,14.346998661298292,4.549910794543859,63.84867936048031,1.5551600486886483,22.056839386317993,3.748495253277877,20.868488377235455,6.198780967654635,-55.665742063800344,4.220992277287671,36.3727225005084,5.839804555188557,-2.7322098754964683,3.147753075345831,-43.565927838320285,1.7835362994656876,-11.992637555143864,2.2414929563332873,-15.600442586473932,4.419430556962464,25.417572696628252,2.5078059118237377,8.716281182174296,2.399742115975167,-0.5162340537777536,2.974716107834745,-13.47741307795388,2.0795403552850154,-6.82047946092123,2.4317866154184262,67.5380851446537,23.16442298016333,82.08046225451875,3.308866439756926,108.01475524774084,26.170073985352772,23.556791559708053,2.273121637484948,-25.49222857746841,4.0450722025956445,-29.346924984870732,3.902761577750407,0.008270744857329,0.1714538298084689,12.946265850963432,5.868871509899687,133.88116566114175,20.844400963281757,23.33313292867615,359.99999753172233,66.8750444016301,1.1750176826625136,88.26877130356452,25.575896271805107,-25.620987323553496,2.599649174155807,-7.387857146785766,1.417832420025135,1.7224618387428166,1.1508221665445086,23.424142128966775,2.4212121734635943,7.323299756497592,1.853394383025776,-1.4793791738881643,1.8508017036734956,18.14184854465531,57.77398611111112,112.00218333333332,6470.812584314121,0.4002716064814815,0.5630402731481482,r_hand,5.953233968802778,3.5277777777777777,3.4,3.705555555555556,0.43694645848815034,19.009298064244888,31.31381361035833,60.70579042457091,4.382831415036708
ID011,KIB,1,True,180.0,1620,8.994444444444444,M,21,184.5,84.8,25.0,16,1 Dan,Shotokan,Kumite,International,6,10,Left,Left,Left,0.5119537759309646,0.5482749047431251,0.7925920345486864,0.3571634001719115,0.2934806020096436,0.2950523511176084,0.1029225416596641,0.0956053653423377,2.0853819894924586,0.5117841156802871,0.5586311022655079,0.7958471005682553,0.6481259574646958,0.5284284258951,0.2698818878629105,0.2010499707040162,0.1309646186694286,3.523166435850489,0.4010621136374427,2.033959933484501,47.583449077422735,1.0398474544753498,-45.23103823976451,1.507971762363141,6.610820894857495,3.463089663068337,41.28047204586982,2.059038151088039,45.603233884646734,1.105206819758024,36.73781628798396,3.733186445329892,-59.638346963156934,1.484937561143454,40.415870271923765,2.402533106038348,-29.585660521636232,2.803789211425027,-54.60246726591097,2.7424594273323777,-40.205282150511366,2.3160522907143033,-5.950458483184275,2.0285120523681917,19.472637915202917,1.7041689487320717,12.169432929269762,1.8115534885810405,7.004191860542102,2.3427612292252267,18.274460775856124,1.8979639324331712,-12.7718990866806,1.4547520638503908,-23.25775879427271,6.498607238043153,-28.12271705964489,3.7784661186721777,28.0485338289591,5.0178925659856155,40.054886548730465,10.493459726275034,73.68545811185476,4.846644179497389,16.341383932368714,13.168969775184724,-5.999167637688821,359.9999460950837,72.81596033717123,3.4320646099992302,-80.46733997018352,19.14507262219078,-3.9315182195813435e-05,0.0061108107995302,15.915674132283424,1.1894119521310422,-133.56368979391533,4.616982714375496,-96.90427803844244,1.9481481474143152,-5.424533656105906,0.9891352321014022,1.7231168492110442,0.6682230875593786,-6.3537849762274785,3.728220917893751,4.931217792848148,1.09619699066078,-0.2522365331500567,0.721245480036347,-15.425183146477073,2.398246434436901,42.033321652689445,1.4769979422294952,-46.0123749562584,2.0348254716747505,-8.288133856554108,1.531533034614382,47.16583828732987,1.5395307438512449,46.98285470875537,1.5522086166924325,37.77961704115091,4.705100411524683,-55.1633120972248,2.466242418224489,46.58460182991434,3.4727930505486597,-27.790708772798133,5.771580295931518,-58.41732417024773,1.3262385023410488,-35.256748986038744,4.8403658818197,-8.144909735562875,3.580479751900985,21.79973354616219,1.9705939506108088,10.449038913202724,2.1780127967645235,1.5138047286313183,3.122639529127898,15.76819033113546,2.442754291124505,-13.105062507198008,2.540169749416556,-76.50139942069484,3.4058192645217247,71.99511064725608,1.7872291079543317,-53.66022506773509,6.419927392968688,25.577598050658093,1.7782461464089216,-28.189970356399648,1.1541527012553343,-27.294406788924803,1.6828386260089945,0.0001264968682175,0.0187284939239411,12.532105155283816,1.0505455562989905,151.05151164777882,7.792403887433551,6.666625901078411,359.99999917430694,67.77320964038408,1.055295216102195,81.10234526870155,16.288474834832755,-80.83173862754154,1.018067064389072,-5.047042687026543,0.7587742124798851,0.770207890014857,0.6428012347499145,16.99762725542977,1.0320820617675324,4.279918329907479,1.05907340732039,0.1611458431945145,1.1360134738365053,19.67136597367421,115.90861944444444,17.64654166666667,2045.3862825522,0.4683759259259259,0.5692658472222223,l_hand,5.690892010531844,4.188888888888889,4.094444444444444,4.372222222222222,0.4295891786171742,6.008728733050433,62.82309996988859,9.56452122854562,4.189692596334554
ID011,KIB,2,True,180.0,1620,8.994444444444444,M,21,184.5,84.8,25.0,16,1 Dan,Shotokan,Kumite,International,6,10,Left,Left,Left,0.4916041867978718,0.570046493051889,0.7996486297482152,0.2114756736306899,0.5873534788183143,0.9773006906829252,0.0565024491096571,0.1502726259462409,2.302057189069556,0.5009975899743306,0.579600925182769,0.7960839568702185,0.8941204664759561,0.7282320610809412,0.4833049914351295,0.2934367153563949,0.1694892534661856,3.588889514981218,-1.707039341440328,2.9152191164315933,48.18959339046708,2.7978851849814816,-45.30014624390763,2.492853736034754,11.281503453005415,2.047858796808356,41.890570250571585,3.505099643838605,42.68535567341668,3.0798647800032413,35.453049786272565,4.956816796668022,-59.85884368849629,2.2468435795307187,40.19024385692757,5.568060635071156,-29.72666267033007,6.036317237425372,-52.121856695955394,2.211959799876169,-38.40638767383924,6.496582005526179,-5.964630973619398,3.942169538167813,17.624367912347402,1.5595876857869122,12.109621912266922,2.1763212010747797,5.118222736248141,3.280700915350475,16.345697696511348,1.5861815007275393,-11.462399002962638,1.7410292489408938,-22.554985659413813,2.0820657347964655,-25.964885032383627,1.3783829890404142,27.465703655515465,2.726367474908727,42.95396615367204,5.538795428629648,74.64679126948272,1.3874242842553173,16.286427748336237,5.379399118103729,-9.998229970222104,359.9998812655436,73.55104475112998,1.5522903472328125,-86.86851223299404,15.483098386874316,1.013747368067147e-05,0.0077228188942327,16.449371587015936,1.035477948745875,-125.69796062616192,7.81331917719821,-96.58069458858236,1.1071049836404685,-4.653414290066124,0.952075374816986,2.4190718965515328,0.6325660297714983,-3.982814623078015,0.8399936003314945,4.345011980134723,0.9724326218926372,-1.150068392871077,0.967186350419722,-16.418178212859026,1.6799494811351536,41.93295738147599,1.6711316310026234,-45.49655935639245,1.6247769491862485,-5.487858454487901,2.0906415842696155,48.22206441707168,1.9178985979759204,45.68776669793851,2.121017954232684,36.69608020780185,5.839137523288443,-57.00909108422406,3.0214115460837263,45.761715457645494,5.624488531670082,-31.362560060332793,3.20802162230547,-57.459576623361706,1.5219030657305552,-36.473496935704645,3.0624562330534033,-8.531455853150984,3.716601126787235,21.389188590161353,2.3669483428168867,11.27496849314347,2.291791601100307,1.7604175382632044,2.0979370581265173,15.135450624137034,1.2044887729138694,-12.849100758162464,2.4455453894696184,-78.5697638261482,6.5355156173493185,70.25549052750611,1.8507098185023525,-51.9560183887656,8.670088274827279,26.118396503969997,1.6566014949365595,-27.404160646135853,1.619799639484711,-26.99937953861288,2.2081245597649968,0.0005383815257592,0.0132292009408993,14.291552084633134,1.7980323388643296,149.58210183396534,11.844993731216562,-23.332630330818414,359.99997785495646,67.2598147997239,1.236292619694197,86.94896566668851,12.494452644741829,-80.62723789099982,1.4136894595423115,-4.558500192513673,0.7844103647893528,0.5998685502335289,0.6102560294243684,17.912990528880727,0.9641446940919352,4.34168344003124,1.2738797415812,-0.023012333304657,0.9415066009842984,19.352661350372976,115.23568611111112,17.21493055555557,1983.7743339245771,0.4547093842592593,0.5939326666666667,l_hand,6.11904495135473,4.388888888888889,4.233333333333333,4.477777777777778,0.43341389146244724,5.827731388355189,62.45836645588678,9.330585666967787,4.504903147324586
ID011,KIB,3,True,180.0,1620,8.994444444444444,M,21,184.5,84.8,25.0,16,1 Dan,Shotokan,Kumite,International,6,10,Left,Left,Left,0.4885048999585812,0.5625442324446417,0.7793728247888191,0.3230566905129461,0.4323973100493816,0.5511986148493464,0.1060030235851499,0.1211368111313809,2.293757587011279,0.4900822436572092,0.5812220451658903,0.7789370606595785,0.4707923864264218,1.0042186556920352,0.3250815506900206,0.1042144662824806,0.3040673782886123,4.014545637873759,2.6679865597661596,2.1103612741287403,49.17739511066462,1.5536218077178106,-48.29154895704692,3.572133141242986,9.579998413035444,3.195255155587562,41.69893159378332,2.306014549229225,48.8701882860292,1.5726640047415827,41.50493455646803,3.5349327216909856,-62.87603122175831,1.6041040922084235,46.218688043183526,3.901999087838498,-34.76043445808877,5.045714041591211,-52.202772009610946,1.9263584083237009,-45.3057379859901,4.200748751041708,-5.752966577161318,2.484756895723784,19.507567250781797,1.5735470262827391,13.274363582897909,1.900533205544688,5.404703887328343,2.610333941344858,17.72532633657139,1.5477601100227183,-13.051265251431238,2.028372250906413,-23.38247845247349,13.091620391801506,-31.302132078367325,7.968007945231214,25.00696286002876,10.741711941829006,50.93645408770252,14.550113375272195,73.75380307249904,4.518852095099433,23.85710669167124,15.040010534095115,49.99690101383785,359.99991494745166,67.7655729076359,8.620326944832968,-80.80525428954303,24.78443522959313,-8.05387418822801e-05,0.0049538444705412,17.339020101195505,0.9649263470209846,-121.3559244974494,10.497398582276816,-98.02433958618856,1.733529619746221,-4.332749938896929,0.9615219830145576,1.919134670849852,0.7635110423708595,-7.580271836288666,3.9917690440924183,4.260894193201425,0.8105401288507315,-1.0295812139495657,1.0153286957266177,-12.063605025522634,1.9063023656901168,43.48850225896329,1.928364405208491,-50.05387390580066,1.5110657397656269,-7.530096556367449,1.9027355465614892,49.67121777569097,1.5146047479939426,48.93277275955698,1.4768947786409612,41.09199602130194,5.80125296759288,-58.048690438599856,2.3601374145041376,50.58966544782993,3.838525075983476,-37.22631702016304,3.568150353642743,-58.00853513842379,1.780811998438594,-43.17926279853432,2.730054138906759,-8.681669004401266,3.0871234901867055,20.861175591167058,2.3853235816130827,12.754045575028517,3.3247933449539104,1.8151154899544717,2.125268873761103,16.415775856583355,1.811605684276099,-12.656657045577656,2.5723439513011837,-83.25821397046303,4.540976450542928,71.23659379617875,1.6957346013530668,-59.90034414479991,8.963287075868507,25.085607094116725,1.4208729406575422,-25.801061593911843,1.345879492961746,-26.46848152756011,1.6882307224582576,0.0002802353737646,0.0159183086013105,13.217980117900328,2.179453157729371,151.81858663455662,11.331092864517188,7.332990101468899,359.9999782895768,65.09323700988443,1.2823640367337248,78.0719126826695,13.466979682162671,-80.99266518123207,0.8158641813965772,-4.431354894850654,1.7079217022044977,1.0904806202655848,0.5628034608642617,17.1840992798555,0.928183833285228,3.1427018740668697,1.9608392142059965,0.0982712767829345,0.7620174965232379,20.33544780234329,117.72098888888888,17.005547222222212,2001.9098355966964,0.4463835324074073,0.5923981111111112,l_hand,5.768035480699141,3.7777777777777777,3.688888888888889,3.938888888888889,0.42242429527849273,5.881008029014759,63.8054140319181,9.217098765432093,4.246486403916448
ID011,KIB,4,True,180.0,1620,8.994444444444444,M,21,184.5,84.8,25.0,16,1 Dan,Shotokan,Kumite,International,6,10,Left,Left,Left,0.4981861340829536,0.5617618707220713,0.7901794563055787,0.1564862933067234,0.5246662215370623,0.4299280399236882,0.0406226075474987,0.135526769467276,2.249689841111617,0.5250162124949485,0.5770016739882331,0.7862834124271766,1.0123429284182084,0.8750869780885684,0.7291286323600987,0.2709892042875836,0.2700260861659458,4.555965824645626,-3.370119449337696,4.729963632940392,51.970657959509786,1.927368878670599,-46.127373707436355,2.3171153403523803,11.986022856245595,4.312393503596647,45.31111997380177,3.4890469267864432,45.72159809368775,1.8419112692869104,37.3658192509198,4.909697809995819,-60.7515590499124,2.601517340801763,43.95896744028053,3.4185812107214844,-32.744067551025054,4.085130446305456,-52.80483682534771,1.8437550205575943,-42.421924788999625,2.962734899969796,-3.2470806260192235,2.569812776761359,17.42912979810022,1.6170028248099657,10.732112311559302,2.55535809831105,5.461791050460169,2.4013705544392625,15.819036155534468,1.7620451964517567,-12.495033221973353,1.9646388463972464,-25.255490862374508,2.9375974075779077,-27.298469025834123,4.853590286906503,29.50522526844908,5.7581177269014,38.328954403718825,11.489754732600844,74.5726972646138,5.278861139754085,12.513593019785574,15.38093559343741,12.998816824762756,359.9998600319826,71.00527009917663,2.9589495811763555,-79.55118587421651,12.573239252013297,-0.0002428442590968,0.006122882601541,17.72948509238079,1.9190520537326847,-121.23548627288508,8.445920348254134,-97.13217854973382,3.03517076572993,-4.99325390865092,1.9645871447011425,1.7308408846472367,0.7917355511047268,-3.810252371073339,3.6204247920476504,4.410421997572469,0.8780422285348402,-1.533245170666919,1.368301462158287,-16.560008066527867,2.1642961681174793,44.92163445685157,3.0045426893790363,-47.55617762977303,2.156192558839159,-4.590327035977259,2.553480880632958,50.44391348855118,1.4965055024723029,47.563510623160184,2.8910180380975916,41.41258053284949,6.408528814884235,-58.23297243244899,2.138868861107845,50.93028280061197,4.8083191332639,-35.125649425759484,4.906266620844498,-57.63823935217776,1.941399611537577,-41.7640017283485,4.86359829149842,-9.63571963822618,2.730615062140865,21.01997996529668,1.9713347844824265,10.44443673174968,1.902104502980862,2.3109624686023564,2.908391008843714,14.705121015699303,2.01503919412292,-12.82807056533245,2.376951145659264,-80.99186208611869,6.785735563333887,71.10136181611331,2.17725951972416,-59.728799276284725,10.536549066359598,24.2644877768727,1.8852436528537169,-24.320713894524783,1.9834225953564513,-26.457215193918717,2.157329109669434,-0.0001983002613638,0.0129597667542883,14.22674959643393,1.974938439882596,153.38535318947018,9.701082421783951,14.666237596971614,359.99997158077446,68.5325020239555,1.1306020208329812,91.2870221990212,22.442895633657145,-80.45960535017491,1.1286584790086351,-5.0940542513035805,1.1498081795968984,1.003901276860508,0.7562320250545677,17.73032389017934,0.8942211278119281,4.296938495653533,1.2983653915200797,-0.6682468650781024,0.876402129360949,20.23557036442843,116.34261388888888,16.757705555555546,1949.6352671136872,0.4681838287037037,0.5906348796296296,l_hand,5.531488020299404,3.905555555555555,3.7222222222222223,4.022222222222222,0.428281548133105,5.7274410943329945,63.058327311050874,9.082767238783495,4.0723377569759664
ID011,KIB,5,True,180.0,1620,8.994444444444444,M,21,184.5,84.8,25.0,16,1 Dan,Shotokan,Kumite,International,6,10,Left,Left,Left,0.4623577479762442,0.5578036162794497,0.793444258580688,0.3566514336544979,0.3971802962654591,1.162905958287208,0.1030181795184873,0.09421849797902,2.2926692100647754,0.480361851696098,0.5716884399590819,0.798087957632371,0.7448193057279617,1.508728377985863,0.4617222499670448,0.1930662366052009,0.3527952856802457,4.3047645788412705,0.3993023054964442,2.6668617515458015,46.447699017899495,3.3333844836241937,-48.04573090810517,3.18101767800119,8.235863920025576,1.6186182598361114,37.85595585080541,4.182136540361448,46.58244351682812,2.5099655675407675,35.90046394873856,7.509934482038442,-60.35849630200904,2.8966292876861175,40.599832761038854,8.499665204174441,-27.52089761454493,6.077472226950999,-50.39824699747188,2.284737792995223,-39.28921212261034,6.1272051799487315,-6.451328919334721,2.5208054171794503,16.33797936941463,1.6842246011395725,11.960347439280875,1.8533117212497656,5.435701210671345,3.006136861386314,14.242438409748946,1.8463357087460253,-13.459353118691476,1.5101893627431853,-26.431901283085597,1.5943125345580604,-28.816148480640877,1.661068319094273,34.7095209035997,2.1830966717871902,46.64056386618332,5.317616261877625,74.77628825579357,1.7606568368748157,22.001160718180166,5.158158035303021,13.995781210566998,359.9998663367634,79.55374504341064,1.6788763413849068,-75.28249976484003,12.822415317030549,-8.65243503407827e-05,0.0060825359676386,17.94797833410474,1.0639875405567416,-121.8390337646228,13.294168123535982,-96.2098672891235,1.2237407491967076,-1.687273536258523,1.0697289742668512,3.1401046639769414,0.5197139286730148,-7.009807686068468,1.2223637713264672,1.263464715217174,1.3937862513659145,-2.226141691502174,1.0397563550280222,-17.479430525305027,2.7712991828131095,40.35152043319594,2.2927319958118417,-45.71208327970434,2.2709779434273116,-4.83135229760101,1.7663645491802198,46.12654060365061,1.5224847230443077,48.33426690880771,2.4059247023106636,34.980725314974094,5.685472389611352,-55.95372950478696,2.8466747409967823,43.61795568237573,4.355202677435948,-29.482828355255045,3.3659977746128575,-53.46587858378572,2.5844524003520704,-36.74064211396706,4.3535092009494605,-9.3696173998448,3.3651185060661035,19.354851934948172,1.7745646388636906,11.265576976355868,2.7890943414643328,0.1115794074709868,2.466994542244896,12.874466212164988,2.226750479174658,-13.393704307717224,2.401341842698237,-80.8864870477625,8.577256413956974,69.09126048922774,3.627977681596775,-52.88499783657128,9.067411647842754,26.639378459156426,2.567433748504687,-25.61397289176796,2.464348075082313,-28.547118005086663,2.628059745569427,-0.0001581125863683,0.0106707387535957,13.04497560744004,2.2704476388292782,149.22808404136072,8.69340002240807,27.33277476374233,359.99999201184085,64.14830168419435,1.4699021663661611,97.64320595021528,17.0406960198073,-79.78630551072588,1.2754874410909025,-3.2983636175959425,1.7165544798437402,0.4646648473255761,0.7305569642306875,18.56603620158847,1.5002012369851876,3.925613884002897,1.2421329665406904,-0.2653921088226673,0.7919273326599634,18.691294085954485,118.5773611111111,16.5296111111111,1960.037665748456,0.4407240231481481,0.5897617407407407,r_hand,5.713936223533156,4.25,4.105555555555555,4.4,0.4300510886616195,5.758000207837651,64.26957241794639,8.959138813610354,4.206657980394079
ID012,ZEN,1,True,180.0,1620,8.994444444444444,F,32,161.0,90.6,35.0,25,3 Dan,Shotokan,Kata,National,4,5,Right,Right,Left,0.409947079571006,0.5417437761288458,0.7057198480697034,0.5257266097152824,0.2010937545647295,0.1116779431464043,0.1782867462669278,0.0495476089389094,2.3605771261684527,0.3803107391819402,0.5457811585140492,0.6960148613094991,0.8943259582702034,0.4347384319558722,0.1873294165842587,0.2083058427169127,0.1154310861542561,4.468326222999372,5.763751762844568,0.9700207307369544,25.21331758190656,0.9445697050639552,-36.588682944992414,0.9030284471676496,11.76972979060159,2.0185392455001168,52.816917089022425,1.1789323866801311,23.58772007492762,1.743637323651221,-1.557361972292307,2.818445706457871,-49.763612944965814,0.9383474056614034,1.2352564988617671,2.7323659139641094,-22.61027031053858,3.4466023627948914,-62.26217280521443,1.1809583335845488,-29.445258580854848,3.2889196606652895,8.983509368087208,2.1895603546508644,31.718624906753448,1.5139484638635388,16.378556759703827,1.276111189498069,4.437312442505639,2.0726096391365805,17.760001600398837,0.6760679475421938,-9.372294445976976,1.3950535866308442,-25.207723893104387,1.3667394182184935,-41.841803349231746,1.121389215171206,22.396947616163907,2.4212775455651503,75.13625093358026,1.5466482149522989,24.212953750813668,1.6595264818759112,56.92127595451357,3.9916378498169607,18.998762717546143,359.9999414041395,60.39285410210811,1.5728121464263296,-83.15347472652101,10.776636452333063,0.0005977461970386,0.0165515945321806,24.656551746335932,1.0210737103536118,-101.2947963135455,9.623766830904389,-50.679938793432946,0.752803817702727,-11.691523926509053,0.6304917386687929,5.234112405353224,0.6823897388783404,-11.08408926106904,0.977169479095206,13.073510935965498,1.0815826220953575,-4.214990645923259,0.7204842712176349,-5.757607794612385,2.02622532005649,-8.087032013442444,1.511052811084962,-11.932944193392856,0.8252916399710397,-19.830192511357428,3.1886384230685394,67.2808568344785,1.520421992096061,23.58829969257441,3.0235184187366855,-17.519320397430945,3.2694034660214477,-22.084808560356777,1.3568962669335036,-11.129410643023366,2.309207010821977,-8.574295058679688,6.242996253808136,-63.834360010641575,0.9900328034147136,-7.098487414788564,6.101988508431595,-14.92794919035856,3.3816975456553404,29.134013107318783,1.3857328091502945,19.62191563520748,2.597125634684996,-6.500485582066694,2.368371281630041,8.960557400526925,1.4307488354401343,-9.605753019290791,1.3321422511880971,-39.273361051786615,3.614101138024992,69.56414432892531,2.056768864908861,-9.1324475930645,6.39985447037248,19.961188951570005,1.818849309587474,-38.968589905486816,2.360327678339324,-26.761388767805567,2.601832536758955,-0.0012256977157508,0.0216970788761063,11.380527508889797,2.8996879649413287,136.76950893499446,9.039486975510442,-4.6652479324937515,359.99996328136865,68.3290101501953,1.4098675217046264,79.09421921369584,33.05013845477221,-7.671672282494858,0.967671558551034,-12.845106131955667,1.1788186569458592,2.275957988853795,1.104698387141667,27.700174577461915,1.8634400354802985,11.699937721539737,1.078407016624741,-5.5195899494668454,1.04056572590303,10.347562689400752,44.18992777777777,80.91944444444445,3575.824405817901,0.3979717592592592,0.4955284305555555,r_hand,6.142412617992453,4.061111111111111,3.838888888888889,4.105555555555555,0.4383353093600642,13.795086631757652,27.447160110420977,50.260524499654935,4.84089930365421
ID012,ZEN,2,True,180.0,1620,8.994444444444444,F,32,161.0,90.6,35.0,25,3 Dan,Shotokan,Kata,National,4,5,Right,Right,Left,0.4103444595504666,0.6324649393823207,0.6946283598119155,0.5442127881560233,0.5360941051279822,0.3199942286841395,0.1888225865312871,0.2017112876268263,2.5056030549583843,0.3876911377879818,0.6496853938091922,0.6841253934360441,0.41301525738488,0.4051108507340917,0.3311818329599703,0.1214507738634876,0.1042049417783831,3.92878581809056,6.544911185920413,1.340177070432378,28.39774703806753,1.380195671348709,-40.10985339838971,0.96233900331643,9.954395926701102,2.429098523487937,56.65070949370758,1.6119237584290147,28.294412217504664,2.9143734716770844,1.273160550450585,3.55047046655144,-50.92480258550359,1.5523637224452995,2.8040734606596556,2.7137784463467023,-23.833726463447363,5.03877395341415,-61.43575222443074,1.560258635011465,-31.163932774396255,4.20646930372477,11.209063195581743,2.952843381267817,32.11328337891319,1.3113259007917009,19.020463779580293,3.540913190487487,6.363008717896785,2.194180760209652,14.934616741402367,1.1928992597154977,-9.922086025292051,1.4145714785111905,-26.14590582684589,1.0582456102496811,-43.436273863793886,1.2422032876727869,21.50736251287786,2.0238171040408552,76.38207334799198,1.4183879114912088,20.700401540773544,1.42602836353392,57.32737455368583,3.0461596154782313,-17.00079096923899,359.99991058645026,58.475816356256864,1.4357855997368034,-84.42204120290141,13.749880853092478,-0.0003506421550486,0.0165364417075884,25.362032669402183,1.0984357165341407,-99.7767341966852,7.261032265057011,-50.18631406503826,0.9262951755440624,-14.047670107665184,1.1679872562495,5.412123609296643,0.6427616481577703,-11.736876454773013,0.9146959501502928,15.06160066209124,1.392855591622908,-2.077705998962875,0.6821082003480832,-5.918760259718192,1.8963230679471792,-9.297656801178876,1.5761646479669,-12.950322770494022,1.0890205116882612,-26.377782529992952,4.140867860369312,69.76074224784847,1.6551223454557658,30.52660370748329,4.455745265642527,-17.94236051632247,3.66500700996286,-21.827927773563676,1.4139132760389934,-11.101437625852494,1.6845504435504957,-14.353322979072448,4.996307753892399,-63.81326068851212,1.6214042448477954,-11.92999365495358,4.8919612980724665,-16.91245688281067,3.537565394529482,27.367095222932218,2.3168619644252324,19.61847657303699,4.00165199267412,-4.918414330028011,2.4527548147586913,8.477987839596132,2.1580062557464386,-10.69291641906911,1.461054033695028,-44.70102977898697,3.167817299236362,69.7765029267584,2.3651425430316237,-14.443456648260913,5.957989618113512,21.11741975125607,2.1199769810852693,-38.00523620418424,1.3366130730707724,-28.536260327566808,2.5965086356211025,-0.0020527955610465,0.0264803466456249,9.960742049306438,2.52140589407834,139.0734890269999,10.658027391330675,-15.998008224836846,359.99999982456677,66.44076868599689,2.306253881944329,83.72657141952554,28.065787851790688,-6.540998647860226,0.880688847858548,-14.270400642743573,1.1354190009842746,3.2113608837113397,0.8033737376013952,30.246771172962404,2.1346128080964384,12.43618650711361,1.3200965583651951,-6.968659982238519,1.0620249773509824,10.654056263715406,48.70910277777779,86.62589444444446,4219.4695957113745,0.3948068981481481,0.5950555601851852,r_hand,6.452581440094761,4.0777777777777775,3.8666666666666663,4.122222222222222,0.43144618621858105,16.27818986810453,30.25410110420981,53.80490338164252,5.085346580043963
ID012,ZEN,3,True,180.0,1620,8.994444444444444,F,32,161.0,90.6,35.0,25,3 Dan,Shotokan,Kata,National,4,5,Right,Right,Left,0.4564003832953644,0.6207405302852791,0.6853730063729849,0.335912232396296,0.4356908382068813,0.2170046995598862,0.0934109770054372,0.1430439909158819,2.3485157335644335,0.4374360518083214,0.6300139773489211,0.6883941499608721,2.131692385536943,0.629823587317957,0.2216076791236143,0.5834872188560805,0.1777553191648266,5.191387222258002,8.10102219713509,0.9068231705642312,25.742240312768875,1.1512946090970182,-40.89782160690467,1.184419454629122,7.807588408192586,2.17599177006852,53.09548918770153,1.3881758480920825,30.244340347452106,2.011216016627987,-0.1196946455689883,3.5105981892725455,-51.17225595093204,1.1789112701235638,0.0744926473607506,2.841139951560046,-27.8492452477878,6.319652129276353,-64.55260677819874,1.7524231660278955,-34.27863841130837,6.251270329677521,14.075716399115665,2.5318904994891493,32.5291009234758,1.3759376267851025,17.3857240740485,2.8328701393631626,3.624499833536712,3.894653403111228,17.0251259081314,1.5154433658383295,-10.978368006383082,1.333041787514608,-25.25562674687319,1.3092305837037692,-37.502743735642895,1.724364616748133,22.75297789211237,2.0395603055705926,73.7971401030994,1.5493068976897604,22.646893636092685,2.841686040448156,58.49853911959491,3.895780399305664,-8.99949222069118,359.9997336347444,59.29995989730274,1.4936032966445438,-87.6497949433482,13.07621419139555,0.0005444295761533,0.018280868105268,24.85284383957488,1.2528158330632948,-101.5295345584568,6.900247912890805,-51.03510816411,1.6998660899119429,-9.708051638441017,0.8162175202193627,5.220064405966498,0.5492304148807285,-11.840383594382166,0.9943036915460476,9.70039139282945,1.3255947046760763,-3.3868886632196324,1.1540219477995164,-7.389108025448001,2.6772335209795264,-9.24911922741834,2.2537402485689153,-14.7363755281032,1.7541466854376877,-24.67288378580792,3.8316853768937302,66.75612952285618,2.2879239857357874,28.992325444615645,3.8118762757635274,-18.455051334039744,4.011678241875398,-21.456406036267023,2.253432314357738,-11.53002849881188,2.176491666567623,-11.666914252551075,5.298017342191663,-62.91288157837011,1.683033110327564,-9.383781980569175,4.534055760631544,-14.218952506142816,3.646510555513908,26.23899375402906,1.8652020502612816,19.240623723070396,3.1318288166463084,-7.226626908122693,3.0670976866760693,8.508374991802372,1.7380916792191965,-10.850626636142028,2.2097663946630437,-49.92329986577267,8.107301785427943,71.58587343166816,2.54108727677837,-23.312342892502027,8.877025037647432,18.647347739015363,2.313743279272945,-38.721040108200626,2.755706894716724,-27.574639033096453,2.997845930591115,-0.003095447228898,0.0562901999721042,9.59015537105004,2.3342230086528666,142.56128694832415,14.18933873481214,-25.330532310178196,359.99999917319394,66.9077583227255,2.155982967002558,83.30082319428625,37.80556127479764,-7.402388160851815,0.969176719040715,-12.647795583706538,1.5285661629635037,3.125876401869624,1.162173235317991,28.59894632867468,2.0648399240994557,10.35162993387121,1.5151218687481585,-5.528572254678174,1.4415708658912516,10.197001274719169,50.60863055555556,84.57036944444445,4279.990583160733,0.4508671574074074,0.5768406898148148,r_hand,6.386167382286813,4.072222222222222,3.855555555555555,4.161111111111111,0.425697519486326,16.511672324218715,31.4339320220842,52.528179779158044,5.033004969964954
ID012,ZEN,4,True,180.0,1620,8.994444444444444,F,32,161.0,90.6,35.0,25,3 Dan,Shotokan,Kata,National,4,5,Right,Right,Left,0.4664042363264229,0.634629832416696,0.7046020508874145,0.3745862005113232,0.4386419291382615,0.3296423954414096,0.1244367855024377,0.1071827573468586,2.702046720671453,0.4472839392563607,0.6509493627006955,0.6950846565841738,1.1854182198779928,0.3917287240892797,0.2898109975066121,0.3051688569767953,0.0943081351061457,5.070134901545731,8.944060027187644,1.3796043386351844,27.002643001627597,1.2223276353761925,-36.61750129357556,1.2374225084985468,8.671137420534196,2.0393893914746135,53.79375100792939,1.3527294987537175,27.198711973990683,1.8949098984382715,-1.6163923905239608,3.783856109689899,-47.49243818474088,1.048260408171032,-4.124261713047787,2.885931414072707,-17.808981093322643,3.965541703760776,-58.793488494161615,2.2747122931295323,-22.840368484358503,4.147941861237232,10.51165122805734,2.6323010522744337,33.530797273165064,1.1443549731458944,19.262971373556027,2.299965102232214,3.065791684473578,2.2734868245094315,14.2218721460206,1.4167063232645845,-11.127808706863506,1.3441898960730985,-27.18308025930417,1.9903102439063645,-36.925775766314445,2.189552190042214,24.47057167216417,3.29060349913847,76.52688333026411,1.4059555378627948,29.57706098163178,1.460083466929202,60.610586419153776,3.2293690130852184,-26.99901867655721,359.9999462547825,60.9916248626401,1.3778242581787197,-87.43454168815381,12.944140559420674,-1.0771470603691637e-05,0.0138483367247629,22.062833270681868,1.135216967573392,-104.12867844939636,6.240663032416947,-48.01236735809483,1.0794360332063562,-13.686968120334887,0.8331492829833085,4.852371608456484,0.7755409566902483,-11.940394578203543,0.7402786402194703,13.34479794918716,1.0608774619457009,-3.144827548752621,0.8308793411555735,-7.608022431097726,1.2984341647825903,-7.211048246817832,1.3854262207510502,-12.8463185955867,1.1849133791726487,-29.28742653374807,4.053627442765169,67.56542544634992,1.6267199495696616,31.951164816884813,3.924419837695833,-16.89765135957986,3.602388318901676,-19.441522581932553,1.6807557813223577,-11.537944314629824,2.0159720031778505,-10.44568598974635,4.545438917292129,-61.08057268833019,1.4702003590103132,-6.173222608437019,4.5969613290210685,-15.043854488455215,3.4427027254810945,28.132599844702153,1.3162659759346127,20.84412080353666,2.375990690297705,-7.271246712519496,2.7562877383851436,8.944289026335312,1.2450892370291786,-11.317651245608555,1.668738031144864,-47.40545201831955,6.069544559846747,72.2357462057862,2.126539087933537,-21.39772521700152,7.333662351936315,22.300406496593457,2.60754361217332,-37.28065968163683,2.6529516834870392,-30.59267492880232,3.577770720816371,-0.0030069615056866,0.0310038452261928,10.414194793754138,3.267491492041545,143.17049869570295,10.017566222591114,-37.33056732284948,359.99996854089716,67.0242689618974,1.880991973523166,75.14605885202423,18.08274017032494,-4.420811313649921,1.0277427216078625,-15.868147830535802,1.2252090239057498,2.652805921257498,1.415905848925973,28.5118689627101,2.584848325507874,13.373317848867902,1.1479702293619418,-6.241540835006537,1.3299057232714464,11.211769044863242,54.11537777777779,83.33314722222222,4509.604743341729,0.4628249675925926,0.5968151157407408,r_hand,6.332379877546589,3.922222222222222,3.705555555555556,3.9722222222222223,0.4376410253959096,17.397495248415296,33.612035886818504,51.7597187715666,4.990614477753548
ID012,ZEN,5,True,180.0,1620,8.994444444444444,F,32,161.0,90.6,35.0,25,3 Dan,Shotokan,Kata,National,4,5,Right,Right,Left,0.4269219771011229,0.6231446625051837,0.7054057500421712,0.3993213837800213,0.2736224384742081,0.1088992358532769,0.1154422106004026,0.0716589212611153,2.658173904887287,0.4098953514465336,0.6154640876834364,0.6902873570716689,0.5286539582940619,0.4598383551262297,0.6320458952265406,0.1415854912230012,0.1357314332090539,4.2948678725121985,9.79404212261371,1.5269567706551097,21.756493548939687,1.963599855027816,-35.82845551587275,1.1689934307718772,8.185725090316506,2.1634594967628393,53.69057291124175,1.386044198481159,26.62892826053633,1.9021956120583852,-3.4505078452481617,3.1273136194982585,-41.906143770570615,0.8753754404014558,-5.429744283442295,2.4302944710136183,-18.376249665961772,4.967714243983332,-61.54227179954693,1.480859471217137,-24.64697774097321,4.44147497226842,7.563027005266498,2.6707530160088773,32.23325067102704,1.0269301728067963,22.09349315899418,2.8133719379838347,5.349087877510736,2.3630693574375403,16.642605632278407,1.052930433556707,-10.60318502461288,1.5963456888231704,-26.753700432167047,1.4007709203385588,-36.40120707348353,1.851673867742193,25.25199579769318,2.3642553194936333,76.59850703010511,1.4749877921768473,31.441292998778877,1.0499453816752364,62.63473520687472,5.078562371635769,-8.999502736813769,359.9999552815269,60.92422260018586,1.2742062670134544,-89.71123790771045,11.588452306865577,0.0010143388912871,0.0222396732878772,20.001739818316583,1.7380246499384775,-109.04247965751225,9.005894271886945,-47.49056138168989,1.1220393126510118,-13.536531661823814,1.229878910788015,4.072188287091116,0.581800885754141,-13.22129888194146,0.7965344403893511,13.591076768075322,1.6279066924763992,-3.063268975562349,0.6253551827722195,-6.684289872452687,1.4642558998268704,-8.0081786431061,1.260730578421014,-11.42902926463887,0.8307258119667136,-35.22576616572715,3.074722255984689,66.67534589198411,1.3067325477099416,36.790963191406846,2.7215867716657556,-18.058438207157295,3.3672783012599794,-21.756215904856976,2.011949667631111,-11.76909301555758,2.413983597781394,-10.975786855766527,5.903027788749027,-62.841697971044965,2.102403839256141,-7.193467091778515,5.6137905769539405,-13.225552364553048,3.654338974211907,30.37685851741237,1.4993163093572903,21.38197352526371,2.4158646094740277,-6.383664737687218,2.372603226887108,8.872809627413698,1.3844863526007885,-11.503035558307994,1.2023491938631672,-47.96833063387481,6.178573791360591,69.35171986818267,1.706257554800061,-24.225635166669026,5.3627543621617555,22.696223454385873,2.3422308083779555,-35.19919089575074,2.1238108382722487,-30.07531268423409,2.816930326398971,-0.0024962965477153,0.0218700107648556,12.309320981469634,3.03583801483531,143.56998941092073,8.756784913869893,2.665622996378945,359.99998845099935,68.12114993656373,2.1407113574593097,80.52771767053287,13.559025902763151,-2.6000403584054297,1.0985665579997073,-14.358519605680431,0.9485895383038656,0.4578854436182902,0.9665656202805508,27.137208191714443,1.388652847944222,13.96758934198659,1.0812506650494704,-4.32630061579626,1.2304906832982834,11.431836924976816,54.42190555555556,82.76868333333334,4504.429467324352,0.4299532685185185,0.5660361712962964,r_hand,6.34098504026131,3.9166666666666665,3.705555555555556,4.011111111111111,0.43814021741749765,17.377529676032374,33.802425810904076,51.40912008281574,4.9973962960364
ID012,KOK,1,True,180.0,1620,8.994444444444444,F,32,161.0,90.6,35.0,25,3 Dan,Shotokan,Kata,National,4,5,Right,Right,Left,0.5118261979498621,0.4152763234794377,0.7027842532657248,0.2223634925387352,0.3913846138208277,0.2094808169917028,0.0640640896963347,0.1046632459577338,2.5091970456230928,0.5044777727380744,0.4305494477620729,0.6926017614666325,0.7993850022288307,0.2741402170650053,0.296190280853037,0.2326153223215217,0.0513980765044603,4.07361204600141,-5.645140784870686,2.0814149223502127,35.81578030392757,1.831222070267188,-23.14949699491388,1.5809589910501636,10.30726565925372,2.3631693247315972,59.49334187174738,1.616536647866596,27.083933199201052,2.457304052469155,1.1513627871159346,5.369259801239928,-66.54539404471191,1.3296877477108635,16.477036660558085,4.831374540001551,6.046695458035068,3.217567522935221,-37.71194163700401,0.904853727478951,-2.419963439629215,2.109885569371933,-7.217781484291143,2.294096931459679,31.467758679619884,1.374939277605435,5.851529399578767,1.7202353416353002,14.032242656311748,2.6758066973165775,-17.400629289713997,1.03634607840905,-5.694101324274863,1.6972113088114735,-22.74953153021748,1.34551385337004,-32.25270349316805,1.5970250732172246,29.419689389952392,2.500347494895049,77.553206613046,1.6542357807722397,30.216279733852424,1.9058202073889523,63.68602115765855,4.047014053460543,-36.99775062025866,359.9999581748855,65.22660398123516,1.4157920816155496,-90.5212323892586,16.43446531448795,5.862587350009277e-05,0.0177380251416598,27.861426017239353,1.505261128330389,-103.00375101593252,8.328310542672995,-51.94023447509502,1.059244715940622,-14.199043872133863,1.0183103997251894,1.8963600901833464,0.6059143713159443,-9.325165547314006,0.9800431865284622,11.202244148178082,1.123941591750066,-5.3352669794894085,1.073343109140767,-26.029329299801383,2.5784935142667074,17.797600891361714,1.6236493231221587,-19.35066262394568,1.8350980018767336,-8.128392747419023,5.4798981877462225,68.96480529361047,1.911741971672683,26.297661723347996,5.246321978174674,4.20518374306526,5.06333604475566,-55.13801930764683,1.900238216022018,28.19693362281681,3.866518964827907,8.250145796647944,4.160861153078915,-41.25288462161069,1.4439693222336345,3.5777438410727567,2.687548705398131,-13.421922341003809,2.769113373012944,35.89255854193223,1.4365349184441951,4.11549125875116,1.974884646030882,4.082263508834446,3.015345597379591,-19.01622887155944,1.7281058687454518,-4.875698802040691,1.3979561077651566,19.56822789172647,7.401952853256128,76.75657945613935,1.0080382790737588,58.461572675081115,6.556692191963442,27.788051029188033,2.2211979950617007,-35.29185276320392,1.6515884751354122,-31.90743925467732,3.8834410327640505,-0.0002639164538499,0.0083244137675701,10.419438844178329,3.172300199265738,127.529500031792,5.94643166250421,6.000692209575051,359.9999599995683,67.55996115738259,1.7159116346199994,72.64231748475028,17.78763944638081,-24.92174139649373,1.3816624818826604,-12.87544798200289,1.2633010787769283,-1.2897494993158325,1.1227326451184594,20.75957365115605,2.1497112254842996,9.710364325372089,1.847962437777431,-2.092982206759659,0.8850161873220395,16.937604456381493,29.30443055555556,91.78988333333336,2689.850261844214,0.4560127453703703,0.5034558935185186,r_hand,5.811108733670994,4.294444444444444,4.094444444444444,4.394444444444445,0.4365119585501396,10.377108374847476,18.20150966183575,57.01234989648035,4.579795264793033
ID012,KOK,2,True,180.0,1620,8.994444444444444,F,32,161.0,90.6,35.0,25,3 Dan,Shotokan,Kata,National,4,5,Right,Right,Left,0.4868921742924343,0.439484943428188,0.7064422865323238,0.7258073181739488,0.6299928018133727,0.1836699872820091,0.2295519102975048,0.2064362240011736,2.4997872244322767,0.4886623701986987,0.4634780745922536,0.692445985789647,0.5093958628675288,0.8712136715163354,0.387953493029336,0.128489061473223,0.2261252347676579,4.091767272656791,-5.513411138663658,1.557134128029702,36.17578926055963,2.146125331204992,-19.01877931176242,1.305241993079484,5.147568060865894,2.552879586406392,60.81223101858598,1.7016706314833954,29.4143298699954,2.4660564809643404,-1.8692147014827651,4.4372279713601355,-65.17939717777915,1.3602139755583522,12.737254993917754,3.8454222223905568,5.082269064624439,3.511830768114015,-36.483961461188834,1.570368548797937,-2.4074546816440288,2.718189796052227,-8.371109194951318,1.9456566484964035,30.828278272682414,1.2278934119456864,5.784688716024914,1.4621859137701865,10.102429445866562,3.3048927282364797,-16.78901154101788,1.753795299384505,-7.746903549061615,1.6193032654326789,-27.754547684918673,1.213029909605389,-35.55409335334699,1.3255730182612524,28.87588787624412,2.0370926619047047,72.88226009878953,1.6652564169735342,30.77990124966902,1.5187765805646125,58.80458876331637,5.67397780756086,14.9990044072817,359.99998958579386,60.24845396461691,1.7194497390731556,-81.2842552290141,15.5380957729066,0.0004641793739445,0.0183152634854474,21.587073625874343,2.346341160184622,-112.79128869638352,16.264745831205005,-50.72400703519865,1.3142104784564663,-15.3654072120393,1.7101899096390394,0.5806868155981029,0.6125079790689476,-10.852062164666313,0.8271592883435268,14.225348610089208,1.576961619860004,0.4314622527041739,0.8790813966905592,-25.987106929016683,2.8082566153404436,17.14601431632963,2.6342851181867513,-16.487226563729035,1.4005672290257536,-16.340433801703938,4.841952854085699,69.96967954774327,1.8785101278606648,32.28288822138167,3.979290074577644,1.7116536787480363,3.2075888343804784,-55.08124561870246,2.420289652789691,25.16161538080014,3.097873705589258,8.837711535288676,2.9025275151657253,-44.35726648765062,1.544210442806211,3.5260013043001805,2.2495530368059717,-14.303835524524327,2.5056846968785056,35.873892738053485,1.8433676709136293,4.199273574753093,1.8287311573313023,-0.9792510219016832,2.1274456065313903,-16.553713151309218,1.8554193151642175,-6.855938127222686,1.814841065904897,14.124575138664015,6.060208656190735,76.90308264199032,1.1763928971451776,55.66568520203202,11.944640301675314,23.058058042153515,3.3311718751570893,-35.791009082801025,2.533659061128823,-29.3959003615383,2.936592295845884,-0.0015455027370928,0.0324790218173496,10.167007401751228,5.5031496542840515,128.9043186991001,7.968420806072118,-15.998244418641384,359.9999729887264,69.01727235893395,1.8769432202362992,77.44311214211993,16.833013546031722,-23.556812678476717,1.7477647699009644,-13.614286083662543,1.86090231648663,-2.022784681428558,0.9082215401036862,22.17713923351275,3.5003835568562813,12.10039399578154,1.5996661646058712,2.1583384553458176,1.7561967709057449,17.282156262011572,26.84445,90.26423055555556,2423.0936239370835,0.4464282731481481,0.5337248611111111,r_hand,6.022937468835258,4.177777777777778,3.966666666666667,4.272222222222222,0.4387840289020644,9.347994382690034,16.673571428571428,56.064739475500346,4.746739695316456
ID012,KOK,3,True,180.0,1620,8.994444444444444,F,32,161.0,90.6,35.0,25,3 Dan,Shotokan,Kata,National,4,5,Right,Right,Left,0.4811913451837719,0.5113376851266181,0.7146535612261281,0.7876095270505423,0.5172121647752714,0.1888138740383405,0.231909348677569,0.142112261735325,2.4668104524793075,0.4841449364385112,0.5284709212412292,0.6984275086483929,0.978884220138343,0.5598391828177451,0.1636979909499403,0.2058965504789693,0.1547739808031376,4.086454787620764,-5.337771199746948,1.8153240300080904,37.6776488442975,1.2823619713333017,-22.576782717823892,1.280575760386121,7.236219529865301,1.757380647180181,56.01189126659308,1.389041913750141,28.724204635617753,1.6249754343740364,-0.1917389144030483,4.727321422016268,-62.708737975434055,1.1890799891622947,9.574093592081178,4.760315587527678,11.054878286877376,2.844915729677428,-34.706440250267136,1.4583970826073482,0.03025349674188,1.9684739191050595,-6.77601690961559,2.737721323190736,28.866271326401016,0.8499353967529473,9.275605584192574,1.6279689269432822,14.213243969415403,2.715841608235131,-16.358525507297927,1.276754885009428,-7.3801178192803025,1.9061908105541088,-24.436791959115222,2.258990876025738,-33.91112415668121,1.9203470757728736,24.56596871435971,2.842212714759114,77.81468695944206,2.366435846784796,27.905249395655073,1.741127483094548,65.32611944355752,5.868349111288396,-20.998793760518048,359.99992376485665,62.26445397793538,1.487372416215628,-86.61591961786348,15.605359475370278,0.0002675363704401,0.0229161158149648,23.40725724068687,1.937931012492548,-117.08464531163436,10.155398935438528,-53.71616403747896,0.9352343747072354,-15.188106864494866,1.0248045915914794,1.8863787265376863,0.5508307416916853,-11.207403425257397,0.9239405563400728,12.64035558009671,1.032888288577395,-4.637616859418777,0.5643759282039449,-28.02324154132189,4.099147418926915,16.710069475381708,2.023556422292911,-18.825555647101783,1.9612376675900904,-16.166759090610743,3.454947274404317,66.82399739052657,2.0999672457178917,32.83099231760476,3.3046579649170233,4.696430513986941,5.074668554946893,-52.94382311882036,1.6393503525447173,23.950013301447544,4.9194955844807495,13.621784980127678,2.4758719813687584,-41.43680327104024,1.365991712413539,6.063148854215992,1.997238552409729,-15.89757055840161,3.659419714357687,35.11205153412929,1.2872636926278602,8.511293488999145,2.664296567143862,0.4605259533399388,2.23508675977339,-17.41779877470378,2.5922358783965347,-6.301250638717006,1.407308761903009,21.95964122245332,9.11018173624734,79.37311745294146,1.336959671742207,64.04848940859127,10.19607519094717,26.034614910720663,1.6746041538865732,-38.295876427805226,1.4126503742090648,-30.87950856738295,2.522394586904433,-0.0013542561520276,0.0174150942974477,8.32226355282178,2.704036701197988,128.75100646676182,11.967551854489829,16.666405074827274,359.9999996612978,66.87703562495814,1.4340884835219327,71.55683551031647,9.101944175043442,-23.35083673278821,1.688650689961829,-12.510817906618431,1.5253181458718448,-1.8670572045148448,0.9894567086089988,22.957555851402415,2.3130447581041835,9.701224096381653,2.6007392358214503,-0.5541957548308778,1.2253685266805971,16.91083166809628,31.41010277777777,93.28943611111112,2930.230776330933,0.4379446527777778,0.5839768101851852,r_hand,5.792378362124107,4.427777777777778,4.205555555555556,4.522222222222222,0.4438841995193342,11.304466557350924,19.509380607315386,57.9437491373361,4.565033664064206
ID012,KOK,4,True,180.0,1620,8.994444444444444,F,32,161.0,90.6,35.0,25,3 Dan,Shotokan,Kata,National,4,5,Right,Right,Left,0.5197319137965928,0.46201571084473,0.7193420016047698,0.5744091878557733,0.1977034700705926,0.1677127989787363,0.1688388327214957,0.0401528425009844,2.374796345525396,0.5278529781470681,0.4853662732765757,0.6976134401955146,0.8432417933093572,0.7828119870413819,0.3158358022780638,0.2444346049271255,0.1945464771944779,4.1677712191140515,-1.229929515275474,2.028304244501532,36.59172205768698,1.6755431934784897,-22.884892946659004,1.4188268604090375,12.208478743199882,2.729965610063889,57.768504457330344,1.3708869060429407,22.473969495490017,2.3350061220073357,-3.854443601482659,3.8652410767090895,-61.27021649274146,1.3557842961838773,9.409086759424522,3.781972278688266,7.127756702723849,3.4016181285998552,-31.756748183623444,0.9013216068408134,-0.618438716963812,1.9555647028057388,-5.176893272542847,2.3674978422763706,27.77471091511315,1.0755020110853906,7.410454028027985,1.5229097919766037,14.636338935631716,2.890143525854352,-17.980643006247064,1.2151464829445509,-5.833068198880005,1.3725311892829106,-24.054485586303144,1.0858650154978875,-33.459957985088685,1.744893770809668,29.284679411992684,1.8390846466354096,78.11662916225474,1.4396236195833012,30.792354108525913,2.0227116817576523,65.4447798492601,5.245679376113756,-9.99926060693765,359.9999291122236,63.38017463769574,1.2756645000253355,-89.18586186801714,12.362913715851803,0.0004299342601032,0.0244349640120527,22.688770602886738,2.196358936295699,-115.43802604954904,8.906401186182535,-53.02468953846991,1.2481191692060989,-16.405700299738687,1.1370115836764576,2.019222980697434,0.7397608743528408,-11.322432305029068,0.800313175014006,14.233836141602442,1.5642651052587515,-5.234302804088845,0.8202522635060285,-25.21598424140968,2.401515870932762,16.88661366087375,2.068450099506073,-16.512267436413374,1.879593718271931,-11.524805040470438,5.073501970228897,70.31980392515719,3.205015661498308,27.4359233474428,4.494336249022407,-0.7840969750242837,3.862452164750911,-53.60973420814253,1.5735520524294344,22.191210168909898,3.295745279912044,9.659973439319517,3.0151618860452363,-41.67136491321576,2.4198611121164646,5.307702590165449,2.437487152156092,-12.891557680583825,2.229587082403972,34.81906188574237,1.49473857992475,6.127731963533363,1.987145262071091,-0.0183003318956259,2.3064054889942263,-17.521075289869184,1.8397084468814455,-6.53803067235446,1.7830216613278953,20.802883837937852,10.510456824707886,78.19648960996315,1.4485762452469544,56.63520141311266,11.248356420918505,28.229804787826467,3.137755712206566,-35.37488023054101,2.209606663200276,-32.99960408884663,3.258566081619783,-0.0013303046714253,0.0173708327036611,10.282010680332226,3.1041808706180287,130.97414864946143,8.406187417571147,7.99983600298897,359.99998611919136,67.82491047425847,1.4863605471120709,72.98646263142405,12.832574479075191,-22.42431505786697,2.332907060856428,-14.537388859233916,2.0069511102835147,-2.103496527793274,1.2282363868957515,21.7703826113594,2.4289913651480894,12.126354633833383,1.3756897382245334,-1.661522441828271,1.4224921717507806,17.649926847992937,29.03131666666667,91.70677222222224,2662.368344861204,0.483916412037037,0.5474496666666666,r_hand,5.66249790524512,3.844444444444445,3.6333333333333337,3.938888888888889,0.44679627428867685,10.271086550909317,18.03187370600414,56.9607280883368,4.462673524430787
ID012,KOK,5,True,180.0,1620,8.994444444444444,F,32,161.0,90.6,35.0,25,3 Dan,Shotokan,Kata,National,4,5,Right,Right,Left,0.4991280542010262,0.5050782359525883,0.7179646845355049,0.6867268879030997,0.3912430008588763,0.3439765586943477,0.2360698217600685,0.1130397617458504,2.6343787396663547,0.4906850315215593,0.5230149240810847,0.7011156505649596,0.4186021551351226,0.4513211273596273,0.269676383406825,0.1075406596906126,0.1029429431227946,3.9412164826982634,-1.966765408460237,1.2230040923074548,35.448073310221396,1.652217240054668,-22.704488616374785,1.072542939459133,11.748513842684524,2.814738270994109,54.74473231318643,1.8308007501739425,21.83149933284333,2.5820487477569287,-3.472613056419244,3.9263406608894273,-61.53839995530918,1.7683401076622047,6.854366242164537,3.5860004678985913,7.189069872427048,2.992763339258886,-35.57809174985156,1.3699110826873877,-0.3469230125405043,2.1577759318352983,-3.331061900742438,1.9577141594008023,28.30722018606542,1.453795548460505,8.023101000253863,1.3401316379356203,14.468931027850736,2.7804633495985396,-15.559230496973257,1.494003217978129,-7.922911007526163,1.548250275037753,-26.472593466531176,1.416060803867225,-36.46391547696567,1.657300613279311,24.294144354408793,2.1256840905513954,77.32374665887845,1.4428721583279014,29.630199366527027,1.6144218762213924,65.0995657408736,5.1731657326066625,-0.0001084204076211,359.9998682139415,58.51847911322693,1.7190805374032578,-93.74660434273338,16.54456661370719,0.0001960133739832,0.015820606281567,17.868124661696033,1.8744015061688584,-114.62705501512214,9.927339488702742,-48.7794834057103,1.046871510721651,-12.94945720728114,1.454387626217061,3.6593963603413298,0.53299311421469,-13.243931559022467,1.2309026621124222,11.80172477926421,1.6591462176314948,-3.365155555848033,0.5477329951086869,-23.61039113750308,3.802579169234594,19.69100462892035,2.2235704567112258,-15.759645186222505,2.045122156867464,-15.811315659142515,3.001463541214676,66.36076676020316,1.7300613526769837,32.47548879139489,3.4120436300396513,2.873987879516713,4.904828121163829,-53.22106244062537,2.382876923003032,20.631571990808588,3.5026206709504777,5.443728172365598,2.8922042553428233,-42.87187354453575,1.7689672737731073,1.9293082102140744,1.924350497345353,-13.563336636301855,3.712073900247532,33.84955688177388,1.2021317490813177,6.841783293807331,1.8343623846608976,-2.31117001089708,1.9287892387979928,-14.972386607802472,1.9797509539718892,-9.460041376003566,2.0924462363179135,27.683213049519633,13.293394478001543,80.15982000325866,1.45070878300632,66.06680092570414,13.04858323678873,23.413392240857675,2.295087217845758,-38.105005706534506,1.5990985406121254,-29.871151515946913,3.2782101043327785,-0.0029338334579502,0.0273897283448893,8.731607688548436,3.341807720111196,131.65845891761455,10.140798489492354,-11.330787081520835,359.99975397194225,69.50883255049509,1.9977157872867508,75.72718224636537,20.73442078106788,-20.90985973637668,1.5468799957709471,-12.955881374562544,1.236113432325622,-1.6328641316056234,1.2044766694296256,22.712595141514164,1.8951065919960968,10.424495467120888,2.1470861123688927,0.4394802589825607,0.7701871656054644,16.8827518503917,35.20313055555555,86.74894166666667,3053.83431904794,0.460102287037037,0.5825958287037037,r_hand,5.977356151974796,4.038888888888889,3.8222222222222224,4.138888888888889,0.44594079784813967,11.781313680212724,21.865298481711523,53.88133022774328,4.710816585168644
ID012,KIB,1,True,180.0,1620,8.994444444444444,F,32,161.0,90.6,35.0,25,3 Dan,Shotokan,Kata,National,4,5,Right,Right,Left,0.5252265592817016,0.5806033132898165,0.6707150947792929,0.1537848889218485,0.409903943818346,0.2453071416585683,0.0262625702776686,0.1313741730691891,2.500256449690131,0.5222034191569285,0.586892042481914,0.66580344559999,0.4014884678237629,1.05052147945357,0.1911660864995168,0.1005512391618652,0.3602400283113919,4.25307019256018,20.299118898810665,1.841485854300636,41.82657612444943,1.560533206238361,-43.94846726320408,1.2970618718052762,1.4205649872619377,1.6751425417134975,29.262131485113752,1.4347770251436565,41.423907289888405,1.300350190344666,25.08766399452884,8.803669400215036,-68.48097692916413,1.911838882327416,22.904633468121443,8.458674220149085,-30.614290080020567,3.19256396828289,-55.185445873389696,1.551858922827961,-41.37908993401537,2.925724504201426,0.184051981190967,3.323838562821809,27.305043167419623,1.2029110092448398,15.782050414104088,1.5949368285702707,7.565044071401621,2.2902700899372146,29.16465658372047,0.954717123248269,-13.14288314086633,1.1371127820855484,-28.17109644715964,1.8507479164172551,-35.94033365587976,1.6767827971667444,27.92703920055728,3.718912796761476,76.5029151197369,1.9784141447390768,59.195695358939275,1.5941402644500542,38.6735502310916,5.7177492318231415,26.998841196675667,359.9999199028183,59.50881769901014,1.96407994757363,-70.00418552243141,17.234536316873104,-0.0002223818145367,0.010304454640934,12.080610069609412,1.4682924393183772,-107.22914031638862,5.84903918689173,-107.1820973959422,0.8184812620757356,-4.752115699050731,0.9303127262861296,4.190906155182687,0.616891850564933,-20.809226652267768,1.3427470800106711,3.6457622207602634,0.8377402672900431,-6.5405161242541565,0.8253427230390029,0.5114941288763784,2.7645231507905583,32.10540911478174,2.092249399645386,-41.36137217694628,2.29053120279503,-14.959290839480955,2.458778112008958,42.99879818488667,1.509797756825499,44.89328126823294,1.868162561457929,27.626468263132892,6.388212390424197,-63.96166782230365,2.478871021480572,34.355227873556466,6.074223633437086,-38.40504115951143,4.120305102336367,-61.79114998744223,2.5573561021393374,-40.26579191380264,4.104852384473304,-5.26255451131404,3.4180198486166655,31.683821251304956,1.4674172370281156,13.772591670289938,1.9771904378872664,0.8082168956311467,2.56140234989678,24.41514655172856,1.685044348843622,-13.119739347402314,1.3291888813680632,-37.14867046322149,7.297273111332828,71.22619885963556,3.4023682396418877,-11.522451030552434,6.23061907183814,25.42635204816533,2.302684101277837,-36.1243885730977,2.0217456635239515,-36.491746349782126,2.4108620377280516,-0.001457811285017,0.0205295946165842,13.997398510534062,1.8322506471256208,144.72874748128774,11.971471024539994,1.3338248006307962,359.9999989565484,65.94042199590331,1.3404153606565077,58.1530788643859,13.87476662949075,-85.37522989228802,1.325438548718168,-4.007314286157725,1.1252360343282335,0.4421390789582149,1.0431795366157997,16.464921793349728,2.1172767181173544,1.714784237597293,1.1634770896618465,1.734267313005286,0.957967871927304,12.437540683821007,99.04038055555554,20.55082222222223,2035.361253618457,0.4832568935185186,0.5967926527777778,r_hand,6.0645228963431235,4.122222222222222,3.9166666666666665,4.166666666666667,0.41659322657098935,7.8521710335961465,61.51576432022083,12.764485852311944,4.779513603483306
ID012,KIB,2,True,180.0,1620,8.994444444444444,F,32,161.0,90.6,35.0,25,3 Dan,Shotokan,Kata,National,4,5,Right,Right,Left,0.4241333123276637,0.5476853440210683,0.6529798809669201,0.2011321854872849,0.3469606340037234,0.4749480839114861,0.0565187015928425,0.0810371682978488,2.20301594382735,0.4237562096898475,0.5517976276097329,0.6497109381300971,0.2243055423927997,0.9923461898998508,0.1569699883120945,0.0592422587371483,0.2903109231648569,3.94690038786443,20.31562864779361,2.112591808290368,41.37114844893627,1.4253565662105316,-45.56653342929101,1.4233643247221792,0.5376781240755045,1.6359120237425506,30.31826041518239,1.9578312676610103,43.877737701321585,1.7330362536179322,40.01361319073873,9.5767057821474,-70.86991682044435,2.620410121613517,36.89786112656763,9.368815387187126,-38.16837135988879,4.1858134543836485,-56.64022538391451,1.9731920486129653,-48.16167944272693,4.949535320346257,-3.957547152785721,4.503703677108156,31.013992976053167,1.3475736978422077,15.774572905346782,2.053977868595167,8.526817481783691,2.2712255620387545,29.551147056980867,1.660631804457669,-14.25474720116372,1.0958145403198678,-28.122265330727473,1.0136874684784305,-34.1019674362548,1.242255240778995,29.308470165253,2.4721906376893266,74.1267243334283,2.172852494840683,59.427148011059735,1.2559599428880546,41.97820479732594,7.626665357689575,4.999889403843337,359.99992421398855,60.63518689171919,1.2900393198068016,-72.34208341880266,14.837083058502529,0.0009045211017583,0.0163721919800405,14.532151807857394,1.5839175070605247,-104.85577445044784,7.8894528987400605,-105.04769047168811,1.3006630412627516,-3.231610459906838,0.8408607704413726,4.398394518299161,0.6113015974391747,-21.759177669285062,1.049654977251251,3.116523161659121,0.4735650431334575,-6.642919635878113,0.9058417255212624,-0.1236578448181042,1.4763989113964524,33.01414319307476,1.6579045450144108,-42.61003170602229,1.484071232082627,-18.72698543992859,1.640534926686616,43.94820156029336,1.6070101996181378,48.279899357788715,1.2153101392378716,39.86539112329593,4.3469457923763315,-64.8692582285147,2.459317126000073,45.78690003881099,3.760984389701939,-43.01789364921488,4.126586551407421,-64.27252449946768,1.9169774942140665,-45.19125277757221,3.8072944030104097,-10.37771449317051,2.983951313024372,34.05656869134503,1.0857550892515206,14.093718216091164,1.5615016998043636,2.2948547221863085,2.199854192616135,25.164122645318912,1.5275751286095949,-14.661561634503682,1.592211953246773,-40.60588970081022,4.542392275821605,68.61238202923171,1.9269247781902124,-15.17979024933604,5.398688573110901,26.46277307956755,1.6009725618646584,-36.03581392741333,2.1560457354185374,-37.56031277432381,2.290016769133807,-0.0012875379206211,0.0212277158818334,14.760168296288462,3.6743562302113713,142.2383902940877,11.19240570517664,-11.332416698909382,359.9999774822417,67.42092860431352,1.9095387908882488,61.14758772012376,19.07796213184598,-83.25894086266929,0.7881361012633192,-4.066206602282989,1.0442531720469748,0.1388083011896906,0.5439248966693473,16.593132539119097,1.882103035904132,2.9205946405910415,0.9646868774965855,1.7778415220841508,0.9067957281296624,12.258000611273712,100.78751111111112,19.656205555555555,1981.10003583284,0.3801431388888889,0.5643980046296296,r_hand,5.948060571946446,3.938888888888889,3.75,4.027777777777778,0.4055775658179627,7.642837991716522,62.60093857832989,12.208823326432022,4.687728433691491
ID012,KIB,3,True,180.0,1620,8.994444444444444,F,32,161.0,90.6,35.0,25,3 Dan,Shotokan,Kata,National,4,5,Right,Right,Left,0.4470727955721558,0.539805625030772,0.6777091438954602,0.1366238146270681,0.3822699503983007,0.1443304451503424,0.0383598434652634,0.1085267300860197,2.4731429062109163,0.4402339624723521,0.5454251699189702,0.6756353970454597,0.2691275585991803,1.0916733903195364,0.402622200860081,0.0642383114765834,0.3192915518547838,3.4118620330107694,18.035776642526645,1.3698072629861997,42.75791088924655,1.14806279285483,-44.27755525010887,1.1164257542955696,1.998908171689353,1.540733702989595,28.711405443092943,1.1212468442872705,40.26954170108012,1.2122639355790596,29.931255411607836,4.781693887664915,-67.44071963981384,1.3309844183366124,27.14225127255664,4.548578932521533,-28.36471859690155,3.02657533511082,-53.431744508051864,2.0116287329145237,-39.420752110471774,2.966340176478468,-0.962085203285996,2.3089382787521515,26.95182882938489,1.1542785482213451,16.279746160550054,1.7424779377704702,7.681815720828964,2.438592737186611,27.877228005803666,1.233204334390667,-14.271487136557443,1.5027312377209352,-26.85446228236236,1.2393250919191665,-35.16198381875487,1.404367753972167,26.31777404541391,3.425782941093903,76.40858458026966,1.682367280469677,59.83318766358958,1.2623248792909578,42.10094226614792,4.40697315693258,-2.9997209298588885,359.99993836102146,60.87374997019951,2.043530942019828,-71.11494309567124,15.494031446039536,0.0004460521688664,0.0108289962924096,11.998601806636186,1.1350113480470547,-109.70419384610638,7.840484201710879,-104.487905210955,0.8254350403267381,-4.163628498092405,0.6586277280106341,5.29013657950468,0.4615903167449771,-20.40968572805266,0.7710976423889591,3.9695500010964895,1.106609050932852,-7.545492074477651,0.8948344049269608,-3.288634583319184,2.058080466959725,34.14600252262041,1.5072819001478592,-39.60057252037845,1.3317358616987605,-17.177568356359163,1.628620941477429,42.28702165470023,1.7071808768111296,44.39832895610227,1.1544898464685147,28.903703939668578,3.7869929994889304,-61.861453055263226,1.6534575395365394,33.502641045404516,3.166103738548113,-32.229898920039865,3.0585591920988833,-60.431021552984454,1.834775265048954,-34.53638269451217,2.8998191128719952,-6.660902317808614,1.9125200805039704,30.61116726264083,1.0333046014233709,15.25185142770692,1.825788391316138,1.431596123263727,2.519753677468667,23.184726387790025,0.8330669092112828,-14.700332200657082,1.3022246669666124,-41.268394738778376,9.835498049715715,71.18756646048419,2.5398560901671345,-16.321055455998724,9.025900390197387,26.74886190338072,2.2543650510228694,-35.59238415741357,2.6329118659506747,-38.22638497391805,4.223794542998995,-0.0018002605736936,0.0168735599743863,12.80716218953309,4.1702278313415775,142.00554401664243,11.39572731174377,-8.666476559933729,359.9999925506297,67.38736269010754,1.593661583535706,61.35091729756154,10.537470010266588,-82.26124555148574,0.9148886234023904,-4.479273158431852,1.5120979165694537,0.6410491831683583,0.6887420545890832,17.172363920476602,2.003003321028231,3.510087655715349,1.2261170641027714,1.170092226401004,0.7279081076298749,12.560615784147958,99.42428611111112,17.657602777777782,1755.5945506141288,0.4131583796296296,0.5576988055555556,r_hand,5.854252854195121,4.055555555555555,3.8666666666666663,4.144444444444445,0.4209373564568076,6.772865825447045,61.754214975845414,10.967455141476885,4.6137975951461305
ID012,KIB,4,True,180.0,1620,8.994444444444444,F,32,161.0,90.6,35.0,25,3 Dan,Shotokan,Kata,National,4,5,Right,Right,Left,0.494154898379968,0.5589519367504181,0.6718924144664273,0.4151871534937124,0.8223569824116594,0.1773265847188287,0.1201105285609569,0.253602134919871,2.4217972268122887,0.5014761163375697,0.5611784439771671,0.6626321277104512,0.3327588750554611,0.4549143536236588,0.1483901906931262,0.0904233688553776,0.1332918861587156,3.5002899394030464,23.293896944575422,1.417190826957114,43.10930545613017,1.0852562038832758,-47.288381756036394,0.9744803579554144,-2.8634468483077007,1.7559466178721208,29.556217353668607,0.9517888538376802,40.95997303329455,1.4800660083326775,23.258068896422184,4.017442548297453,-65.87686923786617,0.8803257136449645,17.12197004316221,4.304423262144315,-23.39115181740599,3.085138618237149,-53.86149813628629,2.085181203796928,-33.98029364150749,3.0445542857587853,-2.527079060777755,1.6667880606559613,27.13200990518556,1.053874176418585,19.300670451057652,1.3767912404866216,9.248892125917363,2.5086970133977875,27.64759614479332,0.6177789615691651,-15.820306689337436,1.1910177104320423,-27.93002810615344,1.15444696846912,-30.75258684924585,1.6500344365146482,29.038418084485105,1.9311045967160183,73.93933485769023,3.654256764065167,62.08826520124211,1.123263782566582,36.48789666576007,5.284721013354201,-1.9990416160704083,359.999901586885,61.365472482343165,1.2879594168924695,-79.0476560519618,22.24248313955036,-0.0003851121013289,0.0161367890696502,13.979774441527328,1.81418430991814,-104.64981009245918,7.871097963770708,-102.91880940312612,0.6150475817782564,-7.74093109237003,1.3180050560630594,5.388216534442076,0.5414724311221111,-20.46765480607929,1.2698521909555325,6.789075742051247,1.2684091702311149,-6.346400549290071,0.7432785429876958,3.5507645317919625,1.1853079231145234,33.623519126224096,1.236899424730737,-42.683982583170554,1.0373467106235026,-19.899966525824475,1.7833600345302898,39.66068900070629,1.32437359002315,48.35100334948672,1.2321876716981637,29.214441053611203,3.904494951725713,-63.04861713704615,1.313743167940039,32.67711016679563,3.521291307171289,-30.953513573033213,3.96236838758481,-60.034055312796085,1.5365933095933144,-34.492142744853965,3.201164741884874,-10.044884202223573,1.7822480882470977,31.71945910876048,0.8693845307044086,18.297024686285315,1.5282655498397697,3.4935434528379266,1.9083559006841515,24.894615082136333,1.230028777768066,-16.562013109443754,1.3782721878667523,-35.00656940274732,7.030638547790215,70.24081911339482,3.28930633909539,-10.749358431373048,6.644658470637032,27.21702267518994,1.6237854818214394,-34.04928420932754,2.760432648749905,-37.89432322345334,3.005346024068629,-0.0011253264418137,0.0196119629268097,15.55379928463643,4.030531076614109,144.7384097561635,10.310042445568628,15.332376962735475,359.9999721252924,66.09383382999606,1.4803095597900011,63.21880292330516,28.69766252299376,-82.99636815718026,0.9563357322119116,-6.458886719513737,0.8232499788171506,0.7066863526131665,0.6285405297507407,15.53415959020558,1.8562714435960608,4.927882629656299,0.9370326022729129,0.4722675744103053,0.8571981321767927,13.598454146873234,106.4643083333333,15.929291666666668,1695.9010195315968,0.4613146990740741,0.5693483703703704,r_hand,5.864730265055664,4.016666666666667,3.827777777777778,4.061111111111111,0.417324481035048,6.54257559327031,66.12689958592131,9.893969979296067,4.622054951675768
ID012,KIB,5,True,180.0,1620,8.994444444444444,F,32,161.0,90.6,35.0,25,3 Dan,Shotokan,Kata,National,4,5,Right,Right,Left,0.5203119707630945,0.5390225500099588,0.6709100536546454,0.2150383039835168,0.3709872814805948,0.2352686329099018,0.0634181540446152,0.116692759592998,2.1389135651342586,0.5321587463192449,0.5412108203545877,0.6605619211162759,0.3552114024288899,0.9891256998558196,0.2427811647992328,0.1080976165519381,0.2389224597307372,3.5933788758638228,22.370720767915795,1.4699893887734312,45.473661939163144,1.173900213924341,-44.83358516730524,1.6743351180273578,-0.8540646324507802,1.2020978722329,27.617685264934185,1.1543753657168203,41.41332160555477,1.0792898397123096,23.643814260915494,4.3748369903663225,-68.00306451503977,1.1521621023545665,17.692750400142582,4.931852167310355,-23.66632736867192,3.391331734355429,-55.18886360132272,1.251240128211002,-34.6551749874545,3.161611716198152,-1.5850651812772694,1.9317247306009269,25.438005280063376,1.107950013111893,17.953913333731965,1.4022385487919635,10.932156823805895,2.082520885755729,27.362386948478097,1.0538956909782975,-16.118681710659693,1.2635569848294264,-26.83332547354688,1.6261329846965005,-34.222159073611685,1.6241488108157327,27.283265390932357,2.592671491484314,76.36458110141244,2.5623189713601846,59.89408064985333,1.1070310247822448,39.496165943460355,6.483849075219581,-6.999455966332827,359.99987282527354,61.20215060813447,1.6396442438007028,-77.78947375378814,14.466184112467856,0.0003619856093193,0.0152768507416579,12.621371062698364,1.5221521612161908,-102.61883718191189,6.064133773907599,-103.7513812000323,0.71892118931693,-5.717062286212249,0.6946473617155,4.448167511221409,0.5792048208632226,-22.6571379952958,0.9213510738406718,4.538655144022326,0.8467811132592518,-6.320015184589987,0.8829522932100042,3.1402753706757833,1.7744120907072929,36.0424921203472,1.3269195455040048,-42.76477351381136,1.38045560037974,-18.84880623772117,1.9493680165203104,39.50479941668578,1.2703324572027697,47.34866928110705,1.131757080669047,32.384792192891844,4.799340053507567,-64.33788833587155,1.3525664009035054,35.93916395066391,3.844961373906976,-29.77162923380305,4.740768239821552,-62.66835779329954,1.7114066806868635,-33.10477806089897,4.293040762183509,-8.610116080882374,1.9979367043959624,31.543418123393835,1.154973718715464,16.85910135946522,2.6852183530191667,3.8847395463510304,2.461185273271054,24.993107840608836,1.5575213361246192,-16.926626583222294,1.5834423489729907,-35.44346821953906,6.984784425455587,71.90368946102045,2.59679488450503,-10.218424674659738,6.1082299437981336,28.29200901170122,1.348584672841131,-34.59771717085258,2.244567323754559,-39.59079863487208,2.489293960420035,-0.0020745192274212,0.0260405497313598,13.53023656631976,3.7600074106514505,143.74955058633736,9.09485873107107,6.6668447792449195,359.99998921615645,65.94396546921034,1.5295373794589864,64.802646790894,23.17931899354764,-82.44284322106176,1.327150219935632,-5.874052807394071,1.5635907417649442,0.4740881618670746,0.4630320757698908,14.900523188686783,3.0521555117110015,4.197436103324697,0.999703837357058,1.4998163390869967,0.6315256786618353,13.975755796232676,104.7145861111111,11.922352777777771,1248.4442365956552,0.4929338194444444,0.5514248518518519,r_hand,6.123620568134983,4.1,3.9166666666666665,4.138888888888889,0.4167143190401524,4.8163428748723245,65.04011559696342,7.405188060731535,4.826089093606973
ID013,ZEN,1,True,180.0,1620,8.994444444444444,F,45,160.0,61.7,24.1,1,Branca,Shotokan,,,2,2,Right,Right,Left,0.4054292330484597,0.521715788921388,0.7541970816297793,0.3603310083743205,0.2928099244260407,0.1051512753241334,0.1113528449748545,0.0950596291361386,1.977089699395914,0.389569576422363,0.5480940369947991,0.7503356056069688,0.7779359903869687,0.6721604226920808,0.1426113682628904,0.2576354007476039,0.200354914868901,3.6858299795248537,-3.7354188640342505,1.1598293698223756,-5.199393567682786,1.1565326024212483,-8.408521374795086,0.8338560350219479,11.07733610494452,2.4263907367995436,43.37634785585973,1.1478599067356967,14.071573123278228,2.1720216810099107,-13.18881344070437,2.3678351993526885,-19.344296647049063,1.0255831596386962,-4.853777983074791,1.009516567966369,4.939077586226743,2.223256673811221,-37.79177242642404,0.689093778156213,-3.807760411348752,1.8522989694650107,-3.966320287163541,1.9938938203593235,25.502813645552425,0.9569297641094928,15.8927839700093,1.5996523673026992,6.140506593723609,2.093372640533069,-0.6584127610133935,1.209331534721038,-3.85265556991918,1.6338311355231965,-23.09716490300763,8.608159938822961,-38.621574289976856,1.7256812110045416,16.908756019366933,9.425407498244049,45.85671438895313,3.2841660543150013,62.53726547772383,1.284866774772489,33.39958032622258,2.996263772378029,14.99899185330364,359.9999467818062,54.59348879710854,1.1040494193393044,-75.88773800707467,18.876487635948187,0.0009611025727346,0.01545523296921,30.646785537122373,2.891323355627172,-104.81756293807096,6.848391184516743,-29.534608922359592,0.8173692354446338,-6.136624882754596,1.1681153088407958,-3.145170836924184,0.9510799114496412,0.5418843022687705,0.7128422470282922,8.458423636332864,1.3016127782832143,3.92529832322281,0.7505010607794493,-12.491044502690936,1.2699714859121602,-9.434222094008057,1.194022262427735,-7.067533949142994,1.4283079535368906,-4.629018002551874,2.6157848610772305,48.23945883174574,0.9943772156445264,4.623562659513539,3.6280837198309186,-16.62026318419125,3.735827661301469,-16.47082869410218,1.1959752104945434,-4.018966341500416,1.400582147831198,8.455388942364882,2.2625066673093803,-37.680733417611634,0.7876737546228512,4.042396037129462,2.5336690877568326,-13.328005314474206,4.269061971366025,25.36924819709123,1.851734026548506,17.052051167380533,1.901343275438819,0.6693628272759446,2.7878750280524836,-1.64362687722074,2.2423141879810387,-4.514916280667749,1.7333488646366488,-86.45217501198873,4.330905357059365,76.99040093885321,1.712625398154728,-56.28856832287529,7.294498930566377,1.1822112479413052,1.734119952770259,-29.227949125319043,1.2683294396200786,-1.332357785378208,2.43311704837196,-0.0008027558642188,0.0250707765029943,12.729504474929064,1.5901973645750689,142.37680287001956,10.727568330964004,7.998571356223621,359.9999653737881,61.14960917559248,1.3302967966374126,78.4279038835946,27.855403098868692,-5.2212915719563435,2.3353510781884537,-8.996577478428039,1.2383190151861374,0.934419786867154,1.9212781923893285,24.698629741383936,1.032886006302114,6.599495117438005,1.1699384201219107,-3.790922986014023,2.018575646264434,11.726742409521346,28.3345,73.69160555555554,2088.0147976138887,0.400248949074074,0.510727787037037,r_hand,4.855732576178408,4.183333333333334,3.994444444444445,4.305555555555555,0.471373176018612,8.156307803179253,17.7090625,46.057253472222214,3.838793662350208
ID013,ZEN,2,True,180.0,1620,8.994444444444444,F,45,160.0,61.7,24.1,1,Branca,Shotokan,,,2,2,Right,Right,Left,0.4124452930379216,0.5119466867007794,0.7433500940787702,0.6804560464726328,0.1001717910161126,0.0924104119992996,0.1633668651746915,0.0238962955906034,2.1905513149230673,0.3941031093162024,0.5362049750264808,0.7425478846666794,1.2458026187374738,0.7129132013762085,0.1667878444399306,0.4613819240771087,0.2436160558655853,3.822865537278407,-3.964816537657072,1.0977371000540843,-6.706894840390468,1.001548569894272,-12.178036633964751,0.9008976498898952,8.65223114003202,2.616610421745059,44.420405094072926,1.0255876429497306,13.533227354482678,2.207937529182635,-12.942593652964462,1.8293916794275908,-17.632329758033244,0.6766107299713084,-4.7336598686135085,0.7178453947127732,5.694275297928392,3.0192327859641006,-45.11228197333093,0.6119193805779801,-2.225263863138971,2.3173513692141983,-5.4098228066296015,2.150767399435387,24.195022514989446,0.9734570256631052,17.416527904867554,1.172777809160003,6.038901298467628,2.06873812099028,5.303855047890287,1.0251859340722893,-6.028891883786775,1.3294428182847682,-17.61845637375249,1.4320446425599052,-37.1503717027324,1.0594413830609852,14.36061266049978,1.894514856224415,15.779033217880825,1.9843450019605344,47.75728992098783,0.8858048684983402,14.669389668337288,1.2959951798637557,45.998927962458986,359.99992930345024,57.518072751784274,1.4715990524476226,-74.83370440568312,10.294724437492649,-0.000420074137086,0.0249746729019872,70.0410510886438,1.0245364330905886,-103.80403468743226,6.420017324192727,-30.937382927560066,0.6756182380449722,-6.534265590521602,0.7813615338679369,-1.788032815637913,0.642929907995605,3.2534229034321074,0.5240196701909605,10.674792353748266,0.7609049088137336,4.137218143726446,0.7825039841538581,-12.395533235192111,1.582082701599283,-9.358258200407205,1.481312698508642,-9.454770846753798,1.300405738715286,-7.423999143427254,2.7543315973911255,51.07733917136163,1.558261371076128,6.07024306490449,2.8459102784653094,-16.659950240228074,2.3853340660526516,-16.704301048144853,1.3020910184537122,-4.3963230049694255,1.159335243404723,9.596443814172323,3.3463798585960056,-44.10983962569429,1.502928253433943,5.546010589964916,3.123891767350738,-12.758110500392638,2.6046988414022394,25.66290047524212,1.8865351047058567,17.245730845514604,1.3203006520755558,-0.337785546832559,2.433444163004406,2.7689212467467645,2.005905360636982,-6.809641668035974,1.158243421598895,-94.85743106261135,10.68343087134049,76.34156178464616,2.4230695491291527,-56.49259575146498,14.525490436823643,3.2060335520154615,1.8207212902817176,-29.39605746152604,1.4494745796029314,-1.825636458922029,2.3836266964894124,0.0003046275872559,0.0105400745641832,14.41486652482284,1.8816304913376136,134.11892393013392,5.321982268701362,2.6666964423244823,359.9999774776785,65.4226292160302,1.6294304529503734,86.15243547420042,6.411110558205877,-6.599234540630169,1.8264159084833853,-9.884506951244784,1.2544840985561478,1.1980557322767542,0.888132292566448,25.006971101767206,1.206045619201067,7.510382963244532,1.3468588575847766,-2.943417628555972,1.0369130045531003,11.329326407218728,29.108061111111112,74.56286388888888,2170.3803986972375,0.4095596018518518,0.4833186111111111,r_hand,5.739603648511605,3.994444444444445,3.8222222222222224,4.1,0.46459380879923134,8.478048432411084,18.192538194444445,46.601789930555555,4.537555098977292
ID013,ZEN,3,True,180.0,1620,8.994444444444444,F,45,160.0,61.7,24.1,1,Branca,Shotokan,,,2,2,Right,Right,Left,0.4017827472061959,0.5179025861270018,0.7376570826970672,0.3443821069926689,0.4012405589941203,0.2200024575880421,0.0866021439306441,0.084839712072153,2.2243751769712077,0.3964945406520914,0.5314591293898817,0.7357986337339519,0.7673319607922391,0.4925389526052925,0.1825911820857784,0.2424728351138304,0.0999325786121001,3.4806478017385643,-2.0030214983912136,1.127075040131433,-3.9530372710603343,0.8012649152098632,-13.672447800597247,1.170513681285252,8.641210067604321,1.491743472883449,45.65259304659979,1.2288389769224466,13.349752569020955,1.9858742472681676,-12.811749476094764,2.584804354319047,-22.64518967717772,0.9093862614549622,-5.505438357387239,1.128782035728678,5.738583601187271,3.780063607973226,-48.28198748834671,1.1656640409391985,-1.8738262283454723,3.2329988081519243,-5.522256218631176,2.0161723161764415,26.970339332825116,0.9734851921697044,17.505286249784234,1.6507611071385178,4.960961133115822,2.2715429277362027,8.174908124328775,1.0931733739679892,-5.747984808761851,1.36798744913051,-21.61818291934697,1.8725972238076591,-36.82265555359639,1.2513781375962765,18.67249738918842,2.54914601348246,27.364612445898945,1.6199148779756491,51.95154939826516,0.9803363689689916,24.05830578116875,1.2236051260752916,11.999431354566646,359.9998451655271,55.629643388752456,0.7400485144436431,-79.3340801263706,14.50703824479622,-0.0005257573423395,0.0236325940807294,62.48116486149688,1.253846234035251,-99.55048260699374,7.437188939784775,-31.555324325275155,0.9514866061229732,-6.5389138219125975,1.224883722333785,-0.795665028756863,0.8653688817757477,0.5814320318222386,0.7811877247202413,9.41807369999986,1.173301628109515,2.06831812215637,0.6930113752310898,-12.219327539284684,1.6195425477788543,-7.042333147982753,0.8944530771661796,-9.29947262409426,1.1504995301312153,-9.640270191293512,2.294378125961508,51.40653251393954,0.6700692882498558,8.986474217642078,2.0076607152984263,-16.728335039742124,2.453399247060373,-23.954557329933927,1.07621129806002,-4.989742187788053,1.160729011425249,9.43869595020062,3.0940314198399657,-47.707234943457735,1.294325274245331,6.314570575059859,2.596231571550133,-16.373861594158637,2.7268386400678377,28.2931990261468,1.5414136161935872,17.67549715513449,1.8154751323882792,0.0729785342997948,2.3696859716553895,5.010949470339875,2.677314429967599,-6.682346701085736,1.7294293529819855,-92.14972261510977,8.75441954646594,78.45501606957541,1.144949897367681,-59.74593584261134,10.610818647497284,1.1804780073062493,2.8453013254360147,-31.76265070023812,1.6658457087834648,0.2912372638751552,3.9351566988822113,-0.0002920628530415,0.0222840467439475,12.30669645832309,1.2475314931725912,140.05493696888567,9.888188298590933,33.99965910669426,359.99999972852765,60.03300864399779,1.4260579153692063,87.33876000607232,8.789339841141114,-7.1309336790084,1.4307252356801206,-8.39473112379591,0.7246622242396832,1.1057357800270635,0.867085013368903,25.64636762445626,0.8423621365219844,6.579657881875188,0.8666008712043585,-3.5165556786417085,1.2274471520078194,11.292081582990397,30.205066666666667,74.14143888888889,2239.4471044014817,0.4034909907407407,0.4873071388888887,r_hand,5.7191597199690865,4.283333333333333,4.111111111111111,4.388888888888889,0.461035676685667,8.747840251568288,18.87816666666667,46.338399305555555,4.5213927543482715
ID013,ZEN,4,True,180.0,1620,8.994444444444444,F,45,160.0,61.7,24.1,1,Branca,Shotokan,,,2,2,Right,Right,Left,0.4092924600465489,0.5729466258313229,0.74593666831068,0.1962296522288742,0.2869014993665431,0.1610632730645211,0.0487769651615179,0.0720275548233283,1.8142696334161843,0.4024205124274564,0.5867018926802275,0.7427994622660457,1.80825340560522,0.3955898559224846,0.2588675605343371,0.5566985645210899,0.0926624203806634,4.019686782215215,-1.7297793863584363,1.065858774504826,-3.708545809629793,0.8080528741580193,-13.910617573511868,0.7622301735667616,11.333741875805986,1.6590694630318392,43.867202222416616,0.6324283172056653,10.998446016704357,1.6269342011905987,-11.634175998272616,2.2277954736058447,-18.268838223881215,1.152416814568415,-4.3101196302390985,0.799418467971496,7.345155805120394,2.4493736499935013,-50.07228094265368,0.7834565498313708,-0.944706840346214,2.066736873189501,-1.873848527578444,2.1122362479186245,23.752677108127365,0.9045062767501016,17.450936177222296,1.1478845859115945,6.285732867518436,1.7123504130267682,10.935067139624094,0.8309251487620788,-6.1805815768879775,1.0647253185489411,-22.384731232365137,1.6069190728883989,-38.20651824894161,1.592260812561669,17.88059122099566,2.2238599283327147,26.316786968022654,1.51228360644987,49.570891211853024,1.4994452131691958,22.782305658141333,1.1775870523657908,-7.000063464900489,359.99996274145303,55.629012984785994,0.9902443640065854,-75.69803175498606,8.33854997325301,-0.0010634914945672,0.0332187761767884,69.80233564219115,1.5109633272383576,-104.18444556940496,6.931788873284418,-32.49201225644779,1.0547523853808016,-7.866306365731256,0.5690790432186867,-1.1136158801297855,0.7036682854042859,1.665837520117643,0.9357029925113252,9.788802354240287,1.0430760348706585,2.514337459031778,0.85966409187066,-12.33203872923285,1.2681596799853576,-7.845653997953187,1.2722070556036371,-9.3550148493542,1.8023444670924196,-9.054333227073943,2.3635202462659928,49.48818337826064,1.005699238973854,5.868460201750413,2.3061966456826255,-14.720675560596773,3.2512269724909686,-18.992698216489313,1.871501263975176,-4.148076005990632,1.8122325005706144,11.827491030678642,2.7406124059778225,-48.41472404050865,1.1824385852274446,8.579903689888626,2.4264163506953595,-11.976277426007975,4.042336297102928,25.65871179063429,1.8347402967559567,16.68771592517477,2.329663355492139,0.9547320536883755,2.005563811049469,7.377466097432578,1.4956119877260212,-6.87606421099997,1.430768507584948,-82.11466793331606,7.267648663530792,78.6861006898602,1.31599898828388,-49.41258970748655,10.79826517393206,1.26742649684902,3.775092576992443,-33.86447048962172,1.797190576352783,-0.8619843338208933,4.620827145425083,-0.0003021205056206,0.0275531057563608,12.386192280196164,1.6612503705980457,140.58435230590777,18.625190841106672,5.999615615761069,359.99999944555054,58.40505116597277,1.654151895507411,85.59094665263878,14.304833137791078,-4.914595157281812,1.3361802826808988,-9.57992832958482,0.8459339484709059,1.6274703655369849,1.2552625445394645,23.252170558481893,1.1395217194284335,7.268304359624535,1.1706596219018728,-3.160426315803702,1.0414489293959497,10.961517440764135,30.72538333333334,68.14269999999999,2093.7105788683334,0.4116346111111111,0.5216391574074074,r_hand,6.106890828083599,4.038888888888889,3.8722222222222222,4.144444444444445,0.46621041769417493,8.178556948704427,19.20336458333334,42.589187499999994,4.8279211096839845
ID013,ZEN,5,True,180.0,1620,8.994444444444444,F,45,160.0,61.7,24.1,1,Branca,Shotokan,,,2,2,Right,Right,Left,0.4091276659515728,0.5212575578721794,0.7457802979890832,0.4493344553498424,0.6035267854808013,0.5554772944049158,0.1241496679797716,0.1758110725380741,2.4497869701727657,0.3968835089623034,0.5266484056197841,0.7437474770112152,0.7248712147289671,0.4843218378479119,0.2391865855152719,0.1940251310662669,0.1288483172011811,3.6342544752708767,-1.533894875976784,1.4418749600290708,-5.73837299737732,1.471266998474143,-11.135741037195611,1.0282410394602426,9.148712375651868,2.109825356712376,42.733698954674765,1.4858717637074577,13.302802139005742,1.9569562352224867,-12.037662241050064,1.8306374337498816,-19.64134045613704,1.6454554155014982,-5.6752988463446155,1.1310286433801204,6.589629341258964,2.873206313099266,-44.890278937630086,3.2084560792960204,-1.3468159294794655,2.0415477228168224,-4.237956816403937,2.5940432425818303,26.344306884301943,1.5675759866343526,16.535671924124646,1.2690299563833598,5.38699187860217,1.942442632608098,5.752828286757885,1.9905740200545,-5.874436093216305,1.1531032183722916,-20.577074010828404,1.4556986685542164,-37.116645680621914,1.2695454528887993,17.463919376363954,2.385380911096668,24.323820122418116,3.0305833562788003,51.532386707574965,2.134042071160202,21.605251491879315,1.7366484779284832,45.99885648291222,359.9999499772323,56.88278817381132,1.191034216205196,-83.259386464126,11.479926804032274,0.0003110713050614,0.0167396924802682,64.34029617718903,1.5990831895893507,-105.22102168138994,7.655834219727993,-32.94990828440781,1.1236430046172003,-6.098434775736482,1.1366622247294955,-1.4937953068898298,0.9139571542442066,2.523052154969966,1.3199614384882374,8.790696561933599,1.3382667623512798,2.383910382614507,0.9744421423777148,-10.698147474227426,1.4496365151280646,-8.400802751823171,1.208244061973124,-8.248675674360591,0.8260943160191347,-9.532310992494653,2.419272435129603,47.96133937732272,1.434249966597427,5.752537122992498,1.6290225634815725,-14.977376031731232,2.913186189540877,-21.670318964193054,1.636319910181392,-5.40260633228424,1.614638352384009,10.75029456539483,2.7370794508980474,-41.70588513326809,1.3975254356282676,7.982108809681899,2.3300035660722296,-10.492436779241348,3.3566320373717975,30.193190338561365,1.350722872146232,16.25570701806621,1.5915476364473091,-1.738678788861126,3.2064355827425506,2.251746958608724,2.128610062931951,-6.898611708231026,1.3670017034450543,-94.20965134227558,5.951615760909277,78.4341867482021,2.3961253188177523,-61.108951338565625,8.273264777048041,2.4292596623501197,2.4464121501896328,-32.196330902135905,1.76227480442963,-1.9929881141166057,3.84153795200966,0.0001653657763443,0.0169863140189519,12.635068822219036,1.8177070432169875,138.3831833923564,12.592874463426597,-1.9999655102408145,359.9999989173897,59.331097666623926,1.153501640511223,88.76274729575199,9.538054935413768,-5.901709202355333,1.7310678407940392,-7.709536364684217,0.919676918524356,1.4920013499470532,0.8724340622153306,24.17924653340601,2.047182061994569,5.778500283030447,1.3220686056209343,-2.6751269108118767,1.1342330386791877,11.215921117221946,27.451827777777783,72.29865000000001,1984.730088365834,0.4040221944444444,0.491286199074074,r_hand,5.9937980356156695,4.194444444444445,4.027777777777778,4.305555555555555,0.466112686243177,7.75285190767904,17.157392361111114,45.186656250000006,4.738513406897137
ID013,KOK,1,True,180.0,1620,8.994444444444444,F,45,160.0,61.7,24.1,1,Branca,Shotokan,,,2,2,Right,Right,Left,0.4437385248947341,0.3955040624135748,0.7420862096432906,0.6592547199063492,0.2254468780423735,0.1906073523719853,0.1954811693568531,0.0565965479984848,2.3660927216522474,0.4156528679464938,0.5087342625557629,0.7545640824674511,1.1242690262139865,0.43666473872076,0.143710062254132,0.2875221802897608,0.0978123654413919,3.936175330500992,-2.4954976039128103,1.435206250104824,11.625010754159396,1.0592209106496409,0.5783807180042885,0.9227815011873944,4.077798440380984,1.4039943105505035,27.183125629516553,1.426023945826568,26.66872707629091,1.2493115824513552,-17.51721799723911,2.333220363934636,-44.24417470397704,1.252510562369871,-9.128713173487643,2.103999892991455,12.724878325792522,1.968312827019762,-5.772957998410711,0.8708710900507963,2.0101903633234706,0.5838125727197421,-2.220345307733978,2.616159656510031,30.811592119577355,1.33805160416048,9.793681558132349,3.6966494638268657,8.037734532030608,2.0850926838584627,-24.33555077716322,1.7548998042309982,-7.106225675891416,1.9705939964932335,-23.316208035530984,1.1050621124476585,-38.25240991423247,2.005007751361738,16.880294639954908,1.8412435636216529,47.69033914780477,1.593975356379488,44.460681181299705,1.451455379796819,41.3363004635734,2.1364496872228074,-28.99955434930812,359.9999754602816,52.41472117649636,1.0445275580336857,-80.30557416308172,17.897668294112236,4.364507911081558e-05,0.0176668412081971,43.44629147109407,1.8112056748224037,-96.71589313780484,7.434776126364611,-38.659778714320616,1.1171355546552135,-0.1633376207124859,0.7825999865632665,-5.854356792667856,0.8007889805760451,-2.5817963373202533,0.9279807640739032,4.741833402231373,1.1705802519206747,7.608146330345014,0.7814259061182902,-14.133848615952662,1.4071862329419602,0.3152435935035274,0.9145215139297204,-5.025657232977056,1.1830602549253575,-8.28983707467292,2.3430090742442493,43.68428877604214,1.0466217627568142,10.23366225304166,1.6532352744828565,-18.44896037579804,2.8330824678793896,-29.49750165146943,0.9954624585416348,-3.83795884303724,1.9860499079850475,12.233752630543046,2.7792669457953085,-23.4304352170506,1.419093589442216,3.2472770045163863,1.193334808302685,-14.679713354579365,2.722022302943179,26.547994918762168,1.1715357472899406,11.859858609123792,1.9024442690964651,-4.547000706405018,2.749771443356817,-13.394219796024084,0.916746312995258,-5.595905097913279,1.3313780742154655,-86.69114384084008,9.326686445775934,79.76355913223193,2.2121029597373507,-54.039837381808766,10.117252862318727,3.965131385020589,1.9759391871202217,-30.927552348805573,1.675281432709454,1.8576056527545537,2.925938792629131,-0.0010472201175848,0.0212350257099722,11.307383537248256,2.1496858795883576,136.23320994822143,13.250859875711283,5.332960432297749,359.99999745317695,60.90439317650307,1.23137483553829,72.99931256618437,16.320189948211095,-4.3990289387999235,1.7150978432814048,-7.480541616649077,0.678655041457203,-0.2596104847672889,1.1970501927953618,20.66252502298555,1.536685979537122,4.733696161131776,0.7092559020519351,-4.545037679405241,1.4519177977911268,13.030610787543711,30.624138888888886,71.3578,2185.271178005555,0.4093026574074074,0.5295668148148148,r_hand,5.483997339113399,4.488888888888889,4.261111111111111,4.611111111111111,0.4638038810270566,8.5362155390842,19.140086805555555,44.598625,4.335480568475284
ID013,KOK,2,True,180.0,1620,8.994444444444444,F,45,160.0,61.7,24.1,1,Branca,Shotokan,,,2,2,Right,Right,Left,0.430981187659039,0.4059113456040352,0.7457499008120212,0.1964815302471556,0.1332256048113822,0.1175417113117416,0.0587767230124474,0.0292446394026166,1.9252625532012,0.4040877567310952,0.5013877886490229,0.7479878560359294,1.1312852071834412,0.30258404373672,0.2265589984111748,0.3440806134840503,0.0786373746722867,4.132366528138033,-2.94001393653461,1.44995561681356,13.925408980332348,1.1027100781992392,-4.763408008563666,0.969107280187936,5.725790205526534,1.5831232455023256,34.169512542851436,0.9804212030439884,23.400702372693857,1.3611869109645092,-14.739891518728326,2.5493024137764397,-45.461966228944824,0.7010267283854006,-4.454967182522756,2.54807451726516,9.43576561505154,2.6082885038717887,-16.625949662393488,0.670666778372869,-0.7224573050088194,0.9521858413109994,-2.548378431151324,3.1241845791207643,31.3419346759744,1.8930667458738848,10.206654938029262,2.6789256830129418,7.582655841777176,2.2428021898570156,-16.287771719985834,1.7482325901853049,-5.298333403774313,1.632501611529407,-19.376080395530536,2.0977158772359665,-38.132716414285376,2.240051190462069,14.259197755089808,2.9039383115031967,49.5714271224173,1.9091035387304771,57.04422625300314,1.0353579347723991,41.24581060734068,2.244996967725534,8.999756576509444,359.99997293644117,54.687419702118554,1.2696862977333223,-75.13881152357364,13.375582288652735,0.0002048466561692,0.0071486167088856,27.503111026070187,2.1425142325075655,-109.16372803134192,4.550539003058475,-36.4473680203931,0.7870086777665364,-2.677010847883641,0.706746880216806,-3.9925968729516614,0.7013124432389817,0.342460696372207,0.7398696788652238,6.8089239105736095,1.1820796269328646,6.9588099339488645,0.7307509209360017,-15.03201021795468,1.482334337833061,2.618072589275615,0.9486885163834792,-8.169202887451183,1.0478900887131095,-7.880496382968653,2.68964377962954,46.70227858993897,1.2170658336044011,9.893786631338106,2.205541114164358,-17.25622656935005,2.9152240030250027,-35.111365920315315,1.81611240216386,-2.065790846041437,1.526017387608705,9.53483013505207,3.1217041189766075,-33.42688020889255,1.2627384598361502,4.53227412567826,1.9460562062803208,-15.24611187718218,3.1681091076616,28.263491340284904,2.1110734218533445,13.434073132870326,2.0466212616392383,-1.6053509143503952,2.616993876667016,-7.191309560663383,1.8937867083741995,-5.595459560501528,1.808850371119051,-79.00319841344843,8.994527525234886,77.34373161891098,1.5043545189850818,-43.79236064982276,8.342800058787745,2.4252958916141916,2.200644581935941,-30.448163353723263,1.1050838017158355,-0.8692813438569466,3.120390062888335,4.320851945987923e-05,0.0159454102704302,13.70996508450808,1.6829355075830552,135.8040611497769,9.001846898510706,6.666200041932051,359.99999810207163,66.2998902711397,1.0853068590099042,85.46343629932605,11.61495653139211,-6.15356440673662,1.2008378046338262,-7.052798334311306,1.099655519591498,-0.8258745291315448,1.1722811167821572,23.515217962114175,0.962530039194288,7.004776062897085,1.2032217791541084,-0.2360364391493145,1.0494749967521442,13.501629169285517,31.322244444444447,69.69230833333333,2182.9195175142595,0.4043273333333333,0.5111818240740741,r_hand,5.69387368626323,4.022222222222222,3.844444444444445,4.133333333333334,0.4660936880075132,8.527029365290076,19.57640277777778,43.55769270833333,4.501402389472698
ID013,KOK,3,True,180.0,1620,8.994444444444444,F,45,160.0,61.7,24.1,1,Branca,Shotokan,,,2,2,Right,Right,Left,0.4425169700862085,0.4107279089122753,0.7428425347607357,0.6529427616503269,0.5863012390012745,0.4696180797599592,0.1829220303588148,0.1743066131878405,2.4560468366020607,0.4051446577311491,0.505704782443228,0.7466330292999689,1.0784579813916506,0.2587270206919734,0.204739867731829,0.398550024525897,0.0450171169129506,3.658444140965761,-1.2097511721236789,1.9760554417675744,7.148471581695324,1.432627081791277,-4.339388128740626,1.017745997187529,5.2670608802165955,2.273633631785853,37.219210679808654,1.7518946747923323,23.814573269379515,1.5855517768121956,-15.053170509854342,2.5146815814450747,-43.53374725837626,1.3140423870218925,-8.6037566530637,2.0908471802432107,7.683537463064514,2.4127784743486664,-35.35781437029131,1.2790188990078235,-0.4755345160652387,2.084250668538808,-4.7151971861603466,2.855526988588156,32.8786258093693,1.5556154406864806,14.11231963513458,2.8868672460578413,7.637810319380668,2.5912311175866254,-5.174023455766008,2.1084839846671635,-6.001536198913868,2.040277138163737,-19.58759679692611,1.5111937221068636,-32.26114136166585,2.9939361875884813,15.446177714009892,2.5692476175789185,53.67930651094366,19.684691405328262,58.12536582331673,8.005344359324944,43.539895098274656,20.978136146592576,6.000031932646437,359.9999587220009,53.04188197877949,2.0932744475546485,-68.59954986336587,13.850436567333354,0.0002072102883967,0.0209444154609831,29.37588864856599,25.924434399032613,-92.55219753802176,17.852321430289322,-37.51615155529399,1.8484211736371703,0.6433940898564227,1.3433223278823505,-3.7540398944372018,0.7208843686401036,1.328500472356327,0.9615726525347104,3.979899952262683,1.37458705727441,7.653920278295053,1.5836350912136457,-12.126778371445145,1.562733924593907,-3.308363293451853,1.1898316117070449,-6.930058303649119,0.8779071856142631,-7.563693832423458,2.1030668026051593,48.18579679614283,0.718403516583173,7.631500558649453,1.9030394636062873,-17.1912884713313,2.416867100186,-28.380565721328008,1.2016723307998838,-5.246788937553714,1.3877261327087955,9.251232981941518,3.2868013149334665,-42.89948075601774,1.194315141370609,5.373300033858967,2.9217543865572853,-16.00001815468458,2.6165933951069533,27.635417103538913,1.8317970579440015,15.240906987847056,1.6408126662426792,-2.4577019137143292,2.254246375611167,1.342832198263794,1.0946636587342842,-5.83604515842582,1.4784383762615665,-91.81607395089658,8.940164600139866,79.45481636291343,2.387941365993214,-55.96629301788553,11.8235930279955,1.873347733768872,1.9551896904109312,-30.93944779333059,1.410132346707627,0.2198716834972354,3.143443563978225,0.0002623193837117,0.0149259847244819,13.45305542879647,2.079210338081033,134.07844440858452,11.108819086495316,54.66577466162282,359.9999908961837,59.60660795795851,1.368920672746036,88.21605435404346,8.135833439463795,-6.2021367805967,1.098118646492008,-6.955423683303622,0.6528795244134633,-0.0595867455217757,0.9778732119782616,22.85066634246749,1.584971802292667,6.514045037904861,1.6901414937525605,-2.436136358165316,0.9035984330190971,12.436050531717823,28.70248611111111,69.41951666666668,1992.5127129650464,0.4137426944444444,0.4828800138888889,r_hand,6.417700118106682,4.05,3.8777777777777778,4.161111111111111,0.4642765842254598,7.783252785019712,17.939053819444446,43.38719791666668,5.073637428287182
ID013,KOK,4,True,180.0,1620,8.994444444444444,F,45,160.0,61.7,24.1,1,Branca,Shotokan,,,2,2,Right,Right,Left,0.4462542764763474,0.4274690862941232,0.7380016037736524,0.2671304362392379,0.2273175559999785,0.1417492605191639,0.0618230634748877,0.0589050639893906,2.2083382124155384,0.4200701042277573,0.5052372993247358,0.7434241330609075,0.6341439527668913,0.8840775262973943,0.2287923125410595,0.2177257026682603,0.279322581898385,3.5623289577313964,-1.755137756036956,1.0239991138695304,18.14222947608075,1.2028332259619958,-6.7393145134041195,0.897314980752717,10.249252846968352,1.6453432463270978,40.49609321624041,1.1114035013628225,19.078813959813377,1.3720757282265374,-16.279474753620324,2.745081196623623,-50.09771821813245,0.9422607097704868,-5.701692017698158,2.744632735539452,7.096432332134427,2.6563046289318057,-29.13987878822476,0.7341169207187832,-1.285005195194574,1.2295320391408342,-1.3319894722892316,2.9862403300507867,30.567012297136348,1.5636961357075665,7.26693435024358,2.638503429018485,5.0580815625767555,2.3321590318953676,-10.36519474939275,1.517027037467514,-6.029264573993755,1.7885055082302015,-17.79075178203672,1.3325386293825758,-36.190868937562314,1.874126526505847,14.823946682804213,2.679637967924574,30.62593294738065,1.8214722338488336,45.63847085716469,0.824960471186678,26.066713140949247,1.9446828382181565,2.000051460929279,359.99998910946897,55.8078690620585,0.9377046934102822,-79.90004748945269,8.463115496445766,-0.0001149104888817,0.0275462733894523,66.06433914722219,1.188044779058174,-106.40802671665364,9.964485330828865,-35.77729442647572,1.0944251174454038,-4.348260045595018,0.6771354290392733,-0.9837713706510112,0.5852244662879164,0.6164772792293437,0.6803576612129236,8.281533648704045,0.7783883670848022,4.045473195194147,0.6887965839734673,-14.646273382025496,1.1405587917548932,6.541590223454515,1.272086333568765,-6.947080778491664,1.0991033246715238,-9.983351504156785,2.3532851323193817,46.76333158295858,0.8017966397117888,10.004322623944828,2.8502935374249905,-19.09559688299758,2.8832668992042088,-41.444895343323296,1.9723146502586248,-3.992700157541699,2.45205421615563,9.996327220246709,2.745894481573833,-37.092406196290405,0.8454387431035357,7.662320187479303,1.72830794958593,-13.553229230926316,3.090874601059628,27.88373566371115,3.487389846017642,10.609246653574864,2.181852429397411,-0.9520218328106326,2.1520442789012137,-4.849391563267934,1.9559528274146376,-7.191305383233153,1.4076829987271395,-76.00254948629758,4.211961415452038,76.03190750300384,1.517803758196905,-48.20897817270525,6.98245991498429,0.7677799357384,2.091037947951564,-32.735066933404084,1.6310550441777991,0.1229939304683041,2.852439409791111,-0.0005695495723348,0.0238935876830579,12.711927952550614,1.2759508554969852,140.22470310410267,14.096353213612758,9.999563349125816,359.9999988536942,62.93253321344706,1.181085734152724,87.3550533321369,8.45160299406021,-5.451329603489387,0.8403607546057357,-6.224459444654577,0.8858685700453508,-0.5424602445561527,0.878970338162522,25.58271366716975,1.25254877345537,6.739391395036345,1.1046709936819212,-0.1985042340389397,0.829694056184145,13.740131020049148,30.748536111111108,65.6001527777778,2017.108666581906,0.4074248101851851,0.5236257777777777,r_hand,5.902934151766686,3.966666666666667,3.794444444444444,4.0777777777777775,0.4612510023585327,7.879330728835571,19.21783506944444,41.00009548611112,4.666679199394193
ID013,KOK,5,True,180.0,1620,8.994444444444444,F,45,160.0,61.7,24.1,1,Branca,Shotokan,,,2,2,Right,Right,Left,0.4256875930854981,0.4476308438587416,0.73132911646761,0.4215124961420347,0.3952772750392241,0.182427902447857,0.0979869813508557,0.0895475829355607,2.149908295127343,0.4056477194346391,0.5056997903690034,0.7356270969360029,1.3990597517982095,0.9071659036788304,0.1933130502656976,0.5324772464874405,0.2701262885481629,3.792791500702644,0.4696540380155148,1.124949078315609,9.106652104864942,1.2863033571748357,-9.329906518823863,0.8845704293905072,6.9634332498395475,1.9267664831411633,41.37957401602768,1.295326528219945,18.938204192388397,1.757301128122286,-16.857672433202932,3.122661046659857,-46.262086745994466,1.2167120531125235,-8.446190176374744,2.755405467448361,8.256310711633024,2.5969016612766627,-41.66822327944253,0.8124071967132949,-0.9036773678209488,1.6390567194864385,-4.700224662411027,1.6489632274700168,33.711438553006374,1.0870412660497737,12.877505876437706,2.33117104257758,4.04612051227094,2.102497631057141,-0.7151418613295063,1.8623391665647184,-5.68484359120775,1.478097588401373,-15.4242339667493,1.8857150672526153,-37.034374258527954,2.1230035801873868,12.685140027846163,2.7701264843733657,24.45108964001126,1.5020108401938472,46.45644983787179,1.1360163399096237,23.90883874839765,1.1424372306989383,-18.999857453075833,359.9999377251436,57.95137893347189,1.286638681848494,-82.69669841096642,11.233007125803596,0.0002159736958112,0.0253060397044795,61.55524032345465,1.0011509536105765,-103.5009258354454,8.58831709782227,-33.47025015237062,0.9894511798808808,-2.4039137567170834,0.9529753614831302,-0.4339069368919327,0.7241653123155936,1.2254774765634728,0.8146838233204807,8.544921366306214,1.220664734211092,4.697280541574675,0.8782649778905869,-12.9897654112985,1.7074754902752485,0.8491363964309362,1.1012047546160095,-7.724896482869734,1.08509091361545,-13.424927930064689,2.2775706065128727,48.162367998975206,0.9806922736559188,11.061234025102396,2.0403023220916197,-18.68938252988837,2.800596906387856,-38.33067084565687,1.9061688395323912,-5.730935610727878,1.9029504809847797,10.93499879872627,3.262152984243187,-44.88582209189195,1.129671859474854,8.121884205509955,2.8336058765174172,-16.10238669806715,2.828728015376889,31.506256522827655,1.1838498518411242,14.707356016970389,1.8641505731237429,-0.4823957661280227,2.3478499493211062,1.2860682759759032,1.8103007746562851,-6.8759088492241185,1.1682625755799323,-86.00261594839559,7.490339058163698,75.2395267751832,3.0005492326970113,-56.13712361502199,7.51191306706599,3.049631744377776,2.216366510857243,-34.77770116397261,1.5948649346864627,-2.229302064104748,3.0496567880024643,-0.0011638962188894,0.0239523120555701,12.073029039890518,2.127622913386789,145.89661295638032,13.139266263174337,6.666447146986497,359.99999927013346,59.863740300773344,1.0061992025502633,87.39062151170945,8.385735402883185,-5.07989868966437,0.950151126476248,-5.521162906680988,1.215339959310028,0.1153757945196179,1.260816657333264,26.136046175559017,1.8556170170335804,6.677775834633816,0.8760243332553133,-0.3983233620388178,1.2014771980960066,12.174397908367943,30.066580555555568,68.22922222222223,2051.419406187347,0.3961916712962963,0.4992313703703704,r_hand,6.25361611204507,3.844444444444445,3.672222222222222,3.95,0.45708069779225624,8.013357055419323,18.79161284722223,42.643263888888896,4.943917631597291
ID013,KIB,1,True,180.0,1620,8.994444444444444,F,45,160.0,61.7,24.1,1,Branca,Shotokan,,,2,2,Right,Right,Left,0.40274326198573,0.507162959307253,0.7145429146103491,0.1512720875174067,0.4758725096942362,0.4955709997769952,0.0335903350333234,0.1438091736269792,2.237290355590724,0.4078078267728858,0.5105654819032406,0.7118601952524507,0.4332779584494961,0.7635003542027452,0.4103217622601351,0.0959370510810916,0.2362309853274889,3.160730887921618,9.705460920845129,1.2909795082745497,32.97551153621733,1.6677554700142565,-27.160813601363134,1.0172558339014053,1.96853119974167,1.4511985777394647,28.921728263163267,1.888919106213308,25.91603032135376,1.2420384622355982,-2.3339050189473736,4.0308836400541415,-57.503505409315395,2.1849020105854393,2.7921611676084197,3.473609524232022,0.3497741327050473,4.626652566947078,-56.94611862788724,2.1089926040292895,-6.123603396445137,3.8156017616307567,-2.720654568035133,2.876203943986889,23.18539790360648,1.6468167854873457,13.250509406801909,1.42751172972614,8.709463438777107,2.316033043642558,25.02985025498788,1.9987055742485964,-16.066459410511555,1.9833610770483965,-12.365725285656014,2.3605851236702993,-36.79644884646755,1.3820361421454876,8.744362579581274,4.828612484557211,43.57353389077021,4.880545234844789,72.02615185188819,1.837045967187393,14.83277710165585,2.557000036536566,-5.999885109275501,359.999916365402,61.80748510151799,1.3898031639496509,-73.08081888716062,12.806215116674936,-0.0002089123699478,0.0130499700187923,18.86432818280574,0.9544256128249842,-113.54014289466738,9.037209048313684,-98.94420105091476,0.8171959225413872,-3.0405568520087747,0.7750989142056186,0.9289281239490385,0.4430804661542705,-9.552584710462025,0.8825922538459192,4.844704498340013,1.3583075184030244,0.7119309551700965,0.6386048793382912,-6.299497042618044,1.5882324518072268,25.835798318425404,2.0424688930396435,-25.625503851257967,1.9359788919525869,-15.329451303422186,2.395969231288227,34.35814872086995,1.747006504530738,26.847350067784102,2.50901977774037,-0.3983995768380781,5.033507135809375,-56.95925711847621,2.0728792945232613,9.821196609589649,4.379907756103602,4.527908073022611,4.2586111858917555,-58.71629135174009,1.21295995861675,4.212327732144888,3.677262418783993,-8.482183754106785,2.303563405931044,25.890517492613572,1.2305586612011543,12.57480167829118,1.7564237225191022,3.9105700111029615,2.6251118326163794,22.56918161931497,1.5130657885682943,-16.35067547835261,1.3226171328309615,-81.40217143534201,3.936267640994245,68.22657219241366,2.9948161925796057,-51.823045032874234,8.570755077686826,5.044364415779902,2.0869609647676572,-27.306901468580847,1.8513217135086355,-2.7187752341170044,3.726580683004123,-0.0002426121094819,0.0157023637979906,12.564915555825957,1.7286749246847537,144.791199750007,10.750637112919833,7.999373154875906,359.9999740958473,65.5747170512024,1.4506714880169511,78.05352455315787,13.591510306925995,-77.06794985462088,1.4707631254451885,-2.13342699950343,1.0379155051429068,-1.8762441407069552,1.154259628162578,14.150910288602848,1.1874113814800449,3.1876709429991,1.7385875459165805,1.0056091501605826,1.1424329186457975,13.506867526189788,77.57946666666669,11.837783333333329,918.3689175155556,0.4128906851851852,0.5187499027777778,r_hand,5.712322745865735,4.522222222222222,4.355555555555555,4.638888888888889,0.4465893216314682,3.5873785840451395,48.48716666666668,7.398614583333331,4.515987651730727
ID013,KIB,2,True,180.0,1620,8.994444444444444,F,45,160.0,61.7,24.1,1,Branca,Shotokan,,,2,2,Right,Right,Left,0.4140293805591511,0.5105464009685666,0.7258911535712838,0.2053253182580539,0.5140950892687568,0.0880836609717494,0.0465684577358997,0.1599219437631863,1.9107838745364945,0.4390838388452387,0.5086942773682142,0.7274012112614542,0.3812352744265279,0.9568416027324278,0.2884497200830838,0.0842373454133515,0.3298646789765909,3.4670632384197915,12.032561741309978,1.497927896781695,27.76670734822923,1.0402933765905509,-25.77213428685199,0.7814820222915522,3.331229694366978,1.7812702790604322,26.8771091393762,0.8598668946981007,21.27426297218846,0.7696688793224169,-5.283779052447429,3.188154268349983,-49.316154675522014,1.1066174961177992,-0.4918995356043957,2.3135668719021156,4.651040348737526,3.801333530845155,-54.39332624050135,0.7888171910776265,-1.2788397149636823,3.3442994455231627,1.4042937386804113,2.7661909032214957,21.33946846986092,0.8722457077068846,13.71047241871064,1.1157196916585477,9.552634110637468,2.1856885873453606,24.528961621127923,0.6230719903329707,-14.38703353224577,1.0720641282029977,-16.57559082211668,1.4523885255793108,-38.89216301246295,1.9819492671068843,12.298824545527909,2.560357064615866,33.14980929463659,4.736391431681394,69.6879074279466,1.3977854657638744,8.445498170060626,3.5264314552234035,9.99998757773324,359.99994490739425,61.815135353359466,1.9795633934368553,-71.74565009617474,14.299043939115007,-4.4705532904703106e-05,0.0075960318396525,28.364110346473172,0.96103160823019,-97.63290764413073,4.898786318184506,-101.3682051755645,0.6569145661339633,-2.950788997345262,0.709290856690671,1.1422468375894728,0.3889663499793917,-8.65763998492556,0.9828617789156732,3.879288945051611,0.6254299064535456,1.4277999307569662,0.9171529628129356,-5.037056636319622,1.2026306041617252,20.11572778584276,1.2090586437095254,-23.31902080126849,1.2901655664900211,-14.568448065831806,1.3781450294797182,31.67942988141604,1.000032105272176,22.945612063024168,1.1633642502074937,-4.349745912644111,3.325877157618569,-49.68787196328224,1.6620156759880302,5.825400755120292,3.0676977933714573,8.050872795396993,3.665442995524947,-55.090325093724715,1.739131854536808,7.4662579581288115,2.998291977056753,-6.33722983499674,2.7295993584830036,24.679280977236346,1.4123233472109256,13.25178156501954,1.8879471784772104,3.822488960853445,2.207379967220904,22.30223262587534,1.3964705209913717,-15.648409683032824,1.5848021131473011,-87.65252364424715,3.0616627701479047,68.40227414260609,1.62900021012058,-61.12935109115316,4.379604032737149,6.524931320121535,1.4459601672663505,-30.037980537474297,1.4577498628222507,-4.642528590840581,2.2817009708265363,-0.0006303147274859,0.0215233527003373,12.149845807164905,1.1392851349900326,147.3457454877014,10.217025227989126,14.666340291944657,359.9999604841739,64.0778557315329,1.6042539651336156,79.40951049797478,13.429782206367705,-76.98404446350456,1.3104827464452455,-3.301344816286712,0.9663172758625174,-1.2685573446438017,0.9304737029562148,14.390291544247765,1.115117514491116,3.5117534769065237,0.8436797435970731,2.4371221688826408,1.093824152175312,13.30153548338085,74.59156111111113,13.370547222222225,997.329990215386,0.4235080648148148,0.5118783240740741,r_hand,6.083572434166321,4.1722222222222225,4.011111111111111,4.283333333333333,0.4536819709820523,3.8958202742788517,46.619725694444455,8.356592013888891,4.809486300645081
ID013,KIB,3,True,180.0,1620,8.994444444444444,F,45,160.0,61.7,24.1,1,Branca,Shotokan,,,2,2,Right,Right,Left,0.3911251705989537,0.501551999641308,0.7132780236360775,0.156217445831075,0.8560458551199801,0.1865878766140305,0.0336900643670207,0.2681239653692902,1.9568805796393565,0.3973646313011381,0.5009817100482813,0.7135318468675105,0.1941785490641279,0.5548478600246098,0.3320964052359154,0.0348092085361756,0.1266913551069196,2.9542315248092588,11.249100434811693,1.850898540730114,31.167462645396363,0.9219256596373704,-24.091782406892232,1.2009086829162785,3.2916221185910683,1.2263937012908557,26.655811325004706,0.903149251023656,22.366222057914705,0.8311950176501739,-5.656203574020748,3.8862099107626102,-58.598059578713,1.0304096159921343,-1.9731218020888557,3.2324658846920755,5.225924916698907,3.1435203775308915,-58.910349995996974,0.8191756664146936,-2.2807295156952523,2.6968406186058593,-0.1350803083754274,1.8740548526930003,23.672565458754516,1.0183418385170384,13.327899352177976,1.2194066187295096,10.564116378387478,1.4351759285877552,26.250630261536177,0.7965948451670606,-14.610575855030708,1.508137867958629,-16.293901349613893,1.9058444860913983,-38.195181090701986,1.2621758431324324,10.830728821670307,2.2185928338255696,30.708858816777543,2.6684858800388973,63.6794120638905,1.3496598247272615,13.511209515976413,1.790926933672374,14.999756613088785,359.99996559348574,56.782793104584904,1.398392464650584,-78.31637446896173,11.611999362200947,-0.0001259770783631,0.0080186850873049,48.681244985123584,1.7560086163740536,-97.64997732134856,5.007603264180233,-102.11571131976577,1.069740126815617,-0.9512260934263904,0.8898267959261956,1.5568613308766548,0.4968405185326672,-10.548002874445196,0.7315149773811029,1.5648249458951198,0.77055738224502,-0.0057934164544265,0.9415750694544504,-6.223064490898462,1.3189724308724706,23.292931406301825,1.2472613456541808,-21.8621762148133,1.5127337766529934,-15.915913926735026,1.8053059058976455,30.865429733698495,1.4659836157732258,24.318898472069435,1.257080369668131,-2.881138296448601,3.865462427793932,-58.17514816752511,1.3096321682631,6.635408152334741,3.249314126373254,10.732599660213438,4.212006105881429,-59.970359068724086,2.107876579357942,9.388863829086375,3.642255054196278,-6.880715012411909,3.1476074239023797,27.194909398873865,1.895500016551889,12.48954380100657,1.7341556922928874,6.058202077625661,4.012994079028976,23.797411441093992,1.619489100522845,-15.540854119732558,2.1982240286004746,-85.76219223425456,3.000336464825139,69.7523651932194,1.451328684257831,-58.52911214384822,4.006564688484481,4.217268418878076,1.920696310146764,-31.0362824827552,1.4885771016837666,-2.0857954648791015,1.8392972913056609,-0.0009568180796902,0.0158492709352552,12.130561457963603,1.4171531444537615,148.32637906915747,11.6486424514882,-3.3330353343841352,359.99999652429057,61.16186000182521,1.8687064517749263,81.11711917964901,9.041463766607135,-78.55975333131586,2.249519432005002,0.2505049343534635,1.3804384838852304,-2.380757163992337,0.64326899959956,16.46586162336827,2.152957064077892,0.8110143423546999,1.0584821785931835,3.1852858787593705,1.616861370993071,13.1549059485026,71.37113611111113,12.872969444444443,918.7584543736187,0.4010461574074075,0.5103157824074074,r_hand,5.882795090076558,4.277777777777778,4.111111111111111,4.377777777777778,0.44579876477254843,3.5889002123969482,44.606960069444455,8.045605902777778,4.650757873174332
ID013,KIB,4,True,180.0,1620,8.994444444444444,F,45,160.0,61.7,24.1,1,Branca,Shotokan,,,2,2,Right,Right,Left,0.4213533223395755,0.5336871187840941,0.7207431421074587,0.2699454116870892,0.1252412305702555,0.2029724062887927,0.084408324336254,0.0269953207277975,1.7875683164982794,0.4123551487930271,0.5256652464688926,0.7306279899449535,0.4379061844589693,0.923198547048132,0.1627740753108453,0.1171461656253857,0.3306139730736505,3.3628832580870767,10.03844346180377,1.0860159633276592,31.601147745404734,0.8404107225299811,-23.634897867057717,0.9210900335814785,5.172652483901733,1.0473918193226606,28.606580449336043,0.8604757363642754,19.32966699162676,0.9828415565794087,-1.2658772750522262,3.1185810943808123,-56.3151855034429,1.0719740406795353,1.8946141071158131,2.734531339163651,6.6175052300237045,3.918436775860785,-58.21616739367772,0.9079574555155148,-0.79612135395886,3.919180449637079,2.207194147096451,1.7590483940127477,25.16811024164568,0.94678491666307,11.761513944717546,1.1788954607136422,9.106420728672552,1.8093535692836724,26.79935085327388,0.9854425039149816,-15.210410302980833,1.639208697899882,-17.223353396888996,1.9884772545336595,-37.21415666287941,1.3029678373001945,13.328304012247443,3.301936230002335,11.708655071212831,2.3445420394411265,55.65099142371559,0.7268017874498227,4.154088877724343,2.55990341941611,44.99857044456701,359.9999768622984,57.01406777104562,1.407946606926025,-78.47738911128755,13.63684844238196,4.519834824512608e-05,0.01929351919184,66.61872247592065,1.2418288380646345,-116.01688765909286,5.403483043280914,-100.42404894894584,0.6299416701626228,-3.2687598343157616,0.7438543230393999,1.5830164735944894,0.5289974186354933,-9.292714791810802,1.1645048137780591,3.2241569479774,0.7611114602111813,0.4427582080109565,0.6902700358926619,-5.498147490782919,1.3514082608593163,24.364365539159152,1.1056978654628755,-19.835179101623073,1.6506961582798176,-13.7803456906985,1.4882319652710372,31.611241319976255,1.4726044690113085,21.643056611467458,1.4403640759036378,-2.3915461216590383,3.24543380016226,-54.13858866369804,1.5963126997776629,6.272418396492015,3.246874674308664,10.351124320498188,4.752837512020328,-55.255686145022665,0.7455881453961695,8.912695984255889,3.928614397896125,-5.032531586909099,2.2880034203731223,26.674329161797687,1.259781855328704,11.165792258854207,1.577650700897454,4.238254758086369,3.1341857063825618,21.658638558163936,1.2833408906190975,-15.599527427333582,1.5929688584263797,-82.98547609492887,4.400789378269977,72.04335136794994,2.399587837082777,-54.10613097365492,6.082832839510047,4.682227581284365,1.655113906025356,-29.91329271541807,1.3985520300860763,-4.373257293457703,3.301529858575055,-0.0006511377193769,0.0177400078931889,12.393953902369974,0.982268910523203,145.52808070201402,10.407203309799115,-35.999472610079515,359.99999765789437,61.09845273185409,1.4305780789114024,82.45865509756487,8.07671104518704,-78.09479079456618,1.3121304321555272,-1.6049722225172478,1.2345315231780296,-1.663532201708508,1.0393077081941244,13.160671409123063,1.8795408622159029,2.0531005011815013,1.3901668691682914,2.498544028707384,0.9916180782180036,13.940155314043244,68.01200000000001,11.987986111111107,815.326911388889,0.4219380324074073,0.5378985046296296,r_hand,5.496458534674234,4.205555555555556,4.044444444444444,4.388888888888889,0.45046446381716165,3.1848707476128473,42.50750000000001,7.492491319444442,4.345332008560539
ID013,KIB,5,True,180.0,1620,8.994444444444444,F,45,160.0,61.7,24.1,1,Branca,Shotokan,,,2,2,Right,Right,Left,0.4019279012398499,0.5312239706770281,0.7182662586993303,0.1281192444709589,0.8092298190254643,0.1284614185284582,0.0313142214604041,0.2372716619242076,2.184684652038445,0.3993449501888632,0.5268508064344523,0.723646320858044,0.7681405067779035,0.6897833169284773,0.3298907977998366,0.2200931415462555,0.1114342144416504,3.7790980939459393,11.20319985013111,1.1372614034316566,29.020620071615312,1.1804291146116626,-24.96869150774863,1.3106858061568438,3.539668124121912,1.6092421533300398,26.23355914985455,1.1046484798642702,19.872225737110327,0.8588109389281975,-1.7401504124669611,3.2712643941245574,-55.785907664944915,1.2193283682769689,2.0189084803679047,2.8345817787746856,6.8660385615368,3.184161329204519,-58.45250674560226,0.7363531063294388,0.3143806067207409,3.355715577318967,0.9861644571275808,1.9191780990466951,24.63710658511425,2.117031134114537,13.417086204374804,1.509300625761682,9.168008290647425,1.8838084209599533,27.511723486423843,1.5808497960015977,-15.507229045331632,1.460642161975672,-16.640315841677772,2.434826119779247,-37.8418904278867,1.4623700951216136,14.07315724061392,3.107041778619264,26.68758520026272,3.6116189922426503,68.47462113182263,1.1542322417364232,9.289009347808904,3.476792708657399,2.0000103831237097,359.9999430969641,60.16284206744165,1.230058421625806,-75.6267823894913,13.335060315677753,7.744184893395961e-05,0.0066831015466258,37.49230463307536,0.9993197542134736,-112.90492617219728,5.1303781232938235,-100.25198921978722,0.8061149517730541,-0.9733469576208008,0.8416961192386389,1.6984367731585783,0.6646382437722682,-9.122216496428184,0.8726604506093789,1.565176580242733,0.7546350118423231,0.3647560185814774,0.721178925426811,-3.8516414132878296,1.5601252962608578,22.27961399518519,2.0763911770334182,-21.23548052430278,1.3808213029474956,-13.193610710071525,2.0802390319691,29.64265196839395,1.331256756780007,21.56023970036876,1.298375103089878,-0.7331994047457887,4.641026230763619,-54.8195052234052,2.132524355306046,6.929023068050366,3.283442387331845,10.83167799403085,4.219625957780128,-57.47915022258529,1.2922793118330065,9.77662006044693,4.137456164939773,-7.349808186890321,3.563407727668003,26.63288620819339,2.0072383442639214,12.837935991046516,1.609458220303976,4.979555887490408,1.8552071043858973,23.47154430606962,1.077134559683138,-15.75169973100363,1.4374648850332203,-79.84961243906842,5.7671583759621825,73.06173380204304,2.1435856947592384,-46.305661772428834,8.389051567680525,7.253049877906667,1.887322924008945,-29.71281563851729,1.7955878381378447,-8.949114437232375,2.409664091439618,-0.0002268887802059,0.0156653928727577,13.805580372462927,1.0889542024523369,138.45247802746454,9.600445455421692,2.6666420120440084,359.9999971903352,60.50897527228573,2.0544800205092386,73.77119998842957,11.45967811140629,-79.06307435716228,1.1762502085748991,0.2616519478487622,1.0913719344518351,-1.6548577082771012,0.7766720425694007,12.03892565820662,1.528545908788388,1.7916894090890134,1.2004208980121809,2.2540715987347726,1.2870915369679918,13.071596784850808,70.42652777777778,11.662144444444444,821.3243396651235,0.4069824398148148,0.5327626481481481,r_hand,5.864368231598517,4.166666666666667,4.0055555555555555,4.261111111111111,0.4489164116870814,3.2082982018168886,44.01657986111111,7.288840277777778,4.636190162446284
ID014,ZEN,1,True,180.0,1620,8.994444444444444,F,20,163.5,59.8,22.5,13,1 Dan,Goju-Ryu,Kata,International,5,7,Right,Right,Left,0.4144780228029541,0.6809672016844261,0.6771770398999583,0.4946641987607025,0.2081638015313247,0.163231882466297,0.1532885945120163,0.0616986156431164,2.026615787595359,0.3983718369252347,0.7149877560863628,0.6758482260512816,0.6713188889957644,0.4569190198762451,0.1720957083218954,0.2058608124157421,0.1176939220558198,3.378040659645832,-3.1131661211189714,1.2919024865828934,18.147969798083807,1.4033427783116394,-38.69945515716941,0.8016872518354958,13.984556857863788,2.689853830369053,61.63602399165471,1.2535005549144032,32.7987108975713,2.272882483236774,-0.3933820611141053,3.0934386176453166,-47.09693454790853,1.3643392363782,7.837354518477113,2.2093137068744904,-17.995753905670096,4.926159079589045,-66.28544364297629,1.0559603536071904,-27.924002979150675,4.7974705032016445,6.340851931721332,2.963865001879858,33.47373495282812,1.64501091971956,18.74377063951705,2.948201498243389,5.73657598568632,2.0354102107982452,9.943099715005063,1.4377817365450325,-6.744227013357163,2.009322486390488,-18.399106703621765,2.610262456162701,-36.05300980071637,1.2207049482409218,18.978576472781903,3.4664579393144734,65.88089884441575,1.1136170803278134,35.80549400897076,1.6837346792916748,51.43349654757743,1.706125631592272,-11.999296714549534,359.99997859181804,62.66408718274973,1.411954479645388,-92.91763725540888,11.889375304873369,7.744521043181045e-05,0.0066783406815968,36.44620378549245,1.1169615171594105,-100.04459399856646,4.730616497450924,-46.32282458589297,0.8853483632751846,-9.908223578423977,0.8573442175263821,0.0953985705192899,0.6123692515285221,-2.0293772459490835,1.2071910183120034,14.773992399187318,1.3146793918470436,0.6708813843661582,0.5864488764710499,-9.798407955998464,1.6194113223137734,-18.315371248139108,1.0108093749649498,-18.903410290157723,1.2126665740564275,-5.15360694475071,8.475483249029836,73.0734728667249,1.0218554215605593,15.632738174517272,8.052270676242536,-15.049816346699716,2.8127087967566897,-14.380175533764085,1.3478704159802355,-2.0099456652854255,0.843366151173849,0.9070593547786788,4.692970724734052,-68.87242250370628,0.9917552353346366,-2.69659182048493,5.661196305295232,-18.445995141066284,2.958538889982151,23.75565634692712,1.3007729851757617,16.53346928912998,2.2343190593415567,-4.322193832652874,2.3391140567585644,7.644337852843646,2.2368101964248437,-7.787472150619278,1.7336966936520062,-57.984624333226904,3.5496759585012825,64.4049736497255,2.584851299855792,-50.72613512817598,7.198174698488302,16.79072412758015,2.396240347308643,-31.88540389794584,1.854242033497929,-19.688758781385687,2.231051099936053,-0.0015490359096308,0.0317650446569394,10.491055843397726,1.8786341962437625,165.01950933973697,14.298967828761022,23.99952631810628,359.99999836643246,65.03595275447252,1.2035931523590335,87.20515133150744,14.640996828618626,-5.083132616919138,0.9204515201379744,-13.886123435307582,1.202230354032391,3.5265137266020057,1.2484521174041667,32.92118253828705,1.6921859268629973,14.495154240085569,1.350540473205449,-9.207498889486892,1.3241255246144483,6.429522040465054,46.286788888888886,93.21651111111112,4314.692970758765,0.4095312777777777,0.6201880000000001,r_hand,7.798053056704656,4.216666666666667,4.05,4.311111111111111,0.41417555957183994,16.14040333589116,28.30996262317363,57.01315664288141,6.098560088497596
ID014,ZEN,2,True,180.0,1620,8.994444444444444,F,20,163.5,59.8,22.5,13,1 Dan,Goju-Ryu,Kata,International,5,7,Right,Right,Left,0.4757944513942426,0.6227495821802492,0.675013982290124,0.2009358447742082,0.1990511487003687,0.2689790493640487,0.0483420956980157,0.0533253991646148,1.870098037347144,0.4593100764535613,0.6636209345764564,0.6759136697997007,0.3822140790821327,0.4050589622467959,0.2318601918241847,0.1024463812844925,0.1068459504175448,3.3026096866894465,-1.4166415825464098,1.39504338630266,20.762971260938393,1.4030564751275811,-39.902146791304034,0.7009214829613768,13.682874554659826,2.958613287867351,60.982720197206945,1.1606640567642827,32.467767482218,2.5956918784306566,3.0347275188364065,3.435468299680948,-50.528197817910545,1.2545108338747395,10.358203640365776,3.348210576565288,-20.506471647745897,4.118896583838623,-66.10921849378973,1.2039748492442186,-30.23173291343888,4.18568353738171,4.7004893049863234,3.4770612417125,35.07660496997686,1.4409818446182214,18.86807151277102,2.761308103856134,5.805443444155933,1.998699215342833,11.30719302667425,1.3105021996692638,-7.23117077105136,1.5812690707609611,-18.51895567077311,3.680246749520773,-36.593068289431784,1.575802883795916,18.58867973286999,3.7274465604506375,63.607402104868754,1.0266448355061542,33.498502685222874,1.1445926469787366,51.40992916913534,1.4903392837488596,-28.998777349046037,359.99997757446465,61.17301217422911,1.418819985908215,-91.2055109150286,10.914523184571934,-4.274499504632782e-05,0.0102794154020521,39.43698809235606,0.96278615560135,-98.99649881203958,3.63888164328236,-48.45057210431959,0.8743283119128407,-10.026744779700316,0.786356026064972,0.869167333960185,0.5769534546195065,-1.8029599677744397,0.935208306197114,14.490519573999116,0.9201115947508374,0.4832107968429379,0.5957866142399915,-9.804561593670604,1.5016173754724225,-16.736133563634294,1.1174537097663482,-19.251774936322352,0.9009818331133416,-8.256005161153176,4.942136060773896,72.70801441544144,1.1734803191643834,18.06106804971832,5.005656304034897,-13.323483898483378,2.9746963425216695,-16.38168549794445,1.1636498533185886,-1.2674965667517415,1.365195491659367,-2.515110499733347,6.327341162970606,-68.3657832306481,1.0289834438142265,-5.602138221927086,6.121832109567141,-18.431506413914484,3.7876761003286497,26.527008475676315,1.2720585507550943,17.20870282525937,2.293974533653355,-3.609241980455543,2.308993011477735,8.221330633553574,2.233612614838429,-8.217720078451258,2.465797163725207,-56.36243934421693,4.8497300455191805,65.88177550680155,1.990573763490957,-50.471883553667695,5.603207941243461,15.28500238622788,2.149957905197935,-32.664308505455914,1.5471743392586603,-18.746193620010462,2.848125433341501,-0.0016089460038522,0.0250742452471502,10.503191859579736,1.3554630488241255,167.84499682930658,11.161184444280051,-2.666536194925841,359.9999884741104,64.50177139686022,1.229615814571126,88.77816438477332,9.162418608920149,-6.4318156215049225,1.2870766442611128,-14.245588218611024,0.9179455372046535,3.439434593154282,0.5807197807383164,32.991062342021145,1.159209209342151,14.319213022707686,1.260648766521646,-8.735613948075489,0.9145904092464754,6.614016103617855,44.25258333333332,92.71428333333331,4102.84654939861,0.467686699074074,0.567114337962963,r_hand,7.604532063758253,3.888888888888889,3.75,3.9833333333333334,0.41285258855665075,15.347928249206893,27.065800203873593,56.70598369011211,5.9472146955787
ID014,ZEN,3,True,180.0,1620,8.994444444444444,F,20,163.5,59.8,22.5,13,1 Dan,Goju-Ryu,Kata,International,5,7,Right,Right,Left,0.4632830851137389,0.6485265885159954,0.6712260931411642,0.296179118829476,0.2154282519176376,0.2959512087761351,0.0877378807518631,0.054965438743348,2.1085114078997007,0.4375652988892017,0.691393143941075,0.6719473596958285,0.7354279422665755,0.3686670528597613,0.1504263529710447,0.2450287769461261,0.1315363195239508,3.3090969210164647,-0.4083887277936985,1.481853292161999,20.09451763343835,1.6401264900220165,-38.806307545499195,1.2331640251479712,14.271247042641845,2.65409399320456,61.75476678715004,1.6015912542704245,33.07860154404909,2.531171577568113,-1.5996047220893426,2.9928760158213423,-51.59750114623685,0.9854139825676782,5.816011542358836,2.7579827054352855,-21.24498457141383,4.480073547465409,-64.94621524609865,1.1803001999911942,-29.297653574409647,3.9451203665197063,4.377955585020119,3.239190582217024,36.78074001771831,1.533774528006013,20.543714596394164,4.109754031202513,5.3462891449026815,1.7952085921486427,8.620409980066315,1.2065064548576403,-8.628609301334103,1.8327069883027296,-19.29247466789186,2.9088570032949157,-35.085581843184144,1.712647056905098,20.255709309768797,3.673758613480203,64.8947645706168,1.1872033558503858,36.88914239813677,1.32083062102042,51.96350036370957,2.1704793596430108,-61.9977684421043,359.9998095114477,62.24905907507297,1.1414812991049177,-91.63354024484526,9.628144047102182,4.521400583734736e-06,0.0082033580631241,37.79246593297471,1.214879247589593,-100.68734233408352,5.675155317879245,-46.21385120178729,0.7593088802289998,-9.903013191258896,0.9525044420683564,0.6096887798592502,0.8547391110781204,-2.012622798228899,0.920999310359681,14.392942160948838,1.532336862209922,0.1570723051751844,0.8450482327690592,-8.912167652104253,1.786795030154602,-17.126274075188164,1.202003420247561,-19.784671299536782,1.0343875320502356,-3.1510103280310338,5.606728468211612,74.1799647069372,1.0815164505994377,13.086329341731012,5.343871323484091,-15.544837193894343,3.0087115607706156,-16.42330679951977,1.8789930925420928,-2.249132013359993,1.3564696847236897,-1.577656706537354,6.574012823642913,-68.23261839957031,0.7555699793021091,-4.26586719839286,5.741978702974546,-16.897828016524535,2.98432530757084,25.67072569366841,1.220391610498357,18.07654784086562,1.757434403958925,-4.6902871463044296,1.9872329820369672,5.960714880742158,2.166088377670329,-8.787165639731652,1.1237091706686917,-60.959292357794794,2.358090651619321,63.30054380525369,1.5535293326435138,-55.17661228487137,6.814221289969808,15.981918978445858,3.156904441453092,-31.829348852429742,1.515123888098202,-19.898246939518803,3.0429195090192955,-0.0022540230144586,0.0196002013095647,9.565342467657686,1.2903128551622984,168.93967233896402,11.307128165738646,27.999447743523795,359.9999896368247,64.20939815716575,1.0354494123468356,86.35502345774302,10.199494423024674,-3.7049499727630577,0.97164103984022,-14.412409764241769,1.006235918786956,4.21015117597652,0.8462129141519408,33.95420183968871,1.7343962838781335,13.759049875215744,1.0536622466048795,-9.590793203960583,1.1881848408087574,6.571858057223277,48.17939166666666,92.29705277777778,4446.815855459559,0.4514995231481482,0.5969829768518519,r_hand,7.794891023229392,3.977777777777778,3.8333333333333335,4.072222222222222,0.4105358367835867,16.63464861902593,29.467517838939855,56.450796805980296,6.096087182631155
ID014,ZEN,4,True,180.0,1620,8.994444444444444,F,20,163.5,59.8,22.5,13,1 Dan,Goju-Ryu,Kata,International,5,7,Right,Right,Left,0.4580842974126992,0.6521367683114128,0.676833477536607,0.4055383304002014,0.164532512302018,0.3167471681841616,0.1321443076538316,0.0405454859985474,2.2535760006090357,0.4411696962084221,0.6961420617939807,0.672425070616905,0.7017303557034227,0.2510679525223103,0.1918337231306299,0.1811287240558039,0.0655085532201353,3.358131631169396,-2.270449311371288,1.0933338985900545,19.36549754583631,1.5792308640507675,-39.757809896187176,0.8401544039702316,15.093291456920502,2.5068087747503487,61.4158964303703,0.9902019166920866,32.13110946841274,2.0667739364176434,-2.271037809519318,2.939718828124714,-50.30430278480763,1.3707069255814233,7.237850860822245,2.6362651291790034,-20.223825661247005,4.058280250317829,-63.590070413117694,1.2299688549731869,-30.275124135488255,4.184278348551324,6.614275674830176,2.997119945109218,34.28162706576788,2.047294854693888,19.931764138192207,3.781752542361229,6.406099717566367,1.874961273431147,8.26167202384268,1.7488945623777106,-8.143587027924841,1.737982824490154,-17.542822122572243,2.99906206145932,-34.530947767917674,1.7312858334093164,18.578192531715324,4.075269244816852,63.78510675139902,1.3817300931452436,35.86681372164162,1.5978001771497787,50.35408719789868,1.9129544355678971,-26.998071296360592,359.9996954498448,62.12063191255835,1.160898487894201,-91.26580288233578,11.296046738093196,-4.681324948402282e-05,0.008593051204776,38.19598105426257,1.6465001887824613,-98.62221691365647,4.15320721635679,-46.8942639340978,1.1204808699127824,-10.088737986539956,0.7207890386572977,0.988339758453976,0.5787180667972681,-0.6160240761862802,1.3164190268301603,14.488403005964685,1.0810409476682905,-0.8105064323415954,0.6897681777270903,-9.829615351994512,1.95244139089211,-17.788646397656965,1.4827223147071784,-20.019298894540228,1.8510520355287736,-2.19299614509004,8.384505729211915,74.1006968612081,0.887158924798257,11.175392143205505,7.6167400094724975,-18.033218870473544,3.1764937001750546,-16.11560055179523,1.5557187199147189,-2.465431423881085,0.8659305272088194,0.5316576252468774,6.289298122715062,-68.40719776846282,0.8709012413356589,-2.2893596114379515,5.785113276159044,-16.47979105993252,2.4868578408066178,25.612035800610204,1.0967878637426267,17.810718518911326,1.6357368198618794,-2.9595046659080877,2.261239688770111,6.916327176087856,1.6350570361825456,-8.96019929936786,1.5646983138428163,-64.21906415736301,3.524986891892567,65.66684077210658,1.5874524939439567,-57.79437673153792,6.209047828670457,16.207062994300923,1.6621918198098662,-32.42926968478739,1.2846298631769422,-19.37342704070629,2.63433453850174,-0.001773113643801,0.0170415584103195,10.279264132234749,1.3933378237529157,167.6145708010232,10.362687687861891,31.999081072067593,359.9999977521551,64.50236457059886,1.0993181100905218,84.37306337093821,11.493510349715422,-5.074576646846603,0.9455926561199544,-14.356003485126967,0.7174716535545542,5.008061915834358,0.7243344202835269,35.17741083091135,1.6546708238553265,13.213482358505258,0.9247135347285712,-10.283585065275949,0.939954274579625,6.4237727405972835,45.092844444444445,94.020875,4239.668690905556,0.4467120601851852,0.5986114537037036,r_hand,7.878868725552089,4.127777777777778,3.988888888888889,4.227777777777778,0.4139654296859982,15.859752512061483,27.579721372748896,57.50512232415902,6.161762942976053
ID014,ZEN,5,True,180.0,1620,8.994444444444444,F,20,163.5,59.8,22.5,13,1 Dan,Goju-Ryu,Kata,International,5,7,Right,Right,Left,0.439699356132996,0.6267609498216187,0.6590800172065514,0.5697472102841772,0.3216486714693101,0.1816366173434724,0.1850423174813624,0.0861019394847845,2.0870590882430715,0.417824450647615,0.6672740170849505,0.6638193737505997,0.7560139490943807,0.2790591710507661,0.1944198234589134,0.2760992738069049,0.0772695219332181,3.1388316579158,-1.908733914337973,1.527257043942865,17.791098901003473,1.701335420222133,-42.00165848784033,0.725412682422558,16.768542527263605,2.8403839221855005,65.12038259540603,1.3834069276827137,30.631131125965624,3.041480095993556,-0.2626600882932683,3.278734492012031,-51.877530595821774,0.9512642413277916,7.873410728283596,2.6142852757230637,-26.496470192174456,4.2600980243846855,-67.09356890581064,1.3640388722664625,-35.00039497754202,4.1484883409325235,3.055481244535656,2.341812577967788,35.77326379784756,1.6774681248520196,21.87607663697765,2.992915858177973,5.805898884733817,2.3039945843124405,8.27177584354309,1.13927593088453,-7.645063861094849,2.292441902070485,-19.231653282695454,2.554227142041139,-34.40617976015473,1.2601511134049233,20.153160082101323,3.1880544858073137,64.21689527494526,1.083302503425216,35.49569234046713,1.0833296122190106,52.103985171654784,1.5710822999433915,-20.999243887725346,359.9999744890986,61.13169819240434,1.2123631620093178,-85.44510347090366,10.935519460760103,-9.847535209920664e-05,0.0108745898697879,38.324146194167376,0.9073052351767572,-101.01225208419682,3.8952498285275112,-46.36978540572722,1.0852761329107068,-9.613950534537468,1.0571618855523806,1.7460678275648636,0.537025667731976,-1.247380328920727,1.0002933934230387,14.614702726328686,1.163132681371014,-0.9946504959421142,0.6702280799383415,-10.385829400020569,1.881189396698412,-18.803120121834745,1.3471213106069584,-21.25777207130318,0.8830281957096524,1.2271509647497978,8.063422518297978,75.97359996095327,1.0972887228972183,8.603555371926667,8.854485375418173,-17.102825370508224,2.928608258052659,-15.496323311489418,1.723257934864492,-2.5263619826929107,1.1742263519821536,-4.305818964549115,6.8836589008100475,-69.62263161666505,1.2014529479648388,-6.516561127198774,7.454114349960047,-17.055487526006686,3.307260452399529,24.3929889015779,1.043844122956756,17.965375689954133,1.9387535449474989,-3.215172577940473,2.3601365706300297,5.284736346158825,1.816520734405235,-8.240091364213589,1.4447537856862622,-63.01241058716388,3.048355527534966,65.36767681966309,2.4378083689657757,-59.01350192462458,7.4166850327021265,17.44027731812836,1.2794500147109955,-32.1602859919118,1.719413115031564,-20.001046677575985,1.9966799633144916,-0.0021408793211914,0.0183998276786749,10.873359450885976,1.6466021621269409,168.2779579518348,12.79029068965974,3.33302624097496,359.9999873445777,63.74957631496739,0.9917459841855418,86.98724958676769,13.634728604535807,-6.600617260434088,1.7914263631612135,-14.05775725454208,1.3909453658825743,4.795493092040212,1.4697220712507164,34.88920027227135,1.2825596113487947,13.13745354758371,1.3840142870197152,-10.116088496483268,1.3708980038268308,6.156220948765684,44.101058333333334,97.27375833333332,4289.8756905609025,0.4295731527777777,0.5697660000000001,r_hand,7.762179488335668,3.888888888888889,3.75,3.977777777777778,0.4031070441630284,16.04756685486969,26.973124362895007,59.49465341488276,6.070504737925313
ID014,KOK,1,True,180.0,1620,8.994444444444444,F,20,163.5,59.8,22.5,13,1 Dan,Goju-Ryu,Kata,International,5,7,Right,Right,Left,0.4965131741212847,0.4428964760311557,0.7122330264765196,0.2957476233478584,0.7678717303721883,0.1988680204027426,0.0801774207005903,0.2436598674906532,2.3803970436400284,0.494746440356484,0.454547838618334,0.7097429067430426,0.7153883655926341,0.4590490479954912,0.4293846633845799,0.1836383169795855,0.112216520987401,3.115835056142092,-0.6099214448853972,1.538426127977861,40.12773552815977,1.4621005535177218,3.665878701226017,1.4010409634697134,3.12704900936103,3.5843638290148743,66.5715368505076,1.584272229071516,25.577251503573965,3.294515536395206,-46.48727104713457,2.934615235812118,-62.1485380322203,1.5129031762152323,-41.4988791177752,2.6904758933810555,-3.834668995008873,5.831672961517341,-63.08249347708613,1.382948933900252,-11.658170331261845,5.444937319159305,-3.315361819242195,1.904642297415814,35.63275159141934,1.0156933625370783,8.709464764696417,1.416000551427402,-2.826324384413807,2.718165656346508,-21.456408777663885,0.9791546467963173,-8.277874006981289,1.9137402679351183,-18.189737306590413,1.6939483176579309,-35.52054631080433,1.171522242773662,19.568580548802096,2.119768394291391,57.072767828888,1.5189815471955723,47.184704157330515,0.960870409999977,41.61594705175242,2.4792691725859797,-58.998373682094595,359.9999637664066,61.206221681847495,0.8959133064234024,-86.03275108066775,11.210357713698883,-0.0001002088373501,0.0086431258838887,36.06376645491275,1.11584001450467,-102.86836190481044,4.460530142757278,-28.597066942164332,1.0157510712885731,-10.141607862504454,1.5036404949531992,4.83747913108797,0.7414920900160533,-6.1509001673773165,1.0715213690904166,16.01065023721898,1.2717721864630658,-3.8068676363039327,0.8332230181645164,-14.873164355161284,1.7431863833468864,33.159126694447735,1.2832256056964368,10.017952543549589,1.6194498439403198,-19.858226956522515,4.818369919116339,69.6727326815358,1.1345827781128437,28.95618755885706,4.573901919431101,-44.87904945016701,6.403697814104433,-62.314494278088496,1.3284089350515842,-33.367694349536045,6.54306116249257,4.392631158278766,4.034353772178212,-62.63299111848618,0.8790118472008572,2.3043708979137225,3.8183396669574856,-15.688190812010715,3.0112581158807448,35.848492363904825,1.3095832540207797,9.336397981852,1.5298698622357936,-5.950960693279252,2.148599034406963,-26.215848174929768,1.585805475955457,-9.669560059347956,1.815166773443169,-48.959561514494105,3.2250764182495715,71.75229252130536,1.2594308611801068,-37.006614272383224,5.088551978915902,18.58486450143323,1.8398613533630697,-30.028895980503545,1.1420781354763037,-20.433272893175243,2.197849749734388,-0.0005259746636855,0.0109276414282265,10.450088916465573,1.989029879598613,160.9903621361401,6.808704798176933,18.666083146633177,359.99999932086195,66.00852185272502,1.1632151567163334,91.5475608724124,12.919330088686491,-3.486448326475887,1.614561550177327,-6.752901623355659,0.7761455976545202,-0.8159381190201569,0.8016647608447363,23.33442747228681,1.0812776485953322,10.448263172767282,0.9672531293139316,-0.7163869129449968,0.9785503803638136,16.188433077033253,27.293122222222223,53.61425555555556,1463.3004297312343,0.4202256203703703,0.5594177731481481,r_hand,6.726740536797114,4.322222222222222,4.183333333333334,4.416666666666667,0.4356165299550579,5.473914203747288,16.693041114509004,32.791593611960586,5.260727397605791
ID014,KOK,2,True,180.0,1620,8.994444444444444,F,20,163.5,59.8,22.5,13,1 Dan,Goju-Ryu,Kata,International,5,7,Right,Right,Left,0.498655903252398,0.5050803410747868,0.7146523473585831,0.4375363048303549,0.3320306704413966,0.1591230730185966,0.1524151016834994,0.0834068795133383,2.156596756349426,0.4939382675216968,0.5230565842216343,0.7132518860073056,0.884704751507065,0.5655543177195965,0.5131951622234343,0.1783264288131646,0.1699240145838333,3.524397683436817,-1.0137123490679285,2.042089211274612,39.5195810799867,1.3471919562897696,3.4031243666695628,1.7967802265732231,3.4502106848956267,3.006322230208162,65.91373048100138,1.70952464699171,25.47501482891825,3.3879799010000298,-44.572534302677305,2.8384302858133807,-62.13182427823698,1.4458864679555248,-39.67653913791996,2.7298228514980423,-3.35068105960566,5.771686681044124,-65.46584175521744,1.001874299201944,-11.0346997053207,5.3198745575189434,-1.0498452806001826,2.490471813169985,35.78546288442354,1.6471618601288682,7.06196124461659,2.119280158051964,-2.3333817134543127,1.9693003781147984,-17.969941268604643,1.6959454526644355,-7.564566024239899,1.9194115749808311,-17.647875147609668,1.741568482572312,-33.998137303350674,1.4277691680092204,18.887636318481487,2.1477305857329085,58.20115832623178,2.2104834302887184,46.64978198253949,1.5789766774175646,43.26644280850317,3.29534825340361,-11.999719600290025,359.99993727924027,60.423162174106174,1.0029919714137492,-86.021501669954,10.122658945585172,-0.0002035425655906,0.010595118670272,35.0851085560111,1.4845190186524135,-100.33038108336658,4.393152003979637,-30.13851505743485,1.4207322389336134,-10.167000583203016,1.3826036829503323,4.762654350727768,0.5676913352467556,-5.261093567495434,1.0330345150241342,16.265015015947117,1.484491809509441,-3.405131910533334,0.8424599298163296,-14.971149683883269,1.9009434808056709,33.281826337217936,1.211116865554942,9.40615942708693,1.598066418774918,-19.865506144835393,4.604629884622177,70.49426580202393,1.1114979511567071,28.01734643203979,4.870382328044403,-43.029386615538655,4.948403075422824,-62.296230213893246,2.221675773486467,-31.584073695184255,4.422067511639565,8.998611218515869,5.527491880791805,-64.49580073594012,1.196448736137704,7.339571993003373,5.163965472410909,-14.516382258566848,2.739790045223133,35.5689636563612,2.06029045418326,7.562202889057584,1.8689318860878472,-5.826110516632541,3.067787403367767,-25.49659447833808,1.5097195239930947,-8.97618790626712,1.700974976889409,-51.26648806034283,4.1693130134881216,72.03454344625693,1.1039484163697892,-39.600795067776616,6.984793569245717,18.488137987795817,1.7690880092993986,-29.68684648135716,1.0743016224731434,-20.490731232797938,1.9383583010695664,-0.000342058736393,0.0145126678063374,10.641980024290715,2.03701950195334,162.5511012738298,8.009827101486025,12.666647536174452,359.9999995194581,66.18665451873241,0.9531828947236534,87.4789897708681,13.97628712551588,-3.824563967829064,1.1463516519998875,-7.595387720937291,1.0318109064164762,-0.5204820083581888,0.667279003210755,23.568259040684566,1.3873145965679292,11.039456083001108,1.081226157555987,-1.3219065110624952,0.9529268512346906,15.826127199753008,26.859825000000004,52.315258333333325,1405.178683663125,0.4223605601851852,0.6154450462962963,l_hand,6.76161767028034,3.9833333333333334,3.894444444444445,4.133333333333334,0.4370962369165646,5.2564923777950785,16.428027522935782,31.997099898063198,5.288003474431036
ID014,KOK,3,True,180.0,1620,8.994444444444444,F,20,163.5,59.8,22.5,13,1 Dan,Goju-Ryu,Kata,International,5,7,Right,Right,Left,0.4798349471172758,0.44151081632,0.717494788696308,0.2723832250227265,0.2537494819531583,0.2836741338144377,0.0666123408093431,0.0548520767582837,2.1025813552080836,0.4729964551939587,0.4651120384301035,0.7139007026746276,0.8529041303487916,0.7483084536570705,0.3631443783092991,0.2822942789121296,0.2664378173426426,3.4785514971426306,-0.0615947327897352,1.526866879881188,40.0396292577147,1.4601363355795982,2.328611265741259,1.427954926779782,2.809845998224616,3.3518994135742277,66.38268486889743,1.6583954287213345,24.811843630030207,3.089455353823883,-40.87045005292444,3.155448462181937,-61.74866602807594,1.8441665173968715,-36.32513349909699,3.1565155546921986,-3.3355052163363665,5.832601290684138,-64.09084210944067,1.1795771516758506,-10.828113939341478,5.295561366198093,1.5011430842218147,2.013889217320661,34.60746299999206,1.1536443528308524,7.545454440132447,1.7200133374170852,-2.000829145235748,2.049031244826762,-19.594572382426268,1.2116871097778803,-8.625685304003746,1.535322272117317,-16.90723732333967,2.356073977357209,-34.8901656388374,1.2514165243950686,17.8543253598127,2.522089570796709,56.62360156190513,2.0918111946301323,46.09891294758506,1.0151307243943464,40.56806353073738,1.6398096042355874,-40.99891258886801,359.9999552182712,59.90840011494341,1.1838400476503566,-87.80980010187535,13.065609532145572,-0.0001170554917418,0.0079692219801567,38.75076271109259,1.626636807223356,-99.13609359011664,4.068672544074488,-28.488533728370577,1.164313653649394,-11.128800454651012,1.191457523033476,4.719583656792294,0.6471168484867809,-6.202033339978627,1.0744023658689743,17.20488485052199,1.322794596285899,-3.3359968277675245,0.9126591947867216,-14.618949109844952,1.5624187712722275,33.77166477590466,1.0329043770163082,8.555592452851567,1.7326854066275752,-21.79031245065435,5.4099638178478635,70.62671814605214,1.6021549013394036,28.222567639180394,5.3106084600222445,-41.57593708860715,4.668846819255656,-62.38608171834309,1.7845392693165962,-31.077855659355677,4.776528948768021,7.294107355060373,5.014294265155148,-65.32020950307651,0.8826441290155884,5.594636019445975,4.5066995748491845,-14.5934613043224,3.3593101310511457,35.69476548907802,1.171854976825678,9.80717057086644,1.2693596913730705,-6.075902981602047,2.3177928641211,-24.38636530892089,1.7696186722360778,-9.844491269349628,1.454581401512284,-52.082634496134254,5.315826432736273,71.4275722699721,1.3214653289573164,-40.273380081026694,6.4464589379332935,18.5790211412541,3.3561664194456107,-31.10759745369598,1.5920789007800948,-20.21067588838004,3.421195019081921,-0.0007596118320795,0.0178592372545131,10.04537627260904,1.80485296101147,163.34320287415198,13.346642605015576,25.99905198780757,359.99999952034057,65.23812300269937,1.134276891784978,87.9015018926888,13.092318259590629,-2.0850381316759883,1.3845119211954255,-8.233664153156472,1.2483251716306605,-0.1717351380409556,0.734442624573445,23.13242164767351,1.5273373375443775,11.397192474959654,1.179577398532354,-1.4266069779645818,0.7451069184343297,15.836074664479554,27.479172222222232,52.12261111111112,1432.2862073941365,0.4067541342592592,0.5488277083333334,l_hand,6.734261705214634,3.9166666666666665,3.827777777777778,4.066666666666666,0.438834733147589,5.357896201756816,16.806833163438675,31.87927285083249,5.266609416770885
ID014,KOK,4,True,180.0,1620,8.994444444444444,F,20,163.5,59.8,22.5,13,1 Dan,Goju-Ryu,Kata,International,5,7,Right,Right,Left,0.4935417941554766,0.4853244950562888,0.7146398707799007,0.3122685609275255,0.3471152544516576,0.2187658674643877,0.0731113478574393,0.0825564560993784,2.2260433809606637,0.4861142190212099,0.5077065026786053,0.7144891397042921,1.1067069675788188,0.2396232815346066,0.248375289555458,0.3138319978138902,0.0567226515146875,3.3116459362394983,-0.5516226845080551,1.7801296284045849,39.25490757810645,1.35413680099996,1.884646415824964,1.371728128963797,3.9055141338116592,2.6715797214969172,65.81298391495315,1.2016190593510745,25.269754833800516,2.877756177647864,-42.797532112050206,3.1378610789573784,-62.29221939397885,1.5318845193468815,-38.189863091599456,2.917427489584327,-8.452539239839275,5.281895027975589,-65.91634616053528,1.1910583434469828,-15.806003739148748,5.338592025883816,0.4798733305793438,2.0501994242721686,35.03460312105293,0.8698913693555497,8.502234947690916,1.8066705918308656,-0.2432314881620979,2.569152868747674,-17.37550895596062,1.208877301417644,-8.239482707982598,1.4950820721776248,-15.484062884657556,2.3103868891365167,-35.421871519384574,1.252578397401393,15.911818690152282,2.944737462467364,58.48479926277067,1.844704465258225,47.34285865316812,1.4113426420237687,41.57000343745731,1.9118998660529911,-38.99947278114775,359.99997615526513,59.227589506079774,1.2496628591960215,-80.82519873168486,9.424711879303755,5.343382058959114e-06,0.0070222915783224,35.439729038331635,1.3477163126378855,-102.23971035394874,4.6904356096093665,-29.135106736393887,0.9844533150387278,-10.383267642039163,1.1191976538812032,4.5642104731064475,0.7867833093466947,-5.541031871831056,1.0028776139957234,16.72913127391672,1.3142687586511066,-3.41372087647993,0.853103929709869,-15.488922981507242,1.7543597096707693,32.98804115205355,1.0708285475090804,8.378737183630243,1.3779911751896303,-21.42228101317356,4.1369298557197745,70.93322883809861,1.2628533960074293,28.45376331213583,4.030580695768581,-42.51238143582636,4.131387183790018,-61.543899118543834,1.5929688482895656,-31.982060192664196,3.5311837415716347,3.348245206622893,5.13745203496036,-65.58549499363433,0.9289217718845038,2.65976320094727,4.21833853325364,-13.574737976822004,2.439654186041391,35.52351582000624,1.4044647168183315,9.57203968868418,1.693907385521248,-6.8251912609142735,1.8439812646489104,-24.131894877156864,1.6777971596203471,-11.061885082257833,1.8834650821705592,-58.06615164053608,3.743685105687554,69.83886322422013,1.4802331206933843,-49.9599908084669,7.754729217725192,18.751007464737196,3.454421685903661,-30.879162233997206,1.4224133844562523,-19.82478898435996,3.195014126058627,-0.0017005579586174,0.0222673725975341,10.605430752703796,1.7972494967273018,167.26475965896498,14.618823154235372,3.9995249640557975,359.99999736260685,64.69756881025991,1.5247770986937468,86.26407292989107,12.171408973741109,-1.4231476297444334,0.991978383608016,-8.48433098711236,0.7865994964635714,-0.444576822188563,1.0681327530519802,23.883135995502933,1.317968108849037,11.671001714182808,1.029924120263086,-1.9758603621871949,1.1289877241939543,15.669654840783624,28.67483055555555,51.58864166666667,1479.2955583829396,0.4191022731481481,0.5839851296296297,l_hand,7.0260413065511225,4.033333333333333,3.95,4.177777777777778,0.4370886059815906,5.53374878052891,17.538122663948347,31.55268603465851,5.494799122381893
ID014,KOK,5,True,180.0,1620,8.994444444444444,F,20,163.5,59.8,22.5,13,1 Dan,Goju-Ryu,Kata,International,5,7,Right,Right,Left,0.5457777805728583,0.4484112461441972,0.7165723915419382,0.4582085134161251,0.5624916355508602,0.2141223086617349,0.1349285905724362,0.1657991545383474,2.2086224267239793,0.5334202240920364,0.4671287608992201,0.7153185495605204,0.7087073035159985,0.4913229470765057,0.3459815160563373,0.2076669757514551,0.1066774876139203,3.4051241285077776,-0.970025001902601,1.4724175218585265,38.75102731253878,1.4670070757374347,2.2801359521995104,1.6848906795628578,2.7058750324785565,3.4312534461752064,65.99358209468886,1.4521824066304705,25.325683201843763,3.51869861575965,-41.65060090907936,3.020787546835294,-61.38441228700724,1.466055840710652,-36.87620554865745,2.6823853497376646,-6.987998060561064,4.943493610780796,-64.3317046347358,1.186846943102779,-13.982895404701363,4.546989791509633,0.6471672063776858,1.8400286702284991,35.513690815741406,0.9887895528202364,8.224267415523165,1.626750867422747,-0.1688144793216498,2.5679215698285525,-18.645058460595315,1.2267745170311386,-7.713867807322853,1.6592883306647908,-17.11448741176087,2.4760882260625117,-32.97421244629371,1.5508957750585992,18.163589861506857,2.097215080286478,59.83587794070624,2.2656844995143643,47.72335290229534,1.32454404996394,41.60511573045225,2.589647525064038,-19.999451172164303,359.999976962476,59.960606730525775,1.1546934986952877,-90.62190561303606,10.292288768123498,-0.0006386387197576,0.0093432773419224,34.94757464495988,1.326885158727535,-99.47821935593608,4.548841372016199,-29.2066165184315,1.2865740839507076,-11.18679604167226,1.513921340707217,4.68765777405909,0.7272206650470396,-5.334453662560248,1.1264467527589117,17.00547581086203,1.4477035875790063,-3.4970161512476565,0.8464230602228806,-15.858767722344968,1.758922507395905,32.26657313811394,1.3971032794548677,8.145779744432428,1.837814178024935,-19.84032173106752,4.693611372367773,70.28837469091609,1.088102054840007,25.990788277103977,4.685975263729958,-40.79641515120605,5.02160622308115,-61.60235468266521,1.302863976754843,-30.050309400724007,4.754757979850318,4.038360769236254,6.017398188820361,-64.34068623177325,1.532526128447664,3.199268377965036,5.038665831082703,-14.503735125289673,2.6296940435994323,35.195318637842284,1.0510584169491397,9.60974878418186,1.6601512287051712,-5.19506960730854,2.4822935492378746,-23.326833820928748,1.788928336500856,-9.709156834061265,2.1794067825669377,-57.14132366976282,4.622358289622824,70.23465307709645,1.4330660637028672,-48.35216172370844,6.0535846169398795,18.08629339868419,1.7370871391573743,-31.06354339728891,1.1843537644675024,-18.75183903156903,2.555186488552124,-0.0011611450540874,0.024247644019727,10.778456368282413,1.7591619470430135,166.89133063185855,14.649625775023992,7.333306845072889,359.999999593123,64.7105191263962,1.2644227844989473,87.11173735678587,10.271023646709594,-1.6302936593659758,1.616527015397346,-8.230215546407331,0.9529780081773582,-0.281131018844458,0.911137846937992,23.64741731567013,1.5754625172214212,11.174977799380278,1.324615645345547,-1.8663370208328551,0.5828636976672164,15.510387561339634,27.630386111111115,52.91936944444444,1462.182610506536,0.4677960231481481,0.5471770138888888,l_hand,6.976827324200454,4.088888888888889,4.0,4.227777777777778,0.4382705758666289,5.469732665624989,16.89931872239212,32.36658681617397,5.45631074247766
ID014,KIB,1,True,180.0,1620,8.994444444444444,F,20,163.5,59.8,22.5,13,1 Dan,Goju-Ryu,Kata,International,5,7,Right,Right,Left,0.4791062281743899,0.5828473162971188,0.5937673689186898,0.1640024852483934,0.2039604875048895,0.2774075957604927,0.0295777002194709,0.0450221391880688,1.9627793245949408,0.4818371666817774,0.5836486488858031,0.5883363498689006,0.1026595941082453,0.3592515149221598,0.2455865157125814,0.0201815800302665,0.1111785739273296,3.429242998753973,6.447603381498644,4.87289292633346,70.05954685894903,2.1721950010334297,-60.78979807550667,4.441166118841487,10.551287005107978,3.0408246844647593,65.3894399979363,2.528003359329986,66.14535174880342,2.848495032803271,68.53083891282449,4.0125271439474375,-73.42386233647139,2.062629045760687,73.58930405688574,3.7471649101074007,-64.09357158667378,3.116849605510957,-64.76559973547845,2.5220344066018257,-70.72166975529677,2.264527562747759,-9.62812117489868,2.3460930251260788,8.18769511669124,1.8638811317960684,9.321442972639158,1.6000319353309391,12.402105247941732,2.833444522458582,7.738945116446725,1.1687963043633856,-11.42385352572021,2.3401890596477184,-14.688453474053356,1.3614595265028218,-31.37815238013177,1.2135899621978083,16.090440256383285,1.7966998340331557,58.659055964417966,2.257758649289748,63.053370349765345,1.1230726108459024,37.01179602107471,2.86881900587251,-44.99842870166763,359.99996095567553,61.58057071047304,1.1645901483183323,-79.88968589337605,17.95124349069222,0.0001207915925776,0.006536472761838,26.053320409849963,0.807408457346007,-122.31702358663384,4.556125743609911,-99.06772576581756,1.1194128196342348,-5.235757926367339,0.8152242189132357,-0.8283548180291543,0.7409251772949048,-14.536974618278458,1.334244947140963,7.26108007619325,1.1339271357359335,-1.2371406500303634,0.8576726742520934,-19.560703653004047,4.456550135114355,62.04077908094533,3.1689575309493065,-64.21075863792352,3.136502068245697,-13.591371766104576,5.879249375952918,76.61870319562483,1.3793611929097267,60.434081186818744,6.705217765858926,68.72080583428269,3.965389452223661,-63.57861324073596,2.939163560015963,78.06989926655024,2.394977358863912,-63.40569113220673,7.217632457213462,-76.21482485436611,1.9911465557136123,-60.766588240856976,7.143905899289827,-13.315348157226666,3.267626049685026,7.811904114471911,2.076799347611396,6.332278769094677,2.3812360365214467,5.732854291485629,3.3403522765705587,6.381346780347347,2.350464005244909,-12.801116934280731,1.7653336159946118,-66.25660790834893,2.225268098362818,56.41182409205879,2.1389397041561793,-59.39665294745508,4.573056085638413,21.490069133533808,1.3737757205607544,-23.57069493074317,1.3893297037130132,-22.31270291244003,2.1305771437043752,-0.0012266849144253,0.0151767780799895,12.945836151633864,1.5822917843854487,167.52065671572558,11.336244035038106,19.999444435297693,359.9999882288966,66.9992830234047,0.945529132234782,81.35758169805943,9.815784353353408,-71.209982208223,2.4057832175471674,-5.291385965416132,0.9932019632652338,0.024072537231092,0.7776258625369147,16.920188216758437,1.470929927316302,6.666411476523257,1.4769897453116163,-1.3394042919686668,0.7752766086353489,10.167272966985312,110.98091944444444,8.767402777777782,973.0144214175548,0.4671542314814815,0.5943586805555555,r_hand,7.127598391207529,3.938888888888889,3.8055555555555554,4.033333333333333,0.3631604702866604,3.6398523185199707,67.87823819232077,5.362325857968062,5.574223047647087
ID014,KIB,2,True,180.0,1620,8.994444444444444,F,20,163.5,59.8,22.5,13,1 Dan,Goju-Ryu,Kata,International,5,7,Right,Right,Left,0.504311352095604,0.5614261267163255,0.589360721566583,0.1736320911578381,0.2509219090901737,0.2385313709505898,0.0347965533778561,0.0698054580693081,2.254964460961311,0.5022000049450532,0.5647071445404501,0.5884269120730296,0.2664911085029753,0.2354614473015992,0.2084445443689908,0.0538560182213364,0.0594493381972219,3.2459177045985466,11.146752692908892,3.788782350387196,72.03701680656687,2.1924407295322226,-63.36412113976056,3.5761051042473184,11.62732259124894,3.581838541398449,64.17350092576602,2.336265400690749,66.14311041337781,2.836054731540628,74.01879059845552,3.5822935432971548,-73.53300367254253,2.306253595240804,78.849140722839,3.0716956510848377,-65.40805451911487,3.494828320290736,-66.01923452269506,2.3307918042087294,-71.32666600120669,2.7238461938517986,-8.845083360845507,2.6081048038268415,8.24091599887148,1.5177942443930963,8.828106549506941,1.6039733231581916,13.72291330198082,2.5504630238048023,7.1968731019811845,1.1150094068669023,-12.22523597827136,1.760274283644625,-14.12067465753018,2.5011809977326287,-31.23252269141304,0.9550367252208608,15.045525361594306,3.0788070668067604,59.22214943514559,2.1018256120869054,56.31969964506742,1.2869846528779618,38.33978410469197,2.382662476125489,-20.999568014324012,359.999884700375,62.535402458356074,1.138016809368139,-82.51139317045345,21.09184084782001,-0.0001801304961811,0.0065172565212188,32.33115583706217,1.4055968134518544,-113.59276989630143,5.075574872486797,-101.65389368119628,1.2335797154325974,-5.860237984593596,1.2026392017929295,-0.6234981391432427,0.8322858955115834,-16.93690290815481,1.3023969381414915,7.925823691729452,1.5306250835726845,-1.7756454334534908,1.0687295329896551,-20.930798478572974,5.8827999918663885,63.60040610014222,3.752296713089315,-63.06015807537186,3.890426709998046,-16.909714626031022,6.5288743644091625,76.4963845464501,2.1076586955753527,61.73108407482308,5.732120271272073,70.24642731321634,4.823143129888493,-62.60912426361861,2.823516069201077,78.9902430188266,2.318431939168619,-59.91561380753156,7.305254270049453,-78.80150335571297,2.3154927912760996,-56.588665499815455,7.098822227703323,-13.485910013354978,2.6347253963690243,7.8173602187568845,1.6650410403587532,5.983771419818073,2.648111235142379,5.553047206594394,2.4467351244775584,6.538932672623514,1.842949664903653,-13.630988339767246,2.4831915209589326,-68.21988372021085,3.0258310572928337,56.13210470262201,1.6945386052715676,-66.61364639508727,5.178856892555032,21.337326884996873,2.7567994569445773,-24.67225181684651,1.1076002654010502,-21.61288020242824,3.7139062263483886,-0.0020622446711414,0.0326558110557691,12.677761530478035,1.303508968779882,174.08913432042178,11.30905059152201,13.999279645376944,359.9999995473251,66.1602873388327,1.0821004558678735,83.67619800565771,16.010140235001714,-70.75161776239783,3.131761334678913,-5.844538435523405,1.7364212856929315,-0.1228294466614009,0.8364430627782895,18.3132242196267,2.0421038737707455,7.163589701312261,1.756586564301446,-1.3634646502323997,1.0080121148315837,10.33539076110083,110.6208361111111,9.576036111111112,1059.3091212413044,0.4893034259259259,0.5749217638888888,r_hand,7.05169949661539,3.988888888888889,3.855555555555555,4.083333333333333,0.36046527312940857,3.9626635290381635,67.65800373768263,5.856902820251444,5.514865414920706
ID014,KIB,3,True,180.0,1620,8.994444444444444,F,20,163.5,59.8,22.5,13,1 Dan,Goju-Ryu,Kata,International,5,7,Right,Right,Left,0.4224347297555108,0.5849852668797497,0.5926227653653554,0.4606263552534018,0.2357736789611431,0.495076369323022,0.1112491979048136,0.0718379597960078,2.413688363869019,0.4149625788054752,0.5847187969788638,0.5873461512598975,0.3742877951077861,0.469125524970565,0.2526406225965005,0.098966399256847,0.1372570715150672,3.137649615283088,6.406656874285072,4.632684582121376,72.30777655505814,1.416434582025076,-58.02305245581237,4.73846321617544,13.064342106923284,3.7925575795427737,62.83101193963475,2.9518567764937487,65.28645577103654,3.3435384339298224,76.53015605105348,5.9021759704966,-76.00917789733012,2.358626583066311,80.7916656734205,5.0330370501775406,-66.46264263725902,5.496701384352605,-62.94999462005504,2.603473785361978,-73.73134418730416,4.570506680541271,-9.522189131363325,2.592129260319412,8.997525359733451,1.5144541836459648,8.880099323034209,1.8257550079706313,10.913257088176,2.1288339513256016,10.779855146891665,1.4491388306420063,-11.865573969490695,1.708152194010605,-13.529200499694651,1.7673530187850126,-31.19313522305405,1.724724375534155,13.750784223847464,2.96883875893748,57.01112152600885,2.7429420441883963,57.31611734685169,1.414655736073044,35.19884171402664,3.4149609444948723,-3.999875604355947,359.9999753663991,62.652363382906586,0.9427507803017648,-80.6560040175531,14.724931953859397,0.0001202329656463,0.0052306677046258,33.9003693672034,0.8585755345009005,-116.87720768515273,6.500979569949635,-100.93110069305824,1.334031126748059,-5.860927869764796,0.8250468297168627,-0.8633843851258223,0.7459399099729304,-16.93996255239278,0.9753847137087348,8.100145084901294,1.5614279660056225,-1.2531687207647113,1.5083115377286076,-20.229132402510594,5.37070043688211,64.65282247849461,2.574593461479111,-62.720676195168465,3.4461721920739663,-18.53802926561585,5.454737208533352,74.76883245941232,2.205051160262869,62.81965131443041,4.641879388262161,73.60704609247587,4.240226576939321,-63.9814734011976,2.5350426865624343,83.33437158845858,2.5714149234119645,-67.15535906968181,4.386811855994438,-77.27206584763167,1.640648588480147,-64.90008518198688,4.087134981501094,-14.543174612533372,2.8868659055134405,8.57876745996438,2.3258665618229077,6.171203771417664,2.910561595554973,3.7174098635144848,1.717231769451451,8.916342608917045,2.49669694533455,-14.1202411517144,2.405648038685692,-71.1892827863273,4.159694203877834,55.32883215911399,1.8487410200306655,-70.65524283571506,7.65345987270328,20.90274224653601,1.7916688592411738,-25.815906102866,1.220114439116724,-21.54188247666278,2.064014349978663,-0.0013952745925932,0.0407783472153736,11.450783722928184,1.2136212318871884,176.15343859515667,9.787511592369611,-3.9997813014342487,359.9999985043289,65.87913800004762,1.1558547565615953,85.19037975636817,15.14616205243756,-70.95047235548905,2.4877386060247773,-5.7633987573201555,1.4922980045198857,-0.0970105183209417,0.8690140580336831,19.09420720390123,1.9647472249489264,6.950126275239024,1.4326039975163851,-0.9339941475765008,1.2357595975163982,10.533374113861736,107.87304444444445,9.965591666666674,1075.0187127735192,0.4052652268518518,0.598300574074074,r_hand,7.166735971048914,4.166666666666667,4.038888888888889,4.261111111111111,0.36246040695128773,4.0214299685717405,65.97739721372749,6.095163098878699,5.60483105719068
ID014,KIB,4,True,180.0,1620,8.994444444444444,F,20,163.5,59.8,22.5,13,1 Dan,Goju-Ryu,Kata,International,5,7,Right,Right,Left,0.4301049866749983,0.5807727425760861,0.5907820545335736,0.2666478053043319,0.4171869475235512,0.3352768030896125,0.0570694409424832,0.1419568594498883,2.3683737256650907,0.4316135048918083,0.5770166715425133,0.5823689224404244,0.3807908599188003,0.2842127164074837,0.3550534608324107,0.0959539758958002,0.0682903474734713,3.1965709854843274,9.44663168282806,4.02247402844332,72.52995174249776,1.6427852489334356,-60.149533869342235,3.676481359336229,11.401544203370054,2.5213862034830488,62.309454931592995,2.2303481117654727,67.49208238337698,2.324988670393637,70.8108273603678,4.919672500221694,-72.67037250433074,2.087100409557749,75.54125425539893,4.394487494560266,-62.243229411102384,5.019956224635926,-67.01259338924238,2.9829601274889086,-69.711064812413,4.082129207118683,-10.68840356413254,2.0712364114003083,8.217106277083385,1.9033504748047276,9.307701200947823,2.3269205508178583,12.163808600313605,3.30657347900981,8.388211911155382,1.0642229305648565,-13.006203608234912,1.6831140544300531,-13.870648984746405,2.204775907845475,-31.595868710463215,0.9872076497507224,14.035216221941164,2.837337555226293,64.02052880004914,2.008109909733612,54.49438846363442,1.2815091665416674,42.16197284904618,2.2766269788368163,-4.999846012194455,359.9998792167179,62.37591582095797,0.9655071494226988,-77.88830011417339,14.486545099405944,-5.659775675374991e-05,0.0079601292881729,30.25954666133571,1.0832642968775943,-113.49714697235888,5.978335603787286,-104.1843443815459,1.3561784820410736,-6.7615133754476195,1.3065386293977852,-1.2687478591588193,0.6729504384049293,-17.97299086839757,1.349790879733476,8.654806566087375,1.7686290053782443,-0.937265006793158,1.2489707939507957,-20.37385607581548,7.359675892058984,65.64236931184688,3.1008002209349854,-64.00275919346691,4.603870524747094,-23.077238987892898,5.450739122041071,74.45240728008805,2.387067602170788,67.35067704453382,4.202097936975221,73.94351135249023,4.839484284030107,-60.65148703135423,2.8101001404725494,82.82130354403765,3.5931091359099554,-56.91724231023526,11.023110848600936,-79.86794709832878,1.6339808241981617,-54.3529331424295,10.348637549060784,-15.48793249394181,3.3434292850013474,8.252568829684575,2.1747354882467196,5.577580133356911,3.652503689291396,5.3647433342131094,2.4837464151519884,6.885900295831058,1.9948504729706384,-15.77801320749214,2.0187106303612907,-70.66396967462711,2.5304182181075845,56.41039620930297,2.465809825018475,-69.6709149194414,6.639461502241588,22.06852744903336,2.6404325517658833,-24.447655314959317,1.7776485827996673,-23.17496458296012,3.969088093803947,-0.0021252109636369,0.0202314034396683,11.673883224935269,1.0885493367771115,174.03527684720953,359.9400503711371,29.99911392941371,359.99999872435967,66.00025296445516,1.4143084595724955,79.38894755016696,13.1366852893198,-72.5246029047419,2.9595961819911025,-6.998361406837687,1.417910350318551,0.2529103454890605,0.833444093661589,18.928224844539905,1.4847784212315602,7.721846003181086,1.7050119853104857,-1.545757821770774,0.9846395148162372,10.401009041227486,110.3922972222222,9.038472222222204,997.7777119903528,0.4088030416666667,0.592020875,r_hand,7.381739591164079,3.794444444444444,3.655555555555555,3.8833333333333337,0.3613345899287912,3.732486835153617,67.51822460074752,5.5281175671083815,5.772977194051018
ID014,KIB,5,True,180.0,1620,8.994444444444444,F,20,163.5,59.8,22.5,13,1 Dan,Goju-Ryu,Kata,International,5,7,Right,Right,Left,0.4106512399668567,0.577893447395243,0.5947431606301941,0.2043788544237035,0.4380659380746388,0.295984582175901,0.0462248210859059,0.1303166967223153,2.2483894414443673,0.4079460499253821,0.5765508128794683,0.5882341610857736,0.4201851252084165,1.312985421735846,0.4722664727359826,0.1200882773392069,0.4375676197722265,3.4005109931224813,7.0940043148423735,5.13685834522511,70.86899377598715,2.21889892916316,-58.95665971308372,4.023749966150753,12.477741300860398,3.4622154719640683,62.34458257495531,2.8607340802599452,64.65443996831952,3.4636919310163137,64.34674984891876,3.908001230770168,-75.87858540685103,1.861739387984116,69.92115955599154,3.454764066388776,-62.717569138664494,3.5308734334281695,-65.67772432397653,2.7186295392442332,-69.72030821891985,2.8567537719974467,-9.34590737535508,2.153668415157881,7.404566101833313,1.1708145984643543,10.14054168761546,1.315250176568144,13.85013895459544,3.2091474862595177,9.2010034992173,1.2312837030658326,-12.23847496376695,1.6253524129012789,-14.314694792522024,2.0928369704204446,-30.805796188927964,1.020262975210219,14.451595503379124,2.7504086809327006,58.538084825730735,2.404024359146554,55.084678703824125,1.3943339298246755,38.08399515575197,3.264734060578313,-40.99862514151429,359.999949378858,62.717114422145315,1.4267481534604158,-82.24201621468363,10.84259024185583,-0.0001803556302024,0.0061298737563444,33.3671404050922,1.079324817000483,-118.4393570649892,5.286062074177991,-101.67950802174526,1.426235386432012,-6.012325126403419,1.5403334494862282,-1.03768122934618,0.7124706963696005,-17.919807803339452,1.807248103832119,8.456960272793763,1.6089127388602176,-0.3464058548723358,1.0776301091026863,-22.74998720316685,7.748655044724433,63.39853111680238,3.29526743590391,-61.953143227253086,5.025972845897492,-21.445767316765306,5.267169482197353,75.9813737961387,2.137935977935072,63.847623282280985,5.734718327237289,68.59261575396708,4.390573091715552,-63.89642534323668,3.8841597046096794,79.10532704677728,4.137778192964063,-57.59426022343535,10.518523126908278,-79.26913077462784,2.2141887401804894,-54.03510423772511,10.66398179361464,-14.7376994545526,4.119622301264375,6.691883043790311,1.7610723316032395,6.871503123799049,3.195699624735922,5.530704464809462,3.3312146137170533,7.048329120234962,2.117203336115807,-14.245221042657448,2.1339727849480337,-70.835407951963,3.873946258658578,54.404956512559174,3.021919690431673,-72.81119609172762,8.217862357999408,22.242558874784297,2.0973221119298557,-25.80714432269876,1.714548414948041,-22.337413030120892,3.318009274905311,-0.0008490023918853,0.0348726014859174,11.433876727431953,2.027302694929208,174.78800538982958,359.9840949286805,-0.6664217027204047,359.99999754045507,65.0104567325447,1.4779240566167149,85.55972434742047,21.230307131245155,-69.88372887722042,2.515698749089097,-6.481665414727532,1.940656702477006,-0.4579835991049995,0.8087995964607202,18.654034233722527,2.308766851404524,7.593509373940185,2.29983210619664,-0.7987699136101186,1.0159084365595974,10.585711496253111,110.08141666666668,9.016224999999997,992.518820985416,0.3936933425925926,0.5889213935185186,r_hand,7.121394337644225,4.177777777777778,4.0,4.266666666666667,0.3637572847891095,3.712814375839729,67.32808358817535,5.5145107033639125,5.569371093810284
